W_S,W_S_max,WTO,S,b,c_root,S_vert,S_orizz,CL_crociera,CD,Cd0,Cdi,E_crociera,P_curr,P_tot,P_ice,P_em,phi_ice_cl,phi_ice_cr,phi_ice_de,Hp,E_batt_inst,OEW,W_wing,W_fus,W_tail,W_LG,W_propuls,W_fuelsys,W_hydr,W_battery,W_fuel,V_fuel,W_block_fuel,W_payload,ADP,flight_cost,electricity_cost,maintenance_cost,CO2
300,398.7697181,24520.01016,81.65245036,28.57489289,4.395104009,16.33049007,24.49573511,0.564645137,0.027664404,0.01729217,0.010372234,20.41052947,4242928.354,5093551.446,2948898.205,2144653.24,0.3,0.1,0.3,0.4,2935794.838,21139.63285,3378.27787,2040.943527,1273.725666,967.6024381,1547.205776,183.0723225,924.1628728,7339.487095,590.3773129,737.9716411,283.9788972,2790,35.62268037,1744.344092,1467.897419,636.6211888,897.3733151
,,,,,STABILITà:,25.6507,29.9754,,,,,,,,,,,,,,,,,,,,,,,,,,,,,,,,
,,,,,,0.31414489,0.36710962,,,,,,,,,,,,,,,,,,,,,,,,,,,,,,,,
