W_S,W_S_max,WTO,S,b,c_root,S_vert,S_orizz,CL_crociera,CD,Cd0,Cdi,E_crociera,P_curr,P_tot,P_ice,P_em,phi_ice_cl,phi_ice_cr,phi_ice_de,Hp,E_batt_inst,OEW,W_wing,W_fus,W_tail,W_LG,W_propuls,W_fuelsys,W_hydr,W_battery,W_fuel,V_fuel,W_block_fuel,W_payload,ADP,flight_cost,electricity_cost,maintenance_cost,DOC,PREE,CO2
280,398.769718124363,19632.7611662169,70.0467536998006,27.7581391793075,3.75714653965245,14.0093507399601,21.0140261099402,0.527002128150666,0.0263553955905784,0.0180887617775185,0.00826663381305989,19.9959862616921,3021266.54018498,3626970.63647657,2672504.67950905,954465.956967518,0.2,0.3,0.4,0.25,948912.965232782,15290.0484400192,2927.39073878854,2185.31150416717,1092.68426849852,774.730495260643,1236.9910735834,178.066645200398,795.707909956856,2201.70023287707,622.712726197685,778.390907747106,254.003343305489,3720,23.2747930075937,1908.61515513255,474.456482616391,618.749410445296,0.306559961195091,0.366136912962399,802.650564845344
280,398.769718124363,19276.0634410876,68.7847691306488,27.5069529471575,3.72711833539415,13.7569538261298,20.6354307391946,0.527002128150666,0.0264614536459277,0.0181948198328678,0.00826663381305989,19.9158419337922,2966834.44231291,3561625.98116796,2624355.98612376,937269.995044201,0.2,0.3,0.5,0.25,855906.514600218,14924.1087136996,2848.91007212085,2185.31150416717,1072.99812156144,760.772467461522,1215.96807023728,176.525893429076,781.739926338549,1985.90349332408,631.954727387998,789.943409234997,268.433590463312,3720,22.8725513559596,1911.83291219012,427.953257300109,611.568764544701,0.306079277455798,0.346454405499266,848.250145864065
280,398.769718124363,19194.9165331473,68.4974619838491,27.4494459292413,3.72024483057738,13.6994923967698,20.5492385951547,0.527002128150666,0.0264861024723913,0.0182194686593314,0.00826663381305989,19.8973076049979,2954442.26960635,3546749.42329694,2613394.31190301,933355.111393932,0.3,0.3,0.4,0.25,834825.402806039,14841.1238719918,2831.15909458372,2185.31150416717,1068.51631501148,757.594742704906,1211.17912208368,176.173064113399,778.559933795044,1936.99037858425,633.792661155526,792.240826444407,271.460767618093,3720,22.7810861203629,1912.44340320625,417.41270140302,609.936838985239,0.305955381228782,0.342590941652526,857.816025673174
280,398.769718124363,18854.5864947497,67.2916827770406,27.2067732476206,3.69124452631752,13.4583365554081,20.1875048331122,0.527002128150666,0.0265916659448027,0.0183250321317428,0.00826663381305989,19.8183193653449,2902434.42941444,3484315.04131385,2567390.03044179,916925.010872067,0.3,0.3,0.5,0.25,745829.732661824,14491.9387653354,2756.97573843884,2185.31150416717,1049.70693554746,744.25837754097,1191.0692563222,174.68380787471,765.214046198876,1730.49958874294,642.64772941429,803.309661767862,285.276056709692,3720,22.3953105228145,1915.52747995796,372.914866330912,603.05813866819,0.305495107444468,0.32600001932388,901.472339202627
280,398.769718124363,18777.1279159741,67.017071142381,27.1512022305862,3.6846047468859,13.4034142284762,20.1051213427143,0.527002128150666,0.0266161977819427,0.0183495639688828,0.00826663381305989,19.8000530529647,2890589.84134262,3470095.84795032,2556912.73006866,913183.117881664,0.4,0.3,0.4,0.25,725650.725133436,14412.7231657932,2740.18885436423,2185.31150416717,1045.42317081476,741.221072138169,1186.48669429848,174.342692432997,762.174570988098,1683.67956709472,644.40475018089,805.505937726112,288.170610376408,3720,22.3075597904419,1916.11069330279,362.825362566718,601.49432354996,0.305376164081213,0.322725485012242,910.61912878945
280,398.769718124363,18441.9238300476,65.7871528925574,26.9009048512895,3.65470403721177,13.1574305785115,19.7361458677672,0.527002128150666,0.0267283900782084,0.0184617562651486,0.00826663381305989,19.716942419975,2837540.83251517,3406411.56364366,2509987.46794796,896424.0956957,0.4,0.3,0.5,0.25,640184.153856838,14069.728472389,2665.42067267391,2185.31150416717,1026.23723781805,727.617730232796,1165.95041498581,172.805892853135,748.561505990845,1485.37711283673,652.195357658528,815.24419707316,301.06017074436,3720,21.926029258783,1918.80177869734,320.092076928419,594.695806411369,0.304877947823371,0.30890834802246,951.350139552178
280,398.769718124363,21086.4593683356,75.2345123528112,28.7676838810656,3.87791514687975,15.0469024705622,22.5703537058433,0.527002128150666,0.0259539593479318,0.0176873255348719,0.00826663381305989,20.3052690761289,3245025.68402865,3895589.05645696,2665403.03862845,1230186.01782852,0.2,0.15,0.4,0.3,1340920.33847499,16783.7391924842,3257.34843339454,2185.31150416717,1173.60996411613,832.109164206609,1283.15472352061,184.252964990333,853.127413849593,3111.24911310041,582.72017585143,728.400219814288,192.77284925276,3720,24.823843667498,1894.28946615129,670.460169237494,648.188424498816,0.308393151551078,0.482433083084538,609.162203638723
280,398.769718124363,20699.283599565,73.8640244599775,28.5044605116419,3.84641441290501,14.7728048919955,22.1592073379933,0.527002128150666,0.0260549682078506,0.0177883343947907,0.00826663381305989,20.2265504201182,3185913.60537198,3824626.17691715,2616849.48946963,1207776.68744752,0.2,0.15,0.5,0.3,1241009.54507752,16386.7500709561,3169.1246691692,2185.31150416717,1152.23123517339,816.951010083866,1261.13780263564,182.640910870578,837.958486349112,2879.43268193154,592.53352860886,740.666910761074,208.213345555258,3720,24.3956173193187,1897.70654091397,620.504772538761,640.48866089251,0.307873677256156,0.446657248371809,657.954171954614
280,398.769718124363,20679.986653969,73.7956788730849,28.4912700244116,3.84483608682133,14.759135774617,22.1387036619255,0.527002128150666,0.0260600955766176,0.0177934617635577,0.00826663381305989,20.2225708114255,3182965.71380041,3821087.29147708,2614428.14680011,1206659.14467697,0.2,0.2,0.4,0.3,1236063.76717013,16367.0647973616,3164.75313635562,2185.31150416717,1151.16508801204,816.195080332791,1260.03926500915,182.56011142314,837.202019066203,2867.95731931196,592.921856607354,741.152320759192,208.885279375772,3720,24.3743321823576,1897.83061908943,618.031883585065,640.106072593216,0.30784232093558,0.4452204591818,660.077482827441
280,398.769718124363,20308.3328152682,72.478655613812,28.2358851774109,3.81428186970329,14.4957311227624,21.7435966841436,0.527002128150666,0.0261606335325893,0.0178939997195294,0.00826663381305989,20.1448534300272,3126159.67932035,3752892.77229334,2567768.73893755,1185124.03335579,0.2,0.2,0.5,0.3,1139897.11007486,15985.9525847971,3080.75417025688,2185.31150416717,1130.62037293756,801.628276984405,1238.85975713755,180.995404502205,822.624852466758,2644.82816091783,602.380230471102,752.975288088878,223.753955638345,3720,23.9614737859136,1901.1254298351,569.948555037428,632.689001923409,0.307342306074412,0.415635110157857,707.062499817171
280,398.769718124363,19903.3121641724,71.0028937206418,27.9469467192225,3.77972317433007,14.2005787441284,21.3008681161925,0.527002128150666,0.0262773570502123,0.0180107232371524,0.00826663381305989,20.0553703762384,3062506.90751277,3676478.88056755,2515485.54986201,1160993.33070554,0.2,0.3,0.4,0.3,1037255.52969307,15571.711940177,2987.60942787134,2185.31150416717,1107.59943735463,785.305772190461,1215.10312664181,179.224368073006,806.290724100847,2406.67566463065,611.600223995393,764.500279994241,239.079745902509,3720,23.5101958567309,1904.2939261955,518.627764846533,624.584768148286,0.306743619406515,0.388991546100786,755.491997051928
280,398.769718124363,19562.0632357493,69.7967437761914,27.7085579115569,3.7512186466739,13.9593487552383,20.9390231328574,0.527002128150666,0.0263761256696137,0.0181094918565538,0.00826663381305989,19.9802705959121,3010483.07661218,3614025.30205544,2472754.15403793,1141271.14801751,0.2,0.3,0.5,0.3,948132.272976975,15221.570482726,2912.07889464511,2185.31150416717,1088.78427462204,771.965290026729,1195.66709360556,177.762567324147,792.940733081044,2199.88884407283,620.492753023233,775.615941279041,252.926919751048,3720,23.1277572370696,1907.39731658985,474.066136488487,617.727064388052,0.306288235100097,0.36769514329095,799.24906641331
280,398.769718124363,20611.2382002062,73.5521570338471,28.4442213353138,3.83920658314291,14.7104314067694,22.0656471101541,0.527002128150666,0.0260784360076693,0.0178118021946094,0.00826663381305989,20.2083486906839,3172462.09520522,3808477.90540843,2605800.67212156,1202677.23328687,0.3,0.15,0.4,0.3,1218360.46475793,16296.7360067112,3149.17846026678,2185.31150416717,1147.36630407536,813.501630799168,1256.12463104986,182.271897279397,834.506654048024,2826.88151312981,594.502193495027,743.127741868784,211.470574469942,3720,24.2982615998913,1898.36277422841,609.180232378965,638.738939941983,0.307741041255854,0.439777497333175,668.247015325017
280,398.769718124363,20242.1796693357,72.244092084111,28.1901580862049,3.80881194114366,14.4488184168222,21.6732276252333,0.527002128150666,0.0261788927090474,0.0179122588959875,0.00826663381305989,20.1308028573926,3116042.45180585,3740747.24106345,2559458.63862236,1181288.60244109,0.3,0.15,0.5,0.3,1122819.41421186,15918.2757381639,3065.88295412109,2185.31150416717,1126.96133286319,799.033911640584,1235.08552077406,180.715175493276,820.028640420744,2605.2039083929,603.903931171858,754.879913964823,226.246187359138,3720,23.8879764464251,1901.63836784942,561.40970710593,631.369206601732,0.30724443727139,0.411056650658045,714.937952054877
280,398.769718124363,20223.7790610496,72.1788405957507,28.177424413052,3.80728877100212,14.4357681191501,21.6536521787252,0.527002128150666,0.0261839914933701,0.0179173576803102,0.00826663381305989,20.1268828048659,3113228.0153321,3737368.56582485,2557146.91345911,1180221.65236574,0.3,0.2,0.4,0.3,1118089.13861222,15899.5048085512,3061.75411554488,2185.31150416717,1125.94345164726,798.312204443737,1234.03547794323,180.6371362554,819.306419450087,2594.22856157936,604.274252498414,755.342815623018,226.887488333054,3720,23.8675790082209,1901.75652128632,559.044569306111,631.002946624859,0.307214342867004,0.409894792715423,716.96446313245
280,398.769718124363,19857.8244109991,70.8422022388685,27.9153044874591,3.77593923348718,14.1684404477737,21.2526606716606,0.527002128150666,0.0262903367565209,0.018023702943461,0.00826663381305989,20.0454689124494,3055575.93967299,3668158.39096398,2509792.58329114,1158365.80767283,0.3,0.2,0.5,0.3,1025412.20739563,15525.1030421486,2977.51502323446,2185.31150416717,1105.09275367636,783.528462155598,1212.51475290704,179.030369510339,804.512147690424,2379.19638421644,612.721368850497,765.901711063121,240.862635796089,3720,23.4593705039128,1904.67830416048,512.706103697813,623.673036347268,0.306679653339365,0.386112190845293,761.125929115642
280,398.769718124363,19484.32145185,69.5217600786253,27.6539212565755,3.74468671625957,13.9043520157251,20.8565280235876,0.527002128150666,0.0263990851508691,0.0181324513378092,0.00826663381305989,19.9628936055505,2998622.44067017,3599786.84354162,2463012.05084427,1136774.79269735,0.3,0.3,0.4,0.3,927903.216840597,15142.0526719196,2894.96542239512,2185.31150416717,1084.4947059475,768.923865709614,1191.23346832476,177.427457439975,789.897139778246,2152.952697937,622.268779930373,777.835974912966,255.840130567321,3720,23.0406827268484,1907.98960201379,463.951608420299,616.166427975466,0.306170777711659,0.363508257261181,808.454812592736
280,398.769718124363,19157.8454832355,68.3661786778783,27.423128294501,3.71709937692892,13.6732357355757,20.5098536033635,0.527002128150666,0.0264974292295529,0.018230795416493,0.00826663381305989,19.8888021771899,2948779.73938669,3539951.6679312,2422072.19384766,1117879.47408354,0.3,0.3,0.5,0.3,842409.742238054,14807.037538792,2823.33192935886,2185.31150416717,1066.46837994562,756.142700272118,1172.59142807861,176.011583706079,777.106854960339,1954.58782166438,630.80794444354,788.509930554424,269.12903623276,3720,22.6730162271696,1910.9706203229,421.204871119027,609.580622410248,0.305733530368558,0.345559146280922,850.447754495522
280,398.769718124363,20158.2125175536,71.9463062215395,28.1319990124579,3.80185526513467,14.3892612443079,21.5838918664618,0.527002128150666,0.0262022310042407,0.0179355971911808,0.00826663381305989,20.1128723758436,3103198.3096407,3725328.10280996,2548908.70192261,1176419.40088736,0.4,0.15,0.4,0.3,1101152.64442651,15832.4263501559,3047.04106409355,2185.31150416717,1122.31606509235,795.7402827411,1230.29306633518,180.358730752231,816.732666641161,2554.93193000297,605.786167397759,757.232709247199,229.35964971326,3720,23.7946640865468,1902.26557750968,550.576322213253,629.693864472993,0.307117302684935,0.40547672668783,724.776493093903
280,398.769718124363,19795.0626733716,70.6204441405101,27.8715784545047,3.77071046425425,14.124088828102,21.186133242153,0.527002128150666,0.0263083383675027,0.0180417045544428,0.00826663381305989,20.0317527009476,3046011.0378439,3656675.91577899,2501936.15290142,1154739.76287758,0.4,0.15,0.5,0.3,1009094.82738325,15460.866578508,2963.60801619964,2185.31150416717,1101.63347008804,781.075731917773,1208.94221931875,178.762269221032,802.057669592345,2341.33624246531,614.19609486356,767.74511857945,243.252744015583,3720,23.3892763254075,1905.17553748228,504.547413691624,622.415792118549,0.306587466831211,0.382318400461877,768.678671089241
280,398.769718124363,19777.6031671644,70.5587448255438,27.859400443674,3.76925425938678,14.1117489651088,21.1676234476631,0.527002128150666,0.0263133654480334,0.0180467316349735,0.00826663381305989,20.0279257015393,3043349.81421805,3653481.16952947,2499750.27388859,1153730.89564089,0.4,0.2,0.4,0.3,1004575.25666456,15443.0491299128,2959.74624796454,2185.31150416717,1100.67100049053,780.393313706217,1207.9481337708,178.687598092049,801.374765029345,2330.84978030447,614.554037251531,768.192546564413,243.866887594246,3720,23.3698226468347,1905.28989179913,502.287628332278,622.066877884774,0.306559015582029,0.381355586719656,770.619364797817
280,398.769718124363,19440.8173277949,69.3678478063691,27.6232931756889,3.74102523820629,13.8735695612738,20.8103543419107,0.527002128150666,0.0264120091309272,0.0181453753178674,0.00826663381305989,19.9531253203139,2991983.87465919,3591817.37654164,2457559.25763375,1134258.11890789,0.4,0.2,0.5,0.3,916546.574853263,15097.4735925285,2885.39531890119,2185.31150416717,1082.09377357391,767.2215376003,1188.75149511392,177.2395896308,788.193597476635,2126.60262978077,623.343735266357,779.179669082946,257.549334856052,3720,22.9918369349651,1908.35813726984,458.273287426631,615.291129932286,0.30610930926248,0.361095865582332,813.855898145125
280,398.769718124363,19083.4398670732,68.1026414218786,27.3702220604924,3.71077637429544,13.6205282843757,20.4307924265636,0.527002128150666,0.0265202881188414,0.0182536543057816,0.00826663381305989,19.8716592289303,2937412.81298984,3526305.89794698,2412735.61438478,1113570.2835622,0.4,0.3,0.4,0.3,822998.833894426,14730.9300996629,2807.09487732252,2185.31150416717,1062.35736839142,753.22788000462,1168.33763742414,175.686939661032,774.189953942214,1909.54996994735,632.50976741032,790.637209262899,271.921480345391,3720,22.5892809518562,1911.53780645157,411.499416947213,608.081446084011,0.305620483409408,0.342010494654092,859.271877891434
280,398.769718124363,18770.8174281721,66.9946918015451,27.1466684846777,3.68406306177039,13.398938360309,20.0984075404635,0.527002128150666,0.0266182051799952,0.0183515713669353,0.00826663381305989,19.7985598422967,2889624.57243167,3468937.06174271,2373483.25277132,1095453.80897138,0.4,0.3,0.5,0.3,740913.275060166,14410.0984716515,2739.09203606324,2185.31150416717,1045.07406750334,740.973548438265,1150.44433071205,174.3148612704,761.926870442603,1719.09225609696,640.718956520578,800.898695650722,284.687187670526,3720,22.2355254583487,1914.40447937537,370.456637530083,601.75171226922,0.305200426949483,0.326674343025337,899.611513038863
280,398.769718124363,23187.3356359333,82.7514539033408,30.1706147258678,4.0459400339979,16.5502907806682,24.8254361710023,0.527002128150666,0.0254547305573214,0.0171880967442615,0.00826663381305989,20.7035044807845,3569247.47578324,4284810.895298,2480679.99201463,1804130.90328337,0.1,0.1,0.2,0.4,1913616.49377332,18943.9495535169,3755.45614197919,2185.31150416717,1290.86941363592,915.249780905895,1315.43302269076,192.834110550177,936.326938633122,4440.03826941551,523.386082416454,654.232603020567,102.791217432878,3720,26.9565975202211,1872.7007636907,956.808246886658,690.427780591267,0.31089799935272,0.904746556394555,324.820247087893
280,398.769718124363,22767.2035121276,81.2253025717817,29.891107846475,4.0124475084555,16.2450605143563,24.3675907715345,0.527002128150666,0.0255492470110456,0.0172826131979857,0.00826663381305989,20.626914285295,3503421.29955444,4205787.87461517,2434929.82214563,1770858.05246955,0.1,0.1,0.3,0.4,1808912.19541685,18514.3673785163,3652.66699886802,2185.31150416717,1267.06243524989,898.369863759455,1292.66282822083,191.125909887277,919.435086450964,4197.09978451652,532.836133611296,666.045167014119,118.530046208794,3720,26.5049988849642,1875.97045570452,904.456097708426,682.208657635347,0.310297651710669,0.784611184881997,374.55494601979
280,398.769718124363,22378.7178327222,79.8505471020966,29.6370716860331,3.98201408839194,15.9701094204193,23.955164130629,0.527002128150666,0.025637204771583,0.0173705709585231,0.00826663381305989,20.5561461495525,3444125.15116622,4134604.02300867,2393718.11858397,1740885.9044247,0.1,0.1,0.4,0.4,1709470.75428586,18116.1861764275,3560.7842229462,2185.31150416717,1245.61713485531,883.164463532255,1272.1309520515,189.572763391143,904.21892426552,3966.37236048767,542.531656294695,678.164570368368,133.859996584473,3720,26.0853165250144,1879.35315958346,854.735377142929,674.580357883827,0.309782676655754,0.694755732653196,422.997589206936
280,398.769718124363,22004.165805397,78.5238047552665,29.3898256597063,3.95240073246734,15.7047609510533,23.5571414265799,0.527002128150666,0.0257247542374749,0.017458120424415,0.00826663381305989,20.4861870899022,3386899.91161975,4065906.25644627,2353945.72741626,1711960.52903001,0.1,0.1,0.5,0.4,1613349.74281893,17732.2501399429,3472.83525996778,2185.31150416717,1224.92080827114,868.490119352126,1252.29731901747,188.060568397932,889.534184198774,3743.34911063756,551.91566545412,689.89458181765,148.683921741627,3720,25.6791513647395,1882.6287427674,806.674871409464,667.20241710487,0.309285075873396,0.625487940529367,469.841192703542
280,398.769718124363,21642.8142989398,77.2426822679603,29.1490909797812,3.92357370025792,15.4485364535921,23.1728046803881,0.527002128150666,0.0258118997421177,0.0175452659290578,0.00826663381305989,20.417022126068,3331642.35434072,3999570.65347025,2315540.90464067,1684029.74882958,0.1,0.1,0.6,0.4,1520380.03450825,17361.8094800373,3388.59169064411,2185.31150416717,1204.93612212995,854.320359673155,1233.12774900567,186.587659912937,875.354376970414,3527.63762187323,561.004818902491,701.256023628114,163.028042398539,3720,25.2858348710011,1885.80283354673,760.190017254123,660.062499962565,0.308804035823813,0.570454006757022,515.168613979382
280,398.769718124363,22359.325908196,79.7818872547555,29.6243271620186,3.98048747974437,15.9563774509511,23.9345661764266,0.527002128150666,0.0256416702027766,0.0173750363897167,0.00826663381305989,20.552566349348,3441163.7048683,4131048.86538812,2391659.86943522,1739388.99595289,0.1,0.15,0.3,0.4,1704537.34747941,18096.402561319,3556.22241513154,2185.31150416717,1244.54608543325,882.405055688963,1271.10500475201,189.494829515955,903.458978663697,3954.92570171854,542.923346876988,678.654183596235,134.535818391294,3720,26.064419734344,1879.47968218293,852.268673739707,674.200614539834,0.309751961917298,0.69126572471215,425.133186116489
280,398.769718124363,21985.4629838108,78.4575232125897,29.3774191401914,3.95091494364444,15.6915046425179,23.5372569637769,0.527002128150666,0.0257291989970026,0.0174625651839427,0.00826663381305989,20.4826480689143,3384041.04669676,4062474.24573441,2351958.77384624,1710515.47188817,0.1,0.15,0.4,0.4,1608580.11124394,17713.1694774393,3468.46723483127,2185.31150416717,1223.88685887092,867.757017075098,1251.30597620257,187.98467349258,888.800562310729,3732.28244874743,552.293506371523,690.366882964403,149.3362111694,3720,25.658923051251,1882.75067696474,804.290055621968,666.835055745528,0.309255306467634,0.622755855875471,471.902427295306
280,398.769718124363,21624.7645694744,77.178661122976,29.1370086376885,3.92212705794067,15.4357322245952,23.1535983368928,0.527002128150666,0.0258163240671831,0.0175496902541233,0.00826663381305989,20.4135231173587,3328880.9852124,3996255.68452869,2313621.71209556,1682633.97243313,0.1,0.15,0.5,0.4,1515765.88799798,17343.3949973658,3384.40626535545,2185.31150416717,1203.93743347872,853.61225881122,1232.16932571791,186.513721370773,874.645773770165,3516.93172173444,561.369572108603,701.711965135754,163.658034370397,3720,25.2662421647136,1885.92043051224,757.88294399899,659.706913955127,0.308775168634468,0.568258077629839,517.159388610455
280,398.769718124363,21264.0559847155,75.8626102543141,28.8875182872717,3.89225881008015,15.1725220508628,22.7587830762942,0.527002128150666,0.0259087866172093,0.0176421528041494,0.00826663381305989,20.3406719093752,3272116.89202244,3928111.51503295,2274169.82449276,1653941.69054019,0.1,0.15,0.6,0.4,1424914.85828902,16974.4394099082,3298.68730006286,2185.31150416717,1183.40788707185,839.056186170942,1212.4574810051,184.986649354402,860.079369850754,3306.13606333782,569.616574807236,712.020718509045,177.337625194108,3720,24.8725176096041,1888.78106935203,712.45742914451,652.559433668375,0.308255190644141,0.524423398013846,560.386895613382
280,398.769718124363,21966.7953509256,78.3913633998849,29.3650301787472,3.94943127442377,15.678272679977,23.5174090199655,0.527002128150666,0.0257336424480096,0.0174670086349497,0.00826663381305989,20.4791113117929,3381187.43224824,4059048.53811313,2349975.46943392,1709073.06867921,0.1,0.2,0.3,0.4,1603818.8208414,17694.1245852836,3464.10901095757,2185.31150416717,1222.85480837992,867.025261207674,1250.316407009,187.908884588638,888.068287762656,3721.23514033018,552.670765642027,690.838457052534,149.987419333189,3720,25.638728944703,1882.87243441301,801.909410420701,666.468327631355,0.309225592433159,0.620052004451157,473.960245092877
280,398.769718124363,21606.7482212641,77.1147557658138,29.1249431488536,3.9206824499413,15.4229511531628,23.1344267297442,0.527002128150666,0.0258207470977843,0.0175541132847244,0.00826663381305989,20.4100263309534,3326124.61026089,3992946.71099747,2311705.99057748,1681240.72041999,0.1,0.2,0.4,0.4,1511159.66741598,17325.0144429663,3380.23008311709,2185.31150416717,1202.94055104298,852.905438633753,1231.21259104826,186.439884616779,873.93845214058,3506.2442116048,561.733778297851,702.167222872314,164.287003665948,3720,25.2466820123611,1886.03786171039,755.579833707989,659.351930676858,0.308746354446972,0.566082513678934,519.146931584395
280,398.769718124363,21246.7627746798,75.8014635877793,28.8758740034925,3.89086496583138,15.1602927175559,22.7404390763338,0.527002128150666,0.0259131541164285,0.0176465203033686,0.00826663381305989,20.3372436169998,3269479.50530732,3924945.38452259,2272336.80156571,1652608.58295688,0.1,0.2,0.5,0.4,1420467.58395121,16956.7909605105,3294.72414036048,2185.31150416717,1182.45403843413,838.379878713282,1211.54115677806,184.915363283572,859.402582148788,3295.81734570619,569.971814169319,712.464767711649,177.946149569601,3720,24.8536705785849,1888.89575053252,710.233791975604,652.217660736927,0.308227645255832,0.522630021638227,562.309832639941
280,398.769718124363,20912.8859336993,74.6202916963024,28.6500123675248,3.86383201847371,14.9240583392605,22.3860875088907,0.527002128150666,0.0259988080876471,0.0177321742745872,0.00826663381305989,20.2702418654747,3218533.03133909,3863785.15166757,2236928.24570228,1626856.90596529,0.1,0.2,0.6,0.4,1333823.35924027,16614.3312210084,3218.34565830267,2185.31150416717,1164.02851724951,825.315632381959,1193.83223116253,183.532392040094,846.329054917276,3094.78245977572,578.554712690871,723.193390863588,191.37388659926,3720,24.4873551664112,1891.8987178295,666.911679620137,645.578018653573,0.30778653007341,0.485959718186335,604.741481653662
280,398.769718124363,21212.268596606,75.6794867181817,28.8526316633336,3.8880828580275,15.1358973436363,22.7038460154545,0.527002128150666,0.0259218858346194,0.0176552520215595,0.00826663381305989,20.3303930706631,3264218.38162454,3918629.50975335,2268680.24248878,1649949.26726457,0.1,0.3,0.3,0.4,1411595.22767025,16921.5878939574,3286.8229528624,2185.31150416717,1180.55127778513,837.030764076036,1209.71312565555,184.773070362588,858.052509447427,3275.23140199409,570.680702648593,713.350878310741,179.160310419982,3720,24.8160666686491,1889.12462636089,705.797613835124,651.535784349191,0.30817269796576,0.519088182990933,566.146580927144
280,398.769718124363,20879.5296687512,74.5022210968225,28.6273371459004,3.86111839839563,14.9004442193645,22.3506663290467,0.527002128150666,0.0260075070114042,0.0177408731983443,0.00826663381305989,20.2634619273419,3213440.39345444,3857671.54076163,2233388.78675673,1624282.7540049,0.1,0.3,0.4,0.4,1325226.0450135,16580.2899822112,3210.75576969087,2185.31150416717,1162.18669189987,824.009723468619,1192.06116675337,183.393523168075,845.02221786106,3074.83467802046,579.239686540016,724.04960817502,192.548241833367,3720,24.450864799545,1892.11961040395,662.613022506752,644.916780982414,0.307733117844087,0.482995841013615,608.452444193439
280,398.769718124363,20557.6735087042,73.3623760914487,28.407501421384,3.83481313356945,14.6724752182897,22.0087128274346,0.527002128150666,0.0260928065592471,0.0178261727461872,0.00826663381305989,20.1972189903773,3164276.43661367,3798651.18441017,2199219.10676378,1599432.07764639,0.1,0.3,0.5,0.4,1241499.29167178,16250.1296428432,3137.66027613469,2185.31150416717,1144.40584353627,811.402577434156,1174.95519558481,182.04694129483,832.40610768693,2880.56900868662,587.543865860957,734.429832326197,205.52982498116,3720,24.096351817179,1895.02622671434,620.749645835892,638.4959150249,0.30730685237763,0.452489073099365,649.474246940467
280,398.769718124363,20246.1810912281,72.2582715968549,28.1929244237877,3.8091428462313,14.451654319371,21.6774814790565,0.527002128150666,0.0261777858349003,0.0179111520218404,0.00826663381305989,20.131654047229,3116654.04456563,3741481.44605718,2166120.837191,1575360.60886618,0.1,0.3,0.6,0.4,1160292.23604953,15930.5752458701,3067.38022110725,2185.31150416717,1127.18252413461,799.190742647092,1158.37116065088,180.732128988341,820.185583070094,2692.14962795773,595.605845358087,744.507306697609,218.124360982638,3720,23.7520493909645,1897.848790102,580.146118024765,632.264346180489,0.306893352641672,0.42636228058636,689.272980705136
280,398.769718124363,22290.2317000317,79.5372222150802,29.5788682063037,3.97504229939745,15.907444443016,23.8611666645241,0.527002128150666,0.0256576397375266,0.0173910059244667,0.00826663381305989,20.5397742560037,3430610.7775893,4118380.28522125,2384325.42828599,1734054.85693526,0.2,0.1,0.3,0.4,1686882.92638177,18025.732031294,3539.96842386777,2185.31150416717,1240.72946830563,879.698953899779,1267.4487026099,189.216832019134,900.750960396521,3913.96331162995,544.499668737722,680.624585922152,137.119527286522,3720,25.9897485084079,1880.01320925004,843.441463190886,672.843844340851,0.30965210557445,0.678240377868784,433.297706225411
280,398.769718124363,21918.8188703066,78.2213169935513,29.3331636024665,3.94561509523602,15.6442633987103,23.4663950980654,0.527002128150666,0.0257450947090534,0.0174784608959935,0.00826663381305989,20.4700015325771,3373852.96647219,4050243.65722952,2344877.90681709,1705365.75041243,0.2,0.1,0.4,0.4,1591509.24961533,17645.001276342,3452.90211647978,2185.31150416717,1220.20219390028,865.144475225601,1247.77276357673,187.713935803419,886.186168538634,3692.67405324627,553.817593964585,692.271992455732,151.833330036552,3720,25.5866318437365,1883.26651654348,795.754624807664,665.522371962899,0.309158652216978,0.612513734485118,479.793322915505
280,398.769718124363,21560.4427045379,76.9504948675457,29.0939073268443,3.91696658857177,15.3900989735091,23.0851484602637,0.527002128150666,0.0258321468187696,0.0175655130057097,0.00826663381305989,20.4010193906047,3319039.68584134,3984441.39956943,2306781.86290862,1677659.53666081,0.2,0.1,0.5,0.4,1499249.11358477,17277.5984735144,3369.49032762294,2185.31150416717,1200.37818676503,851.088643988047,1228.7532161085,186.249949587093,872.120368471237,3478.60893829241,562.844231023493,703.555288779366,166.073046301139,3720,25.1962141500159,1886.41952069889,749.624556792383,658.436160422528,0.308681568728617,0.559994544998976,524.790826311598
280,398.769718124363,21202.3102955845,75.6442704870212,28.8459178283034,3.88727922378622,15.1288540974042,22.6932811461064,0.527002128150666,0.0259244115920361,0.0176577777789762,0.00826663381305989,20.3284123259546,3262699.4301349,3916806.03857732,2267624.54865002,1649181.48992729,0.2,0.1,0.6,0.4,1408965.68385604,16911.2540354213,3284.53018774974,2185.31150416717,1180.00192724778,836.641258006238,1209.18531942002,184.731966368407,857.662726757549,3269.13024473288,571.056260163251,713.820325204064,179.676863801898,3720,24.8050328280876,1889.26897857562,704.482841928022,651.33579442748,0.308165949317969,0.517595855315777,567.778889613999
280,398.769718124363,21900.273079871,78.1555785332395,29.320834978998,3.94413871201096,15.6311157066479,23.4466735599718,0.527002128150666,0.0257495342695924,0.0174829004565326,0.00826663381305989,20.4664722333639,3371017.52585499,4046839.76693276,2342907.23348739,1703932.53344537,0.2,0.15,0.3,0.4,1586776.90058753,17626.0805177533,3448.57798217901,2185.31150416717,1219.17671623538,864.41737978086,1246.78932970012,187.6385110136,885.458557631834,3681.69389559397,554.192562117705,692.740702647131,152.480526272215,3720,25.5665561261336,1883.38753430335,793.388450293764,665.157836722416,0.309129114448496,0.609913949496557,481.838463020199
280,398.769718124363,21542.5418957739,76.886990148215,29.081899725265,3.91552897001439,15.377398029643,23.0660970444645,0.527002128150666,0.0258365660062817,0.0175699321932218,0.00826663381305989,20.3975299202895,3316300.59125774,3981153.1707776,2304878.15150282,1676275.01927478,0.2,0.15,0.4,0.4,1494670.3843988,17259.3356217808,3365.34628519663,2185.31150416717,1199.38755402157,850.386255112879,1227.80232049447,186.176462299462,871.417481208604,3467.98521463768,563.206273993061,704.007842491326,166.698214868931,3720,25.1767666206722,1886.53625377123,747.335192199399,658.083263575582,0.308652922937437,0.557894396608401,526.766358985823
280,398.769718124363,21185.1238066717,75.5834896920136,28.8343265330084,3.88589177851799,15.1166979384027,22.6750469076041,0.527002128150666,0.0259287759516602,0.0176621421386003,0.00826663381305989,20.3249906255957,3260077.82424251,3913658.85263207,2265802.49362909,1647856.35900298,0.2,0.15,0.5,0.4,1404544.1432517,16893.7144104329,3280.59625487507,2185.31150416717,1179.05378597036,835.968997311628,1208.27432937537,184.661000194193,856.989988619756,3258.87123538752,571.409396238818,714.261745298523,180.281792844256,3720,24.7862900216541,1889.38297565491,702.272071625851,650.99595280225,0.308138555211007,0.515859081123859,569.69046538785
280,398.769718124363,20853.2788685724,74.4092937976771,28.6094780059764,3.85898117834883,14.8818587595354,22.3227881393031,0.527002128150666,0.0260143713025882,0.0177477374895283,0.00826663381305989,20.2581151018719,3209432.23997482,3852859.83190254,2230603.06057516,1622256.77132739,0.2,0.15,0.6,0.4,1318392.08449153,16553.3319361433,3204.77382366353,2185.31150416717,1160.73708585067,822.981909749887,1190.66714091466,183.284145808502,843.993673595239,3058.9782896856,579.946932429071,724.933665536339,193.635863434793,3720,24.4219653380626,1892.37046845077,659.196042245763,644.393208801021,0.307700038629615,0.480282930808001,611.889328453944
280,398.769718124363,21524.6740580899,76.8235998627379,29.0699088146165,3.91409336613509,15.3647199725476,23.0470799588214,0.527002128150666,0.0258409839029964,0.0175743500899365,0.00826663381305989,20.3940426621897,3313566.43245139,3977870.86728858,2302977.87053549,1674892.99675309,0.2,0.2,0.3,0.4,1490099.4870089,17241.1062808253,3361.21135977231,2185.31150416717,1198.39870637256,849.685131946174,1226.853094111,186.10307582911,870.715860530548,3457.37966258336,563.567777264585,704.459721580731,167.322373557403,3720,25.1573512692493,1886.65282332798,745.049743504451,657.730962514243,0.30862432957901,0.555813296349724,528.738700441393
280,398.769718124363,21167.967815671,75.5228135830081,28.8227505525252,3.88450618206235,15.1045627166016,22.6568440749024,0.527002128150666,0.0259331392182049,0.0176665054051451,0.00826663381305989,20.3215709334839,3257460.73368165,3910517.08725288,2263983.57683061,1646533.51042226,0.2,0.2,0.4,0.4,1400129.9415079,16876.2058083976,3276.67062404266,2185.31150416717,1178.10727772719,835.297894507562,1207.36486697599,184.590126530129,856.318409174707,3248.62925391675,571.762007273468,714.702509091835,180.885767515214,3720,24.7675770378136,1889.49681215627,700.064970753952,650.656663454806,0.308111208615787,0.514136635941675,571.599025348076
280,398.769718124363,20836.6874457054,74.3505566969647,28.5981839225258,3.8576296245221,14.8701113393929,22.3051670090894,0.527002128150666,0.0260187181777861,0.0177520843647262,0.00826663381305989,20.2547306346783,3206898.78299535,3849818.46698121,2228842.27035754,1620976.19662367,0.2,0.2,0.5,0.4,1314114.36974155,16536.3997617819,3201.00251684418,2185.31150416717,1159.82082488873,822.332253554073,1189.78595986067,183.214974240132,843.343555613931,3049.05298999398,580.287683923429,725.359604904286,194.220089576174,3720,24.4038051037605,1892.48034566666,657.057184870774,644.06416450372,0.30767345447437,0.478838209800767,613.735483060711
280,398.769718124363,20516.219959187,73.2154947706232,28.37904935823,3.83140902635882,14.6430989541246,21.964648431187,0.527002128150666,0.0261039756505531,0.0178373418374932,0.00826663381305989,20.188577219252,3157941.13059949,3791045.7750294,2194815.97501702,1596229.80001238,0.2,0.2,0.6,0.4,1230724.7131288,16207.6597277025,3128.28502438948,2185.31150416717,1142.11458947916,809.778011230556,1172.74981168339,181.872627571962,830.780385841136,2855.56946399033,588.560231484473,735.700289355591,207.150638493207,3720,24.0506577807573,1895.37608169503,615.362356564402,637.668615224703,0.307248940089337,0.448948652422568,654.596017638535
280,398.769718124363,20803.5914344064,74.2333815215999,28.575639918252,3.85493184761637,14.84667630432,22.27001445648,0.527002128150666,0.0260274086588689,0.0177607748458091,0.00826663381305989,20.2479676351141,3201844.76667095,3843751.22049334,2225329.65396983,1618421.56652351,0.2,0.3,0.3,0.4,1305579.86109263,16502.6237265871,3193.48340691905,2185.31150416717,1157.99296757891,821.03624856844,1188.02796559713,183.076897986449,842.046629351934,3029.25093188299,580.967707819222,726.209634774027,195.385835149063,3720,24.3675698296041,1892.6996491765,652.789930546316,643.407653782094,0.307620422858867,0.475981280470248,617.419239071041
280,398.769718124363,20484.1949180714,73.1020096830901,28.3570468581267,3.82877663647796,14.620401936618,21.930602904927,0.527002128150666,0.0261126334755129,0.017845999662453,0.00826663381305989,20.1818835562817,3153046.27566812,3785169.5986412,2191413.9781607,1593755.62048051,0.2,0.3,0.4,0.4,1222449.46225054,16174.9770671837,3121.05704064912,2185.31150416717,1140.34429516419,808.522820816074,1171.04569080087,181.737822314111,829.524302460774,2836.36894460305,589.217850887745,736.522313609681,208.278953180798,3720,24.0154745435591,1895.58790479219,611.22473112527,637.031606648535,0.307197366665495,0.44651655186336,658.16149205132
280,398.769718124363,20175.0456385871,72.0059998800761,28.1436671150161,3.8032509065607,14.4011999760152,21.6017999640228,0.527002128150666,0.0261975384209471,0.0179309046078872,0.00826663381305989,20.1164750551252,3105773.02500825,3728418.99760894,2158558.36703676,1569860.63057219,0.2,0.3,0.5,0.4,1141811.25167595,15857.8171379596,3051.41114762919,2185.31150416717,1123.24724774061,796.400518071335,1154.57993043826,180.430244698623,817.393372060972,2649.26941755916,597.228500627472,746.53562578434,220.789243436342,3720,23.6734822662099,1898.39302161497,570.905625837974,630.842868547889,0.306786945936421,0.421216172276136,697.694009258841
280,398.769718124363,19864.2585561365,70.8649194034385,27.9197799675754,3.77647442651516,14.1729838806877,21.2594758210316,0.527002128150666,0.0262884985090647,0.0180218646960048,0.00826663381305989,20.0468706103145,3056555.77964527,3669334.6694421,2124351.65072964,1544983.01871246,0.2,0.3,0.6,0.4,1062875.87373216,15539.8643989693,2979.53218109177,2185.31150416717,1105.44712682057,783.779722787044,1137.42183866457,179.057809271775,804.763587359597,2466.1208608752,604.394157167148,755.492696458936,232.6756477052,3720,23.3289410246523,1900.88248846404,531.437936866079,624.60670774647,0.306332485836645,0.3996980385237,735.255046748433
280,398.769718124363,21834.1836445625,77.9212909265955,29.2768543425101,3.93887205880165,15.5842581853191,23.3763872779786,0.527002128150666,0.0257654122976588,0.0174987784845989,0.00826663381305989,20.4538596961847,3360912.19949301,4034708.52280074,2335883.88162148,1698824.64117926,0.3,0.1,0.3,0.4,1569838.01560254,17558.4779735856,3433.16805419012,2185.31150416717,1215.52198038308,861.826058990525,1243.2840557233,187.369432273505,882.865399576204,3642.39171680355,555.705670976951,694.632088721189,154.958846009391,3720,25.4948044239009,1883.89975465197,784.91900780127,663.855146507439,0.309033233381373,0.600159348078547,489.669953389676
280,398.769718124363,21464.9815096235,76.5728148332404,29.0224217315793,3.90840816726023,15.3145629666481,22.9718444499721,0.527002128150666,0.0258585276812659,0.017591893868206,0.00826663381305989,20.3802062764954,3302749.5369012,3964885.39844082,2295459.96751837,1669425.43092245,0.3,0.1,0.4,0.4,1477114.37995879,17180.8998328194,3344.9377272233,2185.31150416717,1194.48662134317,846.911344463117,1223.09732458956,185.81243348784,867.940104574916,3427.25117423548,564.081676804115,705.102096005143,168.901666005637,3720,25.0926904425018,1886.80360846025,738.557189979394,656.552256039534,0.308499646527288,0.550616238426543,533.729264577812
280,398.769718124363,21123.864103699,75.3668164543935,28.7929675615128,3.88094135471843,15.0733632908787,22.610044936318,0.527002128150666,0.0259443866620605,0.0176777528490006,0.00826663381305989,20.3127610999308,3250732.24334977,3902439.66788688,2259307.17614504,1643132.49174184,0.3,0.1,0.5,0.4,1388712.35615249,16831.0251068046,3266.57224673283,2185.31150416717,1175.67382293643,833.572501983968,1205.02646617761,184.407775121163,854.591791123856,3222.13778287889,572.838996894426,716.048746118033,182.604164642296,3720,24.7192803557431,1889.86753689681,694.356178076244,649.781118042798,0.308049975738045,0.509298351339236,577.029160269657
280,398.769718124363,20794.0328300485,74.1995378182002,28.5691252228731,3.85415226393369,14.83990756364,22.2598613454601,0.527002128150666,0.0260299234196777,0.0177632896066178,0.00826663381305989,20.2460114712543,3200385.01524385,3841998.81781974,2224315.10505353,1617683.71276621,0.3,0.1,0.6,0.4,1303048.16105577,16492.7012410153,3191.30035882645,2185.31150416717,1157.46502759112,820.661923490059,1187.52017481416,183.03699625287,841.672038167363,3023.37679509177,581.331589033173,726.664486291466,195.885221696357,3720,24.3569296698582,1892.83969510115,651.524080527883,643.214963006356,0.30761403723341,0.474767821659155,618.997300560488
280,398.769718124363,21447.3430925475,76.5104866283547,29.0106075929461,3.90699380732523,15.3020973256709,22.9531459885064,0.527002128150666,0.0258629042215424,0.0175962704084825,0.00826663381305989,20.3767575225253,3300061.18790593,3961658.08872261,2293591.52504993,1668066.56367268,0.3,0.15,0.3,0.4,1472583.62721394,17162.8984821841,3340.87956181774,2185.31150416717,1193.51434146773,846.221968460356,1222.16378637463,185.74012238796,867.250239289649,3416.7387671561,564.44461036345,705.555762954313,169.522675324541,3720,25.0735064260166,1886.9209096001,736.291813606972,656.204237163266,0.308471661320371,0.548599176021481,535.691654025548
280,398.769718124363,21106.8135953869,75.3065022367937,28.7814441021421,3.87956210066145,15.0613004473587,22.5919506710381,0.527002128150666,0.0259487467904362,0.0176821129773763,0.00826663381305989,20.309347977641,3248130.76194048,3899316.64098497,2257499.10793866,1641817.5330463,0.3,0.15,0.4,0.4,1384323.59686613,16813.6240647306,3262.67546866364,2185.31150416717,1174.73295996624,832.905401919504,1204.12228105703,184.337218562264,853.924217189929,3211.95483386581,573.189530656264,716.48691332033,183.204585955162,3720,24.7006704636218,1889.98069769033,692.161798433064,649.443739073772,0.308022778903793,0.507629214165857,578.926491618311
280,398.769718124363,20777.5418253319,74.1411462856475,28.5578817341574,3.85280681930164,14.8282292571295,22.2423438856943,0.527002128150666,0.0260342671650424,0.0177676333519825,0.00826663381305989,20.2426334803193,3197866.46335938,3838975.34616972,2222564.67409826,1616410.67207146,0.3,0.15,0.5,0.4,1298794.69570581,16475.8714504805,3187.55637688851,2185.31150416717,1156.55415727003,820.01608948532,1186.64403755651,182.968130281318,841.025745027113,3013.50775968529,581.670374851422,727.087968564278,196.466071414736,3720,24.3388678822336,1892.94893339131,649.397347852903,642.88774326207,0.307587596890363,0.473364175963385,620.832785670565
280,398.769718124363,20458.9868631225,73.0126747814113,28.3397145821112,3.82670303661099,14.6025349562823,21.9038024344234,0.527002128150666,0.0261194662679815,0.0178528324549216,0.00826663381305989,20.1766040218322,3149193.06998682,3780543.9015448,2188735.94299962,1591807.95854518,0.3,0.15,0.6,0.4,1215869.0181557,16149.0865048675,3115.35895075673,2185.31150416717,1138.95072820304,807.534741156551,1169.70410923927,181.631627416921,828.53551981343,2821.10077373082,589.900358255026,737.375447818783,209.327291159942,3720,23.9876015161232,1895.83013989046,607.934509077849,636.527063580953,0.307165549680329,0.444280339580476,661.474240065415
280,398.769718124363,21089.793233122,75.2462915717896,28.7699358235239,3.87818467918873,15.0492583143579,22.5738874715369,0.527002128150666,0.025953105826409,0.0176864720133492,0.00826663381305989,20.3059368568676,3245533.74697646,3896198.97596213,2255694.14397808,1640504.83198406,0.3,0.2,0.3,0.4,1379942.09381062,16796.253686842,3258.78688670196,2185.31150416717,1173.79371234989,832.239447209175,1203.21960736734,184.266753712503,853.257789403898,3201.78872100707,573.539546279968,716.924432849959,183.804064360796,3720,24.6820900719203,1890.09370007005,689.971046905308,649.106906430235,0.307995629121794,0.50597357748002,580.820843380117
280,398.769718124363,20761.0795338566,74.0828536786203,28.5466528767354,3.85146314074237,14.8165707357241,22.2248561035861,0.527002128150666,0.0260386098213213,0.0177719760082614,0.00826663381305989,20.2392574629364,3195352.17834474,3835956.99681241,2220817.20868087,1615139.78813154,0.3,0.2,0.4,0.4,1294548.14956318,16459.0708616125,3183.82016003532,2185.31150416717,1155.64483012346,819.371349655543,1185.76934551004,182.899352735262,840.380546821107,3003.65477845972,582.008672244102,727.510840305127,197.046026520042,3720,24.320834279943,1893.05802283267,647.274074781591,642.561045542274,0.307561201812146,0.471970948323289,622.665443803332
280,398.769718124363,20443.0559824997,72.95621400853,28.3287548984037,3.82539186051457,14.591242801706,21.886864202559,0.527002128150666,0.0261237926082912,0.0178571587952313,0.00826663381305989,20.1732625906472,3146757.79590302,3777620.40324493,2187043.39135233,1590577.0118926,0.3,0.2,0.5,0.4,1211751.14087494,16132.8284394391,3111.76707313175,2185.31150416717,1138.06997648999,806.910262501644,1168.85616472032,181.564475933545,827.910596838966,2811.54633438793,590.227543060559,737.784428825699,209.888673410507,3720,23.9700901801877,1895.93551877232,605.875570437471,636.210047581341,0.307139878881787,0.443092037739967,663.248207977203
280,398.769718124363,20122.1230896882,71.7754762370655,28.098580722302,3.79785814278239,14.3550952474131,21.5326428711197,0.527002128150666,0.0262156998055336,0.0179490659924737,0.00826663381305989,20.1025390151678,3095830.04646089,3716482.64881259,2151647.84931255,1564834.79950004,0.3,0.2,0.6,0.4,1130593.33857205,15804.5954471208,3036.92861553019,2185.31150416717,1119.65122729812,793.85083606354,1151.11487490087,180.153902410489,814.841874564161,2623.24123289084,597.527642567459,746.909553209323,222.074737450221,3720,23.6154020983507,1898.46904237235,565.296669286026,629.785799356835,0.306667948394929,0.418777935157287,701.756170342697
280,398.769718124363,20411.27603387,72.8435751799304,28.306877732792,3.82277460174563,14.5687150359861,21.8530725539791,0.527002128150666,0.0261324420379879,0.017865808224928,0.00826663381305989,20.1665855561673,3141899.4419323,3771788.04553698,2183666.76320562,1588121.28233136,0.3,0.3,0.3,0.4,1203535.12631447,16100.3954986089,3104.60531784668,2185.31150416717,1136.31288326965,805.664432208367,1167.16440985981,181.430428124273,826.663880079408,2792.48325712597,590.880535261118,738.600669076398,211.008898507425,3720,23.9351480766245,1896.14585813923,601.767563157237,635.577507941422,0.307088667552375,0.440739706513976,666.788119283464
280,398.769718124363,20091.5608322644,71.6676022301934,28.0774575866856,3.79533170275794,14.3335204460387,21.500280669058,0.527002128150666,0.0262242353743401,0.0179576015612802,0.00826663381305989,20.0959959605277,3091177.2094584,3710897.01015415,2148414.0585103,1562482.95164385,0.3,0.3,0.4,0.4,1122642.28896811,15773.3932903989,3030.12285429196,2185.31150416717,1117.9684622296,792.657707290033,1149.49317687067,180.024428354231,813.647896129192,2604.79293635995,598.167541865468,747.709427331835,223.161934205662,3720,23.5816745615702,1898.67547491083,561.321144484055,629.175771070222,0.306618993725479,0.416737739485144,705.191712089892
280,398.769718124363,19796.2828130384,70.6247421689453,27.8724265871918,3.77081188178261,14.1249484337891,21.1874226506836,0.527002128150666,0.0263079884780664,0.0180413546650065,0.00826663381305989,20.0320191180728,3046196.42101748,3656898.46460682,2117151.74266711,1539746.72193971,0.3,0.3,0.5,0.4,1045100.19476843,15470.3084651536,2964.46894844066,2185.31150416717,1101.70051656498,781.123269770135,1133.80835852901,178.767469608427,802.105241323601,2424.87712414915,605.97434788474,757.467934855925,235.247739316212,3720,23.2535269301368,1901.41322733113,522.550097384213,623.24368010234,0.306231532290542,0.39532792225898,743.382856239229
280,398.769718124363,19509.9552694587,69.6124266347361,27.671947762709,3.74684177987967,13.9224853269472,20.8837279904208,0.527002128150666,0.0263914965637097,0.0181248627506498,0.00826663381305989,19.9686337180035,3002533.08345978,3604481.49274883,2086805.07474932,1517676.41799951,0.3,0.3,0.6,0.4,969772.084657541,15176.3950715081,2901.18694117742,2185.31150416717,1085.90904586061,769.926672270133,1118.57024238081,177.538024900082,790.900661533933,2250.09827334839,613.560197950533,766.950247438166,246.989094239143,3720,22.9342509593186,1904.07379875377,484.886042328771,617.476130210554,0.305854667309562,0.376534843720486,780.485537795692
280,398.769718124363,21384.4722150598,76.2882942990076,28.9684524489846,3.90194722648264,15.2576588598015,22.8864882897023,0.527002128150666,0.0258785593450472,0.0176119255319873,0.00826663381305989,20.3644306904405,3290477.55676409,3950153.12936866,2286930.75910817,1663222.37026049,0.4,0.1,0.3,0.4,1456361.63956007,17098.5611448146,3326.41284879281,2185.31150416717,1190.0482841555,843.76442858142,1218.83548806451,185.482091758343,864.790955006545,3379.09995800935,565.911070245242,707.388837806552,171.904262863798,3720,25.0049213344687,1887.41813614172,728.180819780033,654.960203892046,0.308381076430022,0.540998800440947,543.217470649602
280,398.769718124363,21046.0342638567,75.0914774797164,28.7403244984617,3.87464058274173,15.0182954959433,22.5274432439149,0.527002128150666,0.0259643432429042,0.0176977094298443,0.00826663381305989,20.2971484092782,3238856.2835449,3888182.81337923,2251053.20774587,1637129.60563336,0.4,0.1,0.4,0.4,1368607.87508342,16751.4250951398,3248.78286825931,2185.31150416717,1171.37871216765,830.527139790537,1200.89845819514,184.085438742223,851.544265518725,3175.49068006396,574.609168716868,718.261460896084,185.510285313489,3720,24.6341307736574,1890.46195092004,684.30393754171,648.237613847568,0.30793485461533,0.501319912493488,586.212501590624
280,398.769718124363,20718.7531109883,73.9329644684153,28.5177595394969,3.84800574796179,14.7865928936831,22.1798893405246,0.527002128150666,0.0260498050645975,0.0177831712515376,0.00826663381305989,20.2305593782303,3188887.13561816,3828195.84107823,2216323.90799266,1611871.93308557,0.4,0.1,0.5,0.4,1283561.40246892,16415.707518859,3174.20736717974,2185.31150416717,1153.30665492821,817.713514402774,1183.52004866959,182.722373527304,838.72153284908,2978.16295305289,583.045592129345,728.806990161681,198.699577567797,3720,24.2742810332281,1893.41502653015,641.78070123446,641.717816081442,0.307502224427887,0.468043269836686,627.890665114238
280,398.769718124363,20402.0937386614,72.8110284554068,28.3005532279755,3.82201798529935,14.5622056910814,21.843308536622,0.527002128150666,0.0261349458504417,0.0178683120373819,0.00826663381305989,20.1646535319589,3140495.63198249,3770102.79949879,2182691.09444666,1587411.70505212,0.4,0.1,0.6,0.4,1201095.70911665,16090.8603433563,3102.52492130969,2185.31150416717,1135.80517531746,805.304452489037,1166.6755535178,181.391675179346,826.303644204827,2786.82323812601,591.233395305149,739.041744131437,211.492071865083,3720,23.9248800141244,1896.28183191734,600.547854558325,635.391717466085,0.307082624971508,0.439732795559956,668.314947093662
280,398.769718124363,21029.1181633517,75.0316247768094,28.728868278178,3.87326944764365,15.0063249553619,22.5094874330428,0.527002128150666,0.0259686991424781,0.0177020653294182,0.00826663381305989,20.2937438359639,3236274.70825295,3885083.68337689,2249258.97458662,1635824.70879027,0.4,0.15,0.3,0.4,1364251.52732166,16734.1610306948,3244.92277066961,2185.31150416717,1170.44504852959,829.865144358412,1200.00100559195,184.015288233194,850.881799753174,3165.38293337591,574.957132656891,718.696415821113,186.106251712914,3720,24.6156523557692,1890.57428584825,682.125763660828,647.902670929239,0.307907853090602,0.499714540183535,588.095755412808
280,398.769718124363,20702.390087957,73.8750137077706,28.5065808329494,3.84666812487055,14.7750027415541,22.1625041123312,0.527002128150666,0.0260541445942183,0.0177875107811584,0.00826663381305989,20.2271898140771,3186387.5951703,3825195.19228127,2214586.69026811,1610608.50201317,0.4,0.15,0.4,0.4,1279338.83531877,16399.0081403086,3170.49812985451,2185.31150416717,1152.40266036516,817.072555598201,1182.65034713415,182.653898924945,838.080118290503,2968.36560870368,583.381947648484,729.227434560605,199.27619500503,3720,24.2563448207795,1893.52348471607,639.669417659387,641.392923382723,0.307475971723094,0.466688958998101,629.712776215894
280,398.769718124363,20386.2574240112,72.7548942642607,28.2896418660058,3.82071264327533,14.5509788528521,21.8264682792782,0.527002128150666,0.0261392690795507,0.0178726352664908,0.00826663381305989,20.1613184571772,3138074.44406853,3767196.21136678,2181008.33289656,1586187.87847022,0.4,0.15,0.5,0.4,1197000.70303813,16074.6986834581,3098.95861224161,2185.31150416717,1134.92951806926,804.683586020079,1165.83238086473,181.324815703751,825.682335924583,2777.32186532677,591.558740553137,739.448425691421,212.050279971634,3720,23.9074617343058,1896.38661325082,598.500351519066,635.076426379543,0.307057090918127,0.438575228537499,670.078884710364
280,398.769718124363,20067.4979063608,71.5826600775197,28.0608136170838,3.79334103509361,14.3165320155039,21.4747980232559,0.527002128150666,0.0262309731080867,0.0179643392950268,0.00826663381305989,20.0908340677684,3087513.47245177,3706498.76644871,2145867.70689136,1560631.05955735,0.4,0.15,0.6,0.4,1116316.94862106,15748.6651217646,3024.75563689415,2185.31150416717,1116.64341932531,791.718213851787,1148.21612121669,179.922406284047,812.707733605773,2590.11666590589,598.832784596163,748.540980745204,224.174786566429,3720,23.5549437562754,1898.91193503148,558.158474310531,628.692401265381,0.306589044495267,0.41485486135365,708.392325549916
280,398.769718124363,20686.0554514069,73.8171608125651,28.4954166303673,3.84533225244115,14.763432162513,22.1451482437695,0.527002128150666,0.0260584830359135,0.0177918492228536,0.00826663381305989,20.2238222165257,3183892.27586848,3822199.61088653,2212852.40630272,1609347.2045838,0.4,0.2,0.3,0.4,1275123.11064228,16382.3376303611,3166.79655978308,2185.31150416717,1151.50019243997,816.432679243185,1181.78207562306,182.585511986696,837.43978693285,2958.58414049526,583.717821045794,729.647276307242,199.851928406948,3720,24.2384364930306,1893.63179602456,637.56155532114,641.068547151722,0.307449763848234,0.4653445215231,631.532093765956
280,398.769718124363,20370.4481651148,72.6988536107628,28.278744486246,3.81940898876548,14.5397707221526,21.8096560832288,0.527002128150666,0.0261435912260161,0.0178769574129563,0.00826663381305989,20.1579853201741,3135657.29063371,3764294.46654707,2179328.37536936,1584966.09117771,0.4,0.2,0.4,0.4,1192912.22641556,16058.5645342383,3095.39957229569,2185.31150416717,1134.05531994816,804.063754131861,1164.99057621338,181.25804077179,825.062062944109,2767.83564239396,591.883630876451,739.854538595563,212.607648650497,3720,23.8900701119644,1896.49125645009,596.45611320778,634.761629073663,0.307031600003344,0.437425467006041,671.840169735571
280,398.769718124363,20052.2913710763,71.5289768213122,28.0502895713116,3.7920823465934,14.3057953642624,21.4586930463937,0.527002128150666,0.0262352389345274,0.0179686051214676,0.00826663381305989,20.0875673160763,3085197.99861207,3703719.08596888,2144258.41819251,1559460.66777637,0.4,0.2,0.5,0.4,1112359.75941769,15733.1402156105,3021.37257809282,2185.31150416717,1115.80599508448,791.124456057372,1147.40898015091,179.857895964083,812.113552930658,2580.93506052181,599.151155465784,748.93894433223,224.715773444135,3720,23.5381535043957,1899.01462936047,556.179879708843,628.388750328028,0.306564669202957,0.413856128453395,710.101844083467
280,398.769718124363,19758.2106435931,70.4901968179054,27.8458644146121,3.76763569016624,14.0980393635811,21.1470590453716,0.527002128150666,0.0263189600444423,0.0180523262313824,0.00826663381305989,20.0236683843423,3040393.19180608,3649931.80288845,2113118.41219858,1536813.39068988,0.4,0.2,0.6,0.4,1035113.42747201,15431.2815107061,2956.03649705831,2185.31150416717,1099.60169569584,779.635146337593,1131.78380862223,178.604598404272,800.616057299341,2401.7054859823,606.929132887029,758.661416108786,236.756238119495,3720,23.211190467672,1901.74239767079,517.556713736005,622.478628577755,0.306178661517184,0.392809079662186,748.149712457604
280,398.769718124363,20021.9531891249,71.4218655035791,28.0292797006875,3.78956958333219,14.2843731007158,21.4265596510737,0.527002128150666,0.0262437679409237,0.0179771341278638,0.00826663381305989,20.0810390237019,3080578.05802597,3698172.93880669,2141047.49088808,1557125.44791861,0.4,0.3,0.3,0.4,1104463.73309112,15702.1666319126,3014.62621495195,2185.31150416717,1114.13512747558,789.939763068495,1145.79843142543,179.729106425225,810.928016143598,2562.61443087614,599.786557212341,749.733196515426,225.795360828899,3720,23.5046469211968,1899.21960649892,552.231866545561,627.782817909436,0.306516034812495,0.411877372761758,713.513340219321
280,398.769718124363,19728.7961183026,70.386234357298,27.8253226024475,3.76517945116513,14.0772468714596,21.1158703071894,0.527002128150666,0.0263274641711595,0.0180608303580996,0.00826663381305989,20.0172004688538,3035909.06817325,3644548.70128842,2110001.87969329,1534546.82159512,0.4,0.3,0.4,0.4,1027444.8936681,15401.2519996878,2949.53499524423,2185.31150416717,1097.97994823118,778.485281526747,1130.21929829725,178.478637541111,799.465372907329,2383.91269224832,607.544118614757,759.430148268447,237.802613447544,3720,23.1785966335141,1901.94050674965,513.722446834052,621.88962308992,0.306131247230541,0.391080647313889,751.456258494239
280,398.769718124363,19444.4967563801,69.3808542525735,27.6258827330152,3.7413348056762,13.8761708505147,20.814256275772,0.527002128150666,0.0264109149375034,0.0181442811244435,0.00826663381305989,19.9539519701502,2992544.87054619,3592490.84099183,2079863.11846895,1512627.72252288,0.4,0.3,0.5,0.4,952617.507028118,15109.4136603952,2886.78864389358,2185.31150416717,1082.29666576242,767.365393823595,1115.08266420332,177.255473920871,788.337556310963,2210.29563712628,615.083095984912,768.85386998114,249.468952959462,3720,22.8613321898417,1904.58503737326,476.308753514059,616.159381450815,0.30575696191292,0.372791880098653,788.321891351899
280,398.769718124363,19168.6697540803,68.4045014026721,27.4308132476854,3.71801786387311,13.6809002805344,20.5213504208016,0.527002128150666,0.0264941187052225,0.0182274848921626,0.00826663381305989,19.8912873462284,2950432.68060141,3541935.99111814,2050594.52117366,1491341.46994448,0.4,0.3,0.6,0.4,879887.862224852,14826.2560797153,2826.275086391,2185.31150416717,1067.066189784,756.566563922198,1100.37099046653,176.058737940303,777.531021154771,2041.54583417556,622.413674365005,778.017092956256,260.809416495114,3720,22.5524959773302,1907.15672754283,439.943931112426,610.585474759832,0.305392804168194,0.356582217198213,824.157756124562
280,398.769718124363,23557.5787435479,83.612613861336,30.3271949325139,4.06470604896925,16.7225227722672,25.0837841584008,0.527002128150666,0.0254027871541947,0.0171361533411348,0.00826663381305989,20.7458388306672,3606391.1495356,4329401.13989868,2050768.96100464,2278632.17889404,0.1,0.1,0.1,0.5,2078027.26264002,19344.0119173081,3815.78083412615,2185.31150416717,1304.30295465046,924.774601288094,1239.23822150703,193.790742661075,945.858487972194,4821.50974400171,493.566826239801,616.958532799751,70.1247731439398,3720,27.1962823472432,1860.95003590012,1039.01363132001,698.605701956421,0.310464631165933,1.32620749886928,221.59428313485
280,398.769718124363,23402.6376787084,83.514800330186,30.3094507312826,4.06257929787067,16.7029600660372,25.0544400990558,0.527002128150666,0.025408637943014,0.0171420041299541,0.00826663381305989,20.7410617339117,3602172.24240241,4324336.42545308,2048369.88574093,2275966.53971215,0.1,0.1,0.2,0.5,2010503.04691405,19174.3164844813,3808.02497551539,2185.31150416717,1302.77712652726,923.692738990506,1237.88454836351,193.682344797694,944.77586158028,4664.83775517264,508.321194227046,635.401492783808,84.8777089291434,3720,27.0251496305925,1866.3786796956,1005.25152345702,695.547872049651,0.310752202109841,1.09569404232667,268.213560216093
280,398.769718124363,23062.6911568063,82.3093521734892,30.0899131588707,4.036268974334,16.4618704346978,24.6928056520468,0.527002128150666,0.0254817816475132,0.0172151478344533,0.00826663381305989,20.6815259404005,3550178.68111099,4261919.18500719,2018803.82447709,2243115.3605301,0.1,0.1,0.3,0.5,1923546.79634021,18825.9112798068,3726.30937976845,2185.31150416717,1283.97291123189,910.359936489207,1221.19410262908,192.340976331209,931.433638135522,4463.07889619071,516.779876999502,645.974846249378,98.2734321227726,3720,26.6625641334621,1869.33963659207,961.773398170106,688.898275744388,0.310304783811182,0.94633918843717,310.544045507962
280,398.769718124363,22719.3330087789,81.0559595590254,29.85993226967,4.00871232406438,16.2111919118051,24.3167878677076,0.527002128150666,0.0255599345664206,0.0172933007533607,0.00826663381305989,20.6182894084172,3496117.17265018,4197019.41494619,1988061.82813241,2208957.58681378,0.1,0.1,0.4,0.5,1837656.61412234,18474.8176336888,3642.04084937929,2185.31150416717,1264.42079325728,896.496854989688,1203.82421469114,190.935337527027,917.560752575673,4263.79356537583,524.515375090118,655.644218862647,111.175141074946,3720,26.2956243679045,1872.02891529306,918.828307061169,682.165823357158,0.309814361817758,0.836517940078948,351.313445796828
280,398.769718124363,22401.8341860893,79.932373709755,29.6522530477417,3.98383261736791,15.986474741951,23.9797121129265,0.527002128150666,0.025631892166129,0.0173652583530691,0.00826663381305989,20.560406728266,3447654.50804227,4138840.94602914,1960503.6060138,2178337.34001534,0.1,0.1,0.5,0.5,1755813.30530593,18149.2626343177,3566.95001067325,2185.31150416717,1246.89357726285,884.069501518227,1188.23945641087,189.665596816848,905.124603101263,4073.8979282809,532.571551771609,665.714439714511,123.832661620276,3720,25.9547161107446,1874.85405122555,877.906652652965,675.920936287122,0.309399558670518,0.751013495011341,391.311210720071
280,398.769718124363,22093.6935088583,78.8410289056322,29.4491310221873,3.95950329923513,15.7682057811264,23.6523086716897,0.527002128150666,0.0257035762175742,0.0174369424045143,0.00826663381305989,20.5030663316936,3400582.46877787,4082331.89529156,1933736.16092758,2148595.73436398,0.1,0.1,0.6,0.5,1676216.04785945,17833.278773667,3494.50258418079,2185.31150416717,1229.8693008191,871.998754782002,1173.08921538454,188.423340034934,893.04530616013,3889.21365619562,540.414735191319,675.518418989149,136.146686158892,3720,25.6228256502331,1877.60551958767,838.108023929723,669.844401657018,0.308996240447273,0.683086769306031,430.2235282621
280,398.769718124363,23385.0735879045,83.4525392495753,30.2981506324285,4.0612249281186,16.6905078499151,25.0357617748726,0.527002128150666,0.0254123686394967,0.0171457348264368,0.00826663381305989,20.7380168148349,3599486.78862092,4321112.59138165,2046842.80644394,2274269.78493771,0.1,0.15,0.1,0.5,2006047.04446145,19156.3960199099,3803.79653112054,2185.31150416717,1301.8058937473,923.004103049592,1237.02284752574,193.613311969597,944.086739244488,4654.49878627134,508.677567994592,635.84695999324,85.4913227020552,3720,27.0065246046089,1866.49476708107,1003.02352223073,695.206173928301,0.310724836363173,1.0878297008471,270.152579738494
280,398.769718124363,23045.6756663005,82.2489928991627,30.0788783349843,4.03494664179685,16.4497985798325,24.6746978697488,0.527002128150666,0.0254854954376448,0.0172188616245849,0.00826663381305989,20.6785121929483,3547575.25630855,4258793.8251003,2017323.39083699,2241470.43426332,0.1,0.15,0.2,0.5,1919220.16907226,18808.5502250637,3722.23898328096,2185.31150416717,1283.03134540577,909.692335790057,1220.3579928744,192.273542523254,930.765565501661,4453.0401080063,517.125441236795,646.406801545993,98.8684948808113,3720,26.6444637717074,1869.45214106868,959.610084536132,688.566367879446,0.310278170992782,0.940643428547325,312.424443823364
280,398.769718124363,22702.9412430471,80.9979742247801,29.8492498477362,4.00743247313229,16.199594844956,24.299392267434,0.527002128150666,0.0255636035002848,0.0172969696872249,0.00826663381305989,20.6153302348315,3493616.14096886,4194016.97595301,1986639.62018827,2207377.35576474,0.1,0.15,0.3,0.5,1833466.24804814,18458.0880573165,3638.15914030956,2185.31150416717,1263.51625936832,895.855511531251,1203.02024667374,190.870035218644,916.918955347214,4254.07093506153,524.853185730608,656.06648216326,111.752590979631,3720,26.2781283183603,1872.13903057168,916.73312402407,681.845200763732,0.309788828060129,0.832195470232549,353.138187495635
280,398.769718124363,22385.9288592254,79.8760623272278,29.6418063821945,3.98258124055582,15.9752124654456,23.9628186981683,0.527002128150666,0.0256355471248411,0.0173689133117812,0.00826663381305989,20.5574753518717,3445225.67748447,4135925.18305459,1959122.45513112,2176802.72792347,0.1,0.15,0.4,0.5,1751739.19947962,18133.0294992987,3563.20589298068,2185.31150416717,1246.01515594316,883.446673051923,1187.45803953276,189.601716095156,904.501333619297,4064.44504895981,532.89935992665,666.124199908313,124.393304815185,3720,25.9376873565847,1874.96082892137,875.869599739808,675.609036603607,0.309374678133122,0.747628661672532,393.082843215984
280,398.769718124363,22078.2534341602,78.7863225193139,29.4389121353431,3.95827943097388,15.7572645038628,23.6358967557942,0.527002128150666,0.0257072173116709,0.017440583498611,0.00826663381305989,20.5001623381232,3398222.86514476,4079499.23786886,1932394.37583262,2147104.86203624,0.1,0.15,0.5,0.5,1672253.29321734,17817.5204327098,3490.88944190939,2185.31150416717,1229.01591640713,871.393678600076,1172.32943887688,188.360833271508,892.439801206591,3880.01913769073,540.73300145046,675.916251813075,136.691259216717,3720,25.6062450575878,1877.70911253848,836.126646608669,669.540869235206,0.308971988529956,0.680365376198291,431.944379124827
280,398.769718124363,21779.510478796,77.7274351525288,29.240413585957,3.93450846415806,15.5454870305058,23.3182305457586,0.527002128150666,0.0257786163971982,0.0175119825841383,0.00826663381305989,20.4433829973879,3352550.78468257,4024670.80994306,1906423.01523619,2118247.79470687,0.1,0.15,0.6,0.5,1594914.56060915,17511.1470158368,3421.08367278425,2185.31150416717,1212.49795509294,859.681931728492,1157.61700521193,187.146469938782,880.719751885522,3700.57517198193,548.363462959177,685.454328698971,148.661074690128,3720,25.283435048138,1880.38705985916,797.457280304575,663.633887538168,0.308580318619491,0.625584068955852,469.768996020804
280,398.769718124363,23028.6882208291,82.1887310255843,30.0678572778545,4.03362597130933,16.4377462051169,24.6566193076753,0.527002128150666,0.0254892081947181,0.0172225743816582,0.00826663381305989,20.6755001616673,3544976.03260903,4255673.50853425,2015845.3461478,2239828.16238645,0.1,0.2,0.1,0.5,1914900.14170233,18791.2176772703,3718.17659557311,2185.31150416717,1282.09129896862,909.025812406803,1219.52319549457,192.20619175746,930.098570925398,4443.0166331304,517.470543558789,646.838179448486,99.4626963506889,3720,26.6263902795787,1869.56450398185,957.450070851164,688.234961193017,0.310251601794359,0.935023917631365,314.302120468177
280,398.769718124363,22686.5755551886,80.9400786036136,29.8385801377973,4.0061541570781,16.1880157207227,24.2820235810841,0.527002128150666,0.0255672715431904,0.0173006377301305,0.00826663381305989,20.6123726288278,3491118.97880481,4191019.18223867,1985219.61263937,2205799.5695993,0.1,0.2,0.2,0.5,1829282.0897279,18441.3850077096,3634.28477830066,2185.31150416717,1262.61312494563,895.215160357491,1202.21748788566,190.804809593006,916.278151087168,4244.36270818973,525.190547478983,656.488184348729,112.329224741057,3720,26.2606572968582,1872.24900716635,914.64104486395,681.525045054747,0.309763334112004,0.827923456379092,354.960350181741
280,398.769718124363,22370.0484801366,79.8198369832433,29.6313720035991,3.98133134717746,15.9639673966487,23.945951094973,0.527002128150666,0.0256392011984815,0.0173725673854216,0.00826663381305989,20.5545455207816,3442800.55795332,4133013.87509403,1957743.41451822,2175270.4605758,0.1,0.2,0.3,0.5,1747671.0402182,18116.8217383709,3559.46876972358,2185.31150416717,1245.13807676935,882.82479622673,1186.67778335282,189.53790951857,903.879016434993,4055.00596706145,533.226741765683,666.533427207104,124.953169205641,3720,25.9206826116456,1875.06747516689,873.835520109098,675.297584868641,0.309349835985792,0.744278841354924,394.852014689825
280,398.769718124363,22062.8372375331,78.7316986771139,29.4287051269378,3.95705699670798,15.7463397354228,23.6195096031342,0.527002128150666,0.0257108575273879,0.017444223714328,0.00826663381305989,20.4972598673261,3395866.82181629,4076670.85452136,1931054.61529959,2145616.23922177,0.1,0.2,0.4,0.5,1668296.23779044,17801.7863749657,3487.28296169837,2185.31150416717,1228.16381963027,870.789515407939,1171.57077686676,188.298398212942,891.835209873489,3870.83784269939,541.050862567434,676.313578209292,137.235088699101,3720,25.589687506542,1877.81258081866,834.148118895219,669.237766770852,0.308947773642801,0.677669252678593,433.662880289158
280,398.769718124363,21764.538468171,77.6743474130718,29.2304262976746,3.93331256318887,15.5348694826144,23.3023042239215,0.527002128150666,0.0257822428814497,0.0175156090683898,0.00826663381305989,20.4405074676356,3350260.99675602,4021921.96489318,1905120.93073888,2116801.03415431,0.1,0.2,0.5,0.5,1591063.97325903,17495.8662332752,3417.60161848787,2185.31150416717,1211.66982053008,859.094758800282,1156.87907263706,187.085360700479,880.132162549491,3691.64090785435,548.672234895877,685.840293619846,149.189562856918,3720,25.2673065684789,1880.48749340882,795.531986629514,663.33879736201,0.308556707491647,0.623368003894432,471.439018627862
280,398.769718124363,21461.0287909704,76.558831461908,29.019771640745,3.90809090344325,15.3117662923816,22.9676494385724,0.527002128150666,0.025859508992774,0.0175928751797141,0.00826663381305989,20.3794328924779,3302146.40414067,3964161.34950861,1877760.63924092,2086400.71026769,0.1,0.2,0.6,0.5,1514679.38990185,17185.5074354413,3344.67522403081,2185.31150416717,1194.2684897515,846.756682528492,1141.36600407368,185.796213121925,867.785332871305,3514.41079178732,555.521355529047,694.401694411309,160.646347206704,3720,24.9388210707809,1882.87169177945,757.339694950924,657.324016966546,0.308116331338635,0.578911389004921,507.642457173186
280,398.769718124363,22338.3623326889,79.7076436509141,29.6105400180418,3.97883599992488,15.9415287301828,23.9122930952742,0.527002128150666,0.0256465066921047,0.0173798728790448,0.00826663381305989,20.5486904894109,3437961.41919108,4127204.58486324,1954991.64546153,2172212.93940171,0.1,0.3,0.1,0.5,1739552.50774421,18084.4821020914,3552.01543444161,2185.31150416717,1243.38793300406,881.583889093559,1185.12074303579,189.41051826761,902.637230547618,4036.16907106203,533.880230597544,667.35028824693,126.070568746571,3720,25.8867449392021,1875.28037455071,869.776253872105,674.676021335518,0.309300266538052,0.737682084919838,398.382997239163
280,398.769718124363,22032.0762581965,78.6226979020464,29.4083266596811,3.95461641978484,15.7245395804093,23.5868093706139,0.527002128150666,0.0257181353253893,0.0174515015123294,0.00826663381305989,20.4914594889157,3391165.38488779,4071026.87261439,1928381.15018577,2142645.72242863,0.1,0.3,0.2,0.5,1660399.17374914,17770.3908849863,3480.08991948659,2185.31150416717,1226.46347770321,869.583919995801,1170.05678676657,188.173742697691,890.628760065985,3852.51480531259,541.685373210156,677.106716512695,138.320523697916,3720,25.5566413294884,1878.01914452635,830.199586874569,668.632847998955,0.308899454648903,0.672351416215766,437.092854885413
280,398.769718124363,21734.6628336942,77.5684089068646,29.2104860961866,3.93092491073903,15.5136817813729,23.2705226720594,0.527002128150666,0.0257894932389183,0.0175228594258584,0.00826663381305989,20.4347609031487,3345691.64204341,4016436.54507012,1902522.57398059,2113913.97108954,0.1,0.3,0.3,0.5,1583379.14503144,17465.374207161,3410.65649168685,2185.31150416717,1210.01724802605,857.923034008575,1155.40640988943,186.963349806179,878.959606754895,3673.81030724267,549.288626533144,686.610783166429,150.244414593817,3720,25.2351157863497,1880.68800664795,791.689572515719,662.749852055627,0.308509592120527,0.618991396461717,474.772350116462
280,398.769718124363,21432.1887463834,76.4569175900744,29.0004498842831,3.90577776393626,15.2913835180149,22.9370752770223,0.527002128150666,0.0258666709369485,0.0176000371238886,0.00826663381305989,20.3737902505995,3297750.64053011,3958884.32236508,1875260.99480451,2083623.32756057,0.1,0.3,0.4,0.5,1507219.73535057,17156.0626105676,3338.03981334739,2185.31150416717,1192.67869895304,845.629472519033,1139.9480429051,185.677948805358,866.657322809179,3497.10264682094,556.126135815805,695.157669769757,161.672795023725,3720,24.9076450003911,1883.06868639859,753.609867675286,656.754036519086,0.308071089539088,0.575235926281551,510.886032274973
280,398.769718124363,21153.1264498882,75.4703066134582,28.8127293526323,3.88330669900617,15.0940613226916,22.6410919840375,0.527002128150666,0.0259369202273978,0.0176702864143379,0.00826663381305989,20.3186085136654,3255195.99560531,3907798.314052,1851062.35928779,2056735.95476421,0.1,0.3,0.5,0.5,1434402.58536313,16869.7229441863,3273.92010106098,2185.31150416717,1177.28820280104,834.717145773162,1126.21502269481,184.528770961691,855.737247955744,3328.14981135677,563.403505701908,704.254382127385,172.992550657313,3720,24.6040376906977,1885.62706790989,717.201292681567,651.205833843046,0.307708435305218,0.537595403077368,546.656460077108
280,398.769718124363,20881.6519830512,74.5097205480238,28.6287779345934,3.8612908205973,14.9019441096048,22.3529161644071,0.527002128150666,0.0260069537322867,0.0177403199192268,0.00826663381305989,20.2638930178282,3213763.86084996,3858059.85696274,1827502.03750867,2030557.81945407,0.1,0.3,0.6,0.5,1363438.98343074,16591.1520984954,3211.88154812309,2185.31150416717,1162.3036785112,824.092670450719,1112.83372714297,183.402347071455,845.105223797969,3163.49764132132,570.499884555871,713.124855694839,184.026074298788,3720,24.3078159132516,1888.12237935249,681.71949171537,645.795601392313,0.307354866182935,0.505363168531234,581.522394784172
280,398.769718124363,23322.4618387416,83.2305747186993,30.2578307534709,4.05639250512773,16.6461149437399,24.9691724156098,0.527002128150666,0.0254257101506823,0.0171590763376224,0.00826663381305989,20.7271350545355,3589912.98291512,4309619.42726905,2041398.67607481,2268220.75119424,0.2,0.1,0.1,0.5,1990097.11956381,19092.3590187431,3788.7222733889,2185.31150416717,1298.3433899446,920.549074300603,1233.95051735272,193.366986723052,941.629976295948,4617.49122641269,510.102819998473,637.628524998091,87.829279536676,3720,26.9399510776059,1866.97948264195,995.048559781906,693.984963593448,0.310635502274849,1.0588723998489,277.540523335896
280,398.769718124363,22985.0157752099,82.0337965076298,30.0395033511529,4.03022833278413,16.406759301526,24.6101389522889,0.527002128150666,0.0254987765934268,0.0172321427803669,0.00826663381305989,20.6677416941846,3538293.37495124,4247651.11038564,2012045.26281425,2235605.84757139,0.2,0.1,0.2,0.5,1903731.49107758,18746.5057730094,3707.72696473441,2185.31150416717,1279.67442022015,907.312167153664,1217.37674502263,192.032913125244,928.383714134279,4417.10274894672,518.510002200527,648.137502750659,101.138271998101,3720,26.5797592891757,1869.92308495532,951.865745538788,687.380035277394,0.31019139699119,0.919533210946555,319.596939514
280,398.769718124363,22644.497177897,80.7912098700615,29.8111272609856,4.00286513884729,16.1582419740123,24.2373629610184,0.527002128150666,0.0255767253162775,0.0173100915032176,0.00826663381305989,20.6047537999429,3484697.95142232,4183310.86605321,1981568.30497257,2201742.56108064,0.2,0.1,0.3,0.5,1818462.82105878,18398.2893704453,3624.31717671351,2185.31150416717,1260.29086852928,893.568606413012,1200.1531711656,190.63698109375,914.63043202438,4219.25947193822,526.207807451713,657.759759314641,113.957476627795,3720,26.215573036275,1872.60039445698,909.231410529389,680.69900475096,0.309705760459482,0.816093886527116,360.105626143831
280,398.769718124363,22329.2161194784,79.6752575766199,29.6045238661732,3.97811536731398,15.935051515324,23.902577272986,0.527002128150666,0.0256486190140232,0.0173819852009633,0.00826663381305989,20.5469981780513,3436564.5384298,4125527.65717863,1954197.31129514,2171330.34588349,0.2,0.1,0.4,0.5,1737150.42257898,18074.9998139185,3549.85361203996,2185.31150416717,1242.88273109205,881.225685015489,1184.67125831555,189.373727708404,902.278772792856,4030.59567111761,534.216305559909,667.770381949887,126.536347355574,3720,25.8767974219217,1875.40936118037,868.575211289488,674.493928452292,0.309293824946184,0.734966686992041,399.854857643612
280,398.769718124363,22023.1967029689,78.591232112061,29.40244128015,3.95391158026008,15.7182464224122,23.5773696336183,0.527002128150666,0.0257202396764471,0.0174536058633872,0.00826663381305989,20.4897829406022,3389808.19796018,4069397.59659085,1927609.38785882,2141788.20873202,0.2,0.1,0.5,0.5,1658061.69189564,17761.1827362326,3478.00332777634,2185.31150416717,1225.97263163402,869.235894849131,1169.61971213901,188.137740999388,890.280488264731,3847.09130017591,542.01396673631,677.517458420387,138.77513442728,3720,25.5469523808191,1878.14538341706,829.030845947818,668.455583298406,0.308893265407153,0.670148873454943,438.529424790205
280,398.769718124363,21726.0384656572,77.5378258649182,29.2047270919298,3.93023533217376,15.5075651729836,23.2613477594755,0.527002128150666,0.0257915896937177,0.0175249558806578,0.00826663381305989,20.4330998751517,3344372.52992973,4014852.97710652,1901772.46283993,2113080.51426659,0.2,0.1,0.6,0.5,1581103.58591392,17456.4284229152,3408.64155865357,2185.31150416717,1209.54017225805,857.584772610247,1154.9812489642,186.928110700982,878.62110544565,3668.53047735045,549.610042742023,687.012553427528,150.688310369529,3720,25.2256749640657,1880.81160590392,790.551792956962,662.577221370851,0.308503644789811,0.617167979201164,476.175060767712
280,398.769718124363,22968.1256748822,81.9738726168786,30.0285297473197,4.02891339267302,16.3947745233757,24.5921617850636,0.527002128150666,0.0255024861970168,0.0172358523839569,0.00826663381305989,20.664735354795,3535708.72917507,4244548.29432782,2010575.50783949,2233972.78648832,0.2,0.15,0.1,0.5,1899434.41223789,18729.2723741587,3703.69249269508,2185.31150416717,1278.73964609754,906.649382082632,1216.54649877864,191.965848487598,927.720460442579,4407.13252003357,518.853300723413,648.566625904266,101.729290027211,3720,26.5617790206394,1870.03486411757,949.717206118946,687.050368211118,0.310164967995425,0.914190986441797,321.464556485988
280,398.769718124363,22628.2219524914,80.7336253193931,29.800501313121,4.00159210812499,16.1467250638786,24.2200875958179,0.527002128150666,0.0255803907043562,0.0173137568912964,0.00826663381305989,20.6018013657985,3482214.20639523,4180329.17934601,1980155.92705864,2200173.25228737,0.2,0.15,0.2,0.5,1814300.23842725,18381.678536202,3620.46841249893,2185.31150416717,1259.39258660613,892.93169588151,1199.35460244372,190.572019341255,913.993070776022,4209.6013057154,526.543416289363,658.179270361704,114.531090132219,3720,26.1981887919791,1872.70979984726,907.150119213624,680.380468619057,0.309680393675081,0.81200659046061,361.918244817812
280,398.769718124363,22313.4222550878,79.6193304732409,29.5941317697555,3.976870580145,15.9238660946482,23.8857991419723,0.527002128150666,0.025652270452279,0.0173856366392191,0.00826663381305989,20.5440734429746,3434152.28265486,4122631.7919026,1952825.58563807,2169806.20626452,0.2,0.15,0.3,0.5,1733102.92543001,18058.880237415,3546.14085276223,2185.31150416717,1242.01030427971,880.607106922754,1183.8950227944,189.310176170963,901.659756615549,4021.20453015743,534.542017672737,668.177522090921,127.09332608664,3720,25.8598758945351,1875.51546346512,866.551462715006,674.184030137238,0.309269105242508,0.731745740422288,401.614910433784
280,398.769718124363,22007.8632848068,78.5368943110992,29.3922751317772,3.95269408008902,15.7073788622198,23.5610682933297,0.527002128150666,0.0257238772790807,0.0174572434660208,0.00826663381305989,20.4868854890409,3387464.49220306,4066584.02425338,1926276.64306739,2140307.38118599,0.2,0.15,0.4,0.5,1654124.43353042,17745.5330485733,3474.4200487096,2185.31150416717,1225.12499691636,868.634895453991,1168.8649095377,188.075552486192,889.679062912755,3837.95593900244,542.330236233437,677.912795291796,139.316205298226,3720,25.5304746670433,1878.24833331406,827.06221676521,668.153971406581,0.308869168442966,0.66754617527028,440.239208742395
280,398.769718124363,21711.1456961721,77.4850125642811,29.1947792971122,3.9290441999281,15.4970025128562,23.2455037692843,0.527002128150666,0.0257952135897825,0.0175285797767226,0.00826663381305989,20.4302292871656,3342094.57913738,4012118.34230178,1900477.10951137,2111641.23279041,0.2,0.15,0.5,0.5,1577271.97622597,17441.2283997395,3405.18160909851,2185.31150416717,1208.71631876412,857.000635146507,1154.24702228197,186.867239841998,878.03655367207,3659.64024584204,549.91729643263,687.396620540788,151.214159896652,3720,25.2096231108459,1880.91154509541,788.635988112987,662.28356204853,0.308480147255422,0.615021768223038,477.83674527342
280,398.769718124363,21409.4845449001,76.3766800653573,28.9852286642512,3.90395555780724,15.2753360130715,22.9130040196072,0.527002128150666,0.025872321906145,0.0176056880930851,0.00826663381305989,20.3693402572228,3294289.82420543,3954729.68091888,1873293.00675105,2081436.67416783,0.2,0.15,0.6,0.5,1501290.19259013,17132.7409340818,3332.80814335554,2185.31150416717,1191.42704521649,844.742012006539,1138.83159091505,185.584780549254,865.769232369551,3483.34471942943,556.74361081823,695.929513522787,162.618224299811,3720,24.8829506413071,1883.28851121763,750.645096295063,656.302667597954,0.308043004097076,0.571891621621329,513.873588787403
280,398.769718124363,22611.9725322457,80.6761295959212,29.7898879748671,4.00032059988875,16.1352259191842,24.2028388787764,0.527002128150666,0.0255840552028769,0.017317421389817,0.00826663381305989,20.5988504938578,3479734.29267541,4177352.09204731,1978745.72781188,2198606.36423542,0.2,0.2,0.1,0.5,1810143.8006172,18365.0939508477,3616.6269102637,2185.31150416717,1258.49569033007,892.295767836053,1198.55723125218,190.507133660257,913.356692690894,4199.95739691699,526.878581397974,658.598226747467,115.103896223456,3720,26.1808293301861,1872.81906816731,905.071900308599,680.062394808323,0.309655066342415,0.807965699262301,363.728312066121
280,398.769718124363,22297.6530803272,79.5634885659028,29.583751861874,3.97562726449944,15.9126977131806,23.8690465697709,0.527002128150666,0.0256559210070577,0.0173892871939978,0.00826663381305989,20.5411502477612,3431743.70156767,4119740.33801641,1951455.94958672,2168284.38842969,0.2,0.2,0.2,0.5,1729061.31524783,18042.7857720237,3542.43500772708,2185.31150416717,1241.13920647077,879.989471152338,1183.11993683358,189.246698190757,901.041683410868,4011.82704833839,534.867308303501,668.584135379376,127.649534243374,3720,25.8429781431607,1875.62143580797,864.530657623913,673.874575434971,0.309244423585949,0.728557299885547,403.372528209061
280,398.769718124363,21992.5535002745,78.4826382528429,29.3821207672502,3.95147800246676,15.6965276505686,23.5447914758529,0.527002128150666,0.0257275140051045,0.0174608801920446,0.00826663381305989,20.4839895547664,3385124.31218395,4063774.68449454,1924945.90318162,2138828.78131292,0.2,0.2,0.3,0.5,1650192.81791962,17729.9073951571,3470.8433560866,2185.31150416717,1224.27863733228,868.034800184341,1168.11121082835,188.013435112525,889.078542310965,3828.83367034026,542.646105117409,678.307631396761,139.856540356941,3720,25.5140197733108,1878.35115995155,825.096408959811,667.852785351583,0.308845108180287,0.664967113891463,441.946667527933
280,398.769718124363,21696.2755603046,77.4322777214051,29.1848428972207,3.92785444316998,15.486455544281,23.2296833164215,0.527002128150666,0.0257988366168154,0.0175322028037555,0.00826663381305989,20.4273601937218,3339820.01239635,4009387.76998361,1899183.68051855,2110204.08946506,0.2,0.2,0.4,0.5,1573445.77791621,17426.0513912126,3401.72793685326,2185.31150416717,1207.89368916077,856.417365474022,1153.51385600601,186.806437797868,877.452870290029,3650.76256999789,550.224169091983,687.780211364979,151.739306423991,3720,25.1935931694378,1881.01136729287,786.722888958103,661.990311668645,0.308456685133295,0.61289327196566,479.496208299813
280,398.769718124363,21395.1275154794,76.3259386463565,28.9755987877718,3.90280273229493,15.2651877292713,22.8977815939069,0.527002128150666,0.025875901141664,0.0176092673286041,0.00826663381305989,20.3665227064156,3292101.23810641,3952102.32665836,1872048.47052238,2080053.85613598,0.2,0.2,0.5,0.5,1497575.65868659,17118.0828117447,3329.50776097503,2185.31150416717,1190.63551174241,844.18079075235,1138.12552083205,185.525835489767,865.207612737507,3474.7261311499,557.044703734743,696.305879668429,163.129274093739,3720,24.8674236061496,1883.38657959079,748.787829343293,656.018816687565,0.308020469363393,0.570100005144138,515.488506136215
280,398.769718124363,21117.0784134137,75.3427988664052,28.788379383537,3.88039218936547,15.068559773281,22.6028396599216,0.527002128150666,0.0259461221318243,0.0176794883187644,0.00826663381305989,20.3114024312816,3249696.31332972,3901196.05441743,1847934.9731451,2053261.08127233,0.2,0.2,0.6,0.5,1425005.66490129,16832.7799273914,3265.66639012511,2185.31150416717,1175.29916402398,833.306857575793,1124.43939712649,184.379682486529,854.325958019576,3306.34675593736,564.298486022324,705.373107527905,174.411392088539,3720,24.5648008877092,1885.93680922767,712.502832450646,650.489006044984,0.307659057222886,0.533222049811912,551.139998999784
280,398.769718124363,21962.0046146126,78.3743706498913,29.361847304773,3.94905010458862,15.6748741299783,23.5123111949674,0.527002128150666,0.0257347848290631,0.0174681510160032,0.00826663381305989,20.4782022329367,3380454.4985394,4058168.66571357,1922290.42060116,2135878.2451124,0.2,0.3,0.1,0.5,1642346.46476895,17698.7279697847,3463.70966313171,2185.31150416717,1222.58973241828,866.837314117927,1166.60711562285,187.889413275815,887.880207449044,3810.62829409184,543.276644827919,679.095806034899,140.935009711717,3720,25.481178248609,1878.55644459175,821.173232384475,667.251687080712,0.308797097452864,0.659878621999118,445.354630689025
280,398.769718124363,21666.6029833376,77.3270427288685,29.1650042005407,3.9254790462348,15.4654085457737,23.1981128186606,0.527002128150666,0.0258060800656613,0.0175394462526014,0.00826663381305989,20.4216264852994,3335281.00173541,4003938.77759353,1896602.5788601,2107336.19873344,0.2,0.3,0.2,0.5,1565809.56784658,17395.766208473,3394.83936102996,2185.31150416717,1206.25209101715,855.253421980704,1152.0506956579,186.685039665604,876.28810117339,3633.04477489487,550.836774864565,688.545968580706,152.78749678205,3720,25.1615988344349,1881.21066177696,782.904783923291,661.405034244906,0.308409866832282,0.608688550822086,482.808489831278
280,398.769718124363,21366.4765544724,76.2246719835163,28.9563704876609,3.90050087851454,15.2449343967033,22.8674015950549,0.527002128150666,0.0258830574153284,0.0176164236022685,0.00826663381305989,20.3608916711117,3287733.39000618,3946858.81153203,1869564.70019938,2077294.11133265,0.2,0.3,0.3,0.5,1490161.87316226,17088.830783482,3322.92423114919,2185.31150416717,1189.05581698764,843.060739273442,1136.71630327914,185.408135316417,864.086766158072,3457.5244130646,557.645770990372,697.057213737965,164.149369808478,3720,24.8364307216144,1883.58236974215,745.080936581128,655.452256869721,0.30797549637607,0.566557155281853,518.71200859479
280,398.769718124363,21089.209661903,75.2442128973643,28.7695384368781,3.8781371164113,15.0488425794729,22.5732638692093,0.527002128150666,0.0259532564292276,0.0176866226161677,0.00826663381305989,20.3058190245897,3245444.08929559,3896091.34369218,1845516.95227525,2050574.39141694,0.2,0.3,0.4,0.5,1417782.17554253,16804.3269053176,3259.29748216684,2185.31150416717,1173.7612863669,832.216456215746,1123.06639981667,184.264320503669,853.234782077953,3289.58656950713,564.882756585402,706.103445731752,175.403799888732,3720,24.5345672571244,1886.12695263045,708.891087771267,649.936628817992,0.307615119601617,0.530205161227947,554.276007648395
280,398.769718124363,20819.4592911149,74.2895495432361,28.5864486247522,3.85622528716814,14.8579099086472,22.2868648629708,0.527002128150666,0.0260232397290033,0.0177566059159434,0.00826663381305989,20.2512113648676,3204267.41376642,3846659.56034384,1822101.89700498,2024557.66333887,0.2,0.3,0.5,0.5,1347239.07481907,16527.5188290796,3197.73031374002,2185.31150416717,1158.86915256098,821.657489669642,1109.76518882107,183.143099144024,842.668312077116,3125.91006072151,571.940462035269,714.925577544087,186.374621807452,3720,24.2400243788403,1888.60904640025,673.619537409537,644.55776225045,0.307263751790038,0.498994976344368,588.943804911549
280,398.769718124363,20556.9285023068,73.3597247410294,28.406988086584,3.83475171546497,14.6719449482059,22.0079174223088,0.527002128150666,0.0260930078079909,0.017826373994931,0.00826663381305989,20.1970632143556,3164162.0781904,3798513.89938824,1799296.05760496,1999217.84178328,0.2,0.3,0.6,0.5,1278461.87662055,16258.1022477389,3138.13303298285,2185.31150416717,1144.36448417641,811.373252436163,1096.7999982219,182.043796378314,832.376761829518,2966.33085921574,578.826254567869,723.532818209836,197.073010710694,3720,23.9525308958171,1891.03118538945,639.230938310274,639.31060891718,0.306921088013119,0.471906323776245,622.750713845792
280,398.769718124363,22907.909190702,81.7602160079516,29.9893710518822,4.02422120229924,16.3520432015903,24.5280648023855,0.527002128150666,0.0255157530093807,0.0172491191963208,0.00826663381305989,20.6539908093999,3526493.26194004,4233485.30845143,2005335.14610857,2228150.16234286,0.3,0.1,0.1,0.5,1884050.43203923,18667.6799548228,3689.30763235444,2185.31150416717,1275.40674052942,904.286244452825,1213.58598613434,191.726523262437,925.355651801978,4371.43808437197,520.229235879151,650.286544848938,103.984167384187,3720,26.4974995681888,1870.50296109935,942.025216019617,685.871967298503,0.310078810759369,0.894366924691482,328.589968934032
280,398.769718124363,22570.1900295643,80.5282784767677,29.7625782358391,3.99704886948539,16.1056556953535,24.1584835430303,0.527002128150666,0.0255935004470967,0.0173268666340369,0.00826663381305989,20.5912485179591,3473357.15718185,4169696.4672051,1975119.37920242,2194577.08800268,0.3,0.1,0.2,0.5,1799395.26631552,18322.3003705458,3606.74307955847,2185.31150416717,1256.1893080433,890.660469369014,1196.50662160586,190.340168223928,911.720236857149,4175.01828095784,527.889659018556,659.862073773194,116.721832593998,3720,26.1360292404303,1873.16838101981,899.697633157763,679.241658678634,0.309597884444903,0.796766105647853,368.840990997032
280,398.769718124363,22257.1036844451,79.4198848007948,29.5570420172375,3.9724279860428,15.883976960159,23.8259654402384,0.527002128150666,0.0256653303582627,0.0173986965452028,0.00826663381305989,20.5336195090512,3425549.76355271,4112304.6381185,1947933.77595087,2164370.86216763,0.3,0.1,0.3,0.5,1718608.4398478,18001.2527104745,3532.89958559125,2185.31150416717,1238.89908017308,878.401151161896,1181.12656461382,189.083350521152,899.452238430646,3987.57393024886,535.850973970646,669.813717463307,129.222848961483,3720,25.7993654715537,1875.96134208669,859.304219923898,673.076006618963,0.309188789518926,0.719686965172238,408.344202718285
280,398.769718124363,21953.1837121459,78.3431074189247,29.3559905574343,3.94834872396086,15.6686214837849,23.5029322256774,0.527002128150666,0.0257368877636916,0.0174702539506317,0.00826663381305989,20.4765289800943,3379106.04841618,4056549.87805064,1921523.62644504,2135026.2516056,0.3,0.1,0.4,0.5,1640023.18096235,17689.5801338506,3461.63965439625,2185.31150416717,1222.1020461394,866.491529403356,1166.17277134872,187.853584231718,887.534177625327,3805.23773174793,543.603578295321,679.504472869151,141.387149577542,3720,25.4715460999736,1878.68207184717,820.011590481176,667.075483737221,0.3087909627607,0.657768405954003,446.783392665033
280,398.769718124363,21658.0347361598,77.2966539467522,29.1592728546902,3.92479280872121,15.4593307893504,23.1889961840257,0.527002128150666,0.0258081751209403,0.0175415413078804,0.00826663381305989,20.4199686991067,3333970.26846434,4002365.26826451,1895857.23233582,2106508.03592869,0.3,0.1,0.5,0.5,1563547.61563077,17386.8781390186,3392.84022309884,2185.31150416717,1205.77804557744,854.917309218426,1151.62815531395,186.649967396945,875.951749984035,3627.79651620015,551.15659714123,688.945746426537,153.229020756862,3720,25.1522125062157,1881.33367282405,781.773807815384,661.233422032476,0.30840397169093,0.606934636406564,484.203705591684
280,398.769718124363,21358.2026580437,76.195426506734,28.9508150416197,3.89983583418287,15.2390853013468,22.8586279520202,0.527002128150666,0.0258851273670739,0.017618493554014,0.00826663381305989,20.3592634750184,3286471.96994333,3945344.50173269,1868847.39555759,2076497.1061751,0.3,0.1,0.6,0.5,1487964.79964741,17080.2424345784,3321.0131806286,2185.31150416717,1188.5996063752,842.737272126929,1136.30930470254,185.374128707989,863.763069378738,3452.42668814512,557.960223465344,697.45027933168,164.580812116434,3720,24.8273345922717,1883.70343430967,743.982399823705,655.286069115984,0.307970023100704,0.565071947355604,520.07536628793
280,398.769718124363,22554.0301228549,80.4710907435411,29.7520083049691,3.99578260364977,16.0942181487082,24.1413272230623,0.527002128150666,0.0255971622953139,0.017330528482254,0.00826663381305989,20.5883027997656,3470890.52774107,4166735.32742026,1973716.73404117,2193018.59337908,0.3,0.15,0.1,0.5,1795260.18493547,18305.8070325613,3602.92687848378,2185.31150416717,1255.29721621681,890.027947895522,1195.71339981596,190.275544298962,911.087267690644,4165.42392407687,528.223090293622,660.278862867027,117.29164987319,3720,26.1187557014787,1873.27708425794,897.630092467736,678.925188567817,0.309572683092753,0.792895317787301,370.641613599281
280,398.769718124363,22241.4201263315,79.3643382051634,29.5467040506517,3.97118973535102,15.8728676410327,23.809301461549,0.527002128150666,0.0256689782828682,0.0174023444698083,0.00826663381305989,20.5307013915078,3423153.91989204,4109428.47526055,1946571.38301816,2162857.0922424,0.3,0.15,0.2,0.5,1714587.28417344,17985.2455135665,3529.21782498654,2185.31150416717,1238.03258903667,877.786781727796,1180.3554606047,189.020125544311,898.837433815124,3978.24390767666,536.174612764991,670.218265956238,129.776201122368,3720,25.7825501264226,1876.06677620646,857.293642086718,672.768090253785,0.309164229172492,0.716618295154973,410.092795546682
280,398.769718124363,21937.9558558573,78.2891346162972,29.3458767253471,3.94713754079028,15.6578269232594,23.4867403848891,0.527002128150666,0.0257405218824693,0.0174738880694094,0.00826663381305989,20.473638046538,3376778.08581912,4053755.20506497,1920199.83397815,2133555.37108683,0.3,0.15,0.3,0.5,1636111.16577212,17674.0379835138,3458.08589935716,2185.31150416717,1221.2601051608,865.894567119506,1165.42289519684,187.791711445988,886.936792172791,3796.16094065019,543.9178723435,679.897340429375,141.924754019346,3720,25.4551702728757,1878.78438548099,818.055582886058,666.775773922797,0.308767019335089,0.655276809479781,448.482222701135
280,398.769718124363,21643.243036201,77.2441908927636,29.1493756334574,3.92360778259469,15.4488381785527,23.1732572678291,0.527002128150666,0.025811795566189,0.0175451617531291,0.00826663381305989,20.417104528791,3331707.42456024,3999648.76897988,1894570.46951678,2105078.29946309,0.3,0.15,0.4,0.5,1559740.20865777,17371.7810688893,3389.40840700282,2185.31150416717,1204.95965570578,854.337045699953,1150.8986598389,186.589401850155,875.371074834281,3618.96244065663,551.46196731162,689.327459139525,153.751555077775,3720,25.1362584590405,1881.43300571068,779.870104328887,660.941588884334,0.308380622122173,0.604871930907989,485.85491404577
280,398.769718124363,21343.9186750914,76.1449351532889,28.9412212369516,3.89868736495055,15.2289870306578,22.8434805459867,0.527002128150666,0.0258887044998578,0.0176220706867979,0.00826663381305989,20.3564503644267,3284294.16970742,3942730.09568718,1867608.99269393,2075121.10299325,0.3,0.15,0.5,0.5,1484267.99652049,17065.658832146,3317.7328533704,2185.31150416717,1187.81197376283,842.178816752017,1135.60661265156,185.315401377672,863.20421753932,3443.84923941836,558.259842945407,697.824803681758,165.089369955618,3720,24.8118783352595,1883.80101933701,742.133998260245,655.003540047163,0.30794759007345,0.563331243101852,521.682409059753
280,398.769718124363,21067.2667853936,75.1665841890356,28.7546939834072,3.87636041317555,15.0333168378071,22.5499752567107,0.527002128150666,0.0259588862056051,0.0176922523925452,0.00826663381305989,20.3014152447293,3242095.79681031,3892071.78488633,1843612.95073563,2048458.8341507,0.3,0.15,0.6,0.5,1412038.6227016,16781.7849764037,3254.2749871409,2185.31150416717,1172.55032848671,831.35785081499,1121.98519499848,184.173426466944,852.375566717678,3276.26018227168,565.481808989898,706.852261237372,176.320266571529,3720,24.5106133901795,1886.34033124116,706.019311350798,649.499092803122,0.307587930138705,0.527449293313495,557.172042366031
280,398.769718124363,22225.7610030225,79.3088759729967,29.5363781751074,3.96995294438408,15.8617751945993,23.792662791899,0.527002128150666,0.0256726253256338,0.0174059915125739,0.00826663381305989,20.5277848083756,3420761.71500832,4106556.68068226,1945211.05927054,2161345.62141171,0.3,0.2,0.1,0.5,1710571.95662578,17969.2631681776,3525.54289953866,2185.31150416717,1237.16741391601,877.17334540701,1179.58549514661,188.956973542263,898.223562957051,3968.92740772285,536.497834844896,670.62229355612,130.328790833384,3720,25.7657583269096,1876.17208187267,855.285978312889,672.460613217585,0.309139706534096,0.713579857568799,411.838979033494
280,398.769718124363,21922.7513918778,78.2352427643641,29.3357745833991,3.94592776882952,15.6470485528728,23.4705728293092,0.527002128150666,0.0257441551264454,0.0174775213133855,0.00826663381305989,20.4707486247746,3374453.61479893,4050964.72364817,1918878.02699124,2132086.69665693,0.3,0.2,0.2,0.5,1632204.7375889,17658.5196216351,3454.5386561821,2185.31150416717,1220.41942696092,865.298500200837,1164.6741124533,187.729909239687,886.340302704249,3787.09711271672,544.231770242754,680.289712803442,142.461630310278,3720,25.4388170469253,1878.88657724641,816.102368794449,666.476485873705,0.308743112285866,0.652807354495723,450.178751780477
280,398.769718124363,21628.4737412465,77.1918055429444,29.1394897170899,3.92242412105898,15.4383611085889,23.1575416628833,0.527002128150666,0.0258154151443677,0.0175487813313079,0.00826663381305989,20.4142418474972,3329447.93220342,3996936.29316137,1893285.61255012,2103650.68061125,0.3,0.2,0.3,0.5,1555938.16022581,17356.7067806104,3385.98279785623,2185.31150416717,1204.14247796914,853.757641637388,1150.17021478503,186.528904579641,874.791259735111,3610.1407981828,551.766960636097,689.708700795121,154.273393629501,3720,25.1203261156463,1881.53222290549,777.969080112905,660.650160807875,0.308357307654121,0.602825917107564,487.503923869222
280,398.769718124363,21329.6555843487,76.0945154081122,28.9316378639239,3.89754015509301,15.2189030816225,22.8283546224337,0.527002128150666,0.0258922809002931,0.0176256470872332,0.00826663381305989,20.3536386068135,3282119.45808952,3940119.39746642,1866372.3461683,2073747.05129811,0.3,0.2,0.4,0.5,1480576.25427258,17051.096491877,3314.45822863126,2185.31150416717,1187.02545819335,841.621153408241,1134.90488885138,185.256737048208,862.646158279419,3435.28353311572,558.559092471711,698.198865589639,165.597264548313,3720,24.7964423461332,1883.89848976257,740.288127136288,654.721389275773,0.307925189031503,0.561603479705231,523.287355972668
280,398.769718124363,21053.3923147022,75.1174968184468,28.7453033555556,3.87523648094719,15.0234993636894,22.535249045534,0.527002128150666,0.0259624516194978,0.0176958178064379,0.00826663381305989,20.2986272588713,3239978.55336258,3889530.07606552,1842408.98339946,2047121.09266606,0.3,0.2,0.5,0.5,1408441.43906634,16767.6195979082,3251.10692090885,2185.31150416717,1171.78459710315,830.814924350215,1121.30147587785,184.115925670418,851.832254536997,3267.91387408787,565.772716793963,707.215895992454,176.814405665595,3720,24.4955547698586,1886.43499714666,704.220719533171,649.223991303665,0.307566043969437,0.525975243079961,558.733521903279
280,398.769718124363,20784.6057697825,74.1661459431304,28.5626960452692,3.85338291878613,14.8332291886261,22.2498437829391,0.527002128150666,0.0260324066721632,0.0177657728591033,0.00826663381305989,20.2440801877222,3198944.75214051,3840269.81049281,1819075.17339133,2021194.63710148,0.3,0.2,0.6,0.5,1338133.75234543,16491.7977342215,3189.8031557974,2185.31150416717,1156.94413583444,820.292595822289,1108.04506129841,182.997617912978,841.302447939906,3104.78358090181,572.808035560997,716.010044451246,187.749422685789,3720,24.2019514963264,1888.90934884062,669.066876172715,643.86267948982,0.30721586639934,0.495341070399144,593.288175687093
280,398.769718124363,21599.0021628614,77.0872672836317,29.1197517180341,3.92006088197043,15.4174534567263,23.1261801850895,0.527002128150666,0.0258226517014226,0.0175560178883627,0.00826663381305989,20.4085209468102,3324938.97313896,3991523.3771176,1890721.59968728,2100801.77743032,0.3,0.3,0.1,0.5,1548350.0919948,17326.6263426218,3379.15013800606,2185.31150416717,1202.51174841533,852.601404445092,1148.71646702827,186.40811438336,873.634202248626,3592.53470341603,552.375820239624,690.46977529953,155.314989642178,3720,25.0885263548064,1881.73031127366,774.175045997399,660.068516419908,0.308310783729498,0.59878315811151,490.795367269283
280,398.769718124363,21301.191900329,75.993890166258,28.9125023446404,3.89524950525265,15.1987780332516,22.7981670498774,0.527002128150666,0.0258994315044672,0.0176327976914074,0.00826663381305989,20.3480191470522,3277779.27585046,3934909.09465841,1863904.30799609,2071004.78666232,0.3,0.3,0.2,0.5,1473207.91010413,17022.0354152793,3307.92603278826,2185.31150416717,1185.45576919307,840.508196439668,1133.50433837304,185.139596984638,861.532411119458,3418.18724961451,559.156485049735,698.945606312168,166.611069703442,3720,24.7656310087347,1884.09308785009,736.603955052064,654.158219595197,0.307880482662345,0.558186200746053,526.490980262876
280,398.769718124363,21025.7034097171,75.0195284124137,28.7265523955895,3.87299227365322,15.0039056824828,22.5058585237241,0.527002128150666,0.0259695802539431,0.0177029464408832,0.00826663381305989,20.2930552976746,3235752.96614391,3884457.34230962,1840006.10951508,2044451.23279454,0.3,0.3,0.3,0.5,1401261.62925529,16739.349931363,3244.78709913985,2185.31150416717,1170.25635303147,829.731353611393,1119.93683002964,184.001107111357,850.747913948348,3251.2550344343,566.353478354043,707.941847942553,177.800783967337,3720,24.4654959317611,1886.62400321243,700.630814627644,648.674878507394,0.307522364356756,0.523057311249451,561.850477336786
280,398.769718124363,20757.6609527059,74.0707355882102,28.5443180242638,3.85118374724708,14.814147117642,22.2212206764631,0.527002128150666,0.0260395133771918,0.0177728795641319,0.00826663381305989,20.2385551725506,3194829.49914616,3835329.5307877,1816735.04089944,2018594.48988827,0.3,0.3,0.4,0.5,1331135.18854636,16464.288072245,3183.68643336641,2185.31150416717,1155.4557957135,819.237318672698,1106.71501269252,182.885051449226,840.246420546926,3088.54527442821,573.372880460915,716.716100576144,188.709482727074,3720,24.1726171922884,1889.09300304716,665.567594273178,643.327103046318,0.307173179535412,0.492821021265284,596.321965417554
280,398.769718124363,20496.7709808282,73.1465643858843,28.365687163274,3.82981035968925,14.6293128771769,21.9439693157653,0.527002128150666,0.0261092314352352,0.0178425976221753,0.00826663381305989,20.1845132614459,3154968.01544406,3787476.60917654,1794067.86750468,1993408.74167186,0.3,0.3,0.5,0.5,1262758.69886157,16196.5490151297,3124.53544130984,2185.31150416717,1141.03931984784,809.015613623757,1093.82634203752,181.79076041788,830.017445858848,2929.89581048568,580.221965698506,725.277457123133,199.348209909833,3720,23.8867264936666,1891.50259021521,631.379349430787,638.109898453545,0.306832625940377,0.466520366759575,629.940343315072
280,398.769718124363,20242.7540279994,72.2461086689039,28.1905515263172,3.80885900379173,14.4492217337808,21.6738326006712,0.527002128150666,0.0261787352670256,0.0179121014539657,0.00826663381305989,20.1309239264309,3116129.43142786,3740851.65837679,1771982.36449427,1968869.29388252,0.3,0.3,0.6,0.5,1196065.61856222,15935.8464134862,3067.25008088422,2185.31150416717,1126.99279028788,799.056215864117,1081.25880695011,180.717586694785,820.050960521988,2775.15225042655,586.907614513159,733.634518141449,209.727455865872,3720,23.6075675981377,1893.85513290519,598.032809281109,633.018492918244,0.306500412021175,0.443432642693557,662.738760536155
280,398.769718124363,22496.4060364025,80.2671474335408,29.7142831272933,3.99126326579979,16.0534294867082,24.0801442300622,0.527002128150666,0.0256102599853554,0.0173436261722955,0.00826663381305989,20.5777734568887,3462094.01589644,4156175.2891914,1968714.61066961,2187460.67852179,0.4,0.1,0.1,0.5,1780452.6717909,18246.8449929279,3589.31682984818,2185.31150416717,1252.11583185947,887.772245363619,1192.88432909322,190.044886580106,908.829968447229,4131.06702693959,529.561043474689,661.951304343361,119.468394641208,3720,26.0569880013548,1873.73291182277,890.226335895451,677.793692611214,0.309490727019307,0.778448561892049,377.520127066217
280,398.769718124363,22185.491649882,79.1662383184859,29.5098055144954,3.96677023314386,15.8332476636972,23.7498714955458,0.527002128150666,0.0256820262293346,0.0174153924162747,0.00826663381305989,20.5202706143455,3414609.44741301,4099171.00529773,1941712.58145682,2157458.42384091,0.4,0.1,0.2,0.5,1700186.14693108,17928.0159862108,3516.08630276833,2185.31150416717,1234.94235832175,875.595711217212,1177.60514979201,188.794453391775,896.644811147986,3944.82989777069,537.475663671215,671.844579589019,131.892341630562,3720,25.7224155315266,1876.5100284981,850.093073465539,671.667082887203,0.309084445918032,0.705120546426403,416.779799552577
280,398.769718124363,21883.6495838795,78.0966385972956,29.3097769450784,3.94281449932752,15.6193277194591,23.4289915791887,0.527002128150666,0.0257535205134386,0.0174868867003787,0.00826663381305989,20.463304342242,3368475.32015748,4043787.89934872,1915478.47863887,2128309.42070985,0.4,0.1,0.3,0.5,1622099.36877514,17618.4659138812,3445.41002860805,2185.31150416717,1218.2572911744,863.765478939016,1162.74817831305,187.57085832539,884.806194615793,3763.65029126339,545.183669998274,681.479587497843,143.982896985141,3720,25.3966023166121,1879.21561730039,811.04968438757,665.704019449367,0.308689326309461,0.645910048674725,454.985954473044
280,398.769718124363,21590.4894756407,77.0570709193586,29.1140478139496,3.91937795929164,15.4114141838717,23.1171212758076,0.527002128150666,0.0258247453610744,0.0175581115480145,0.00826663381305989,20.4068663904433,3323636.53926166,3989959.83104641,1889980.97260093,2099978.85844548,0.4,0.1,0.4,0.5,1546101.61583426,17317.7954126486,3377.1666208127,2185.31150416717,1202.04070457012,852.267419944941,1148.29652289559,186.373207656846,873.299980791558,3587.31771232447,552.694062992069,690.867578740087,155.754163542912,3720,25.079194009473,1881.85273919664,773.050807917129,659.897913171697,0.308304940240974,0.59709479274612,492.183156795601
280,398.769718124363,21292.9696959751,75.96482150058,28.9069721089287,3.89458750688884,15.192964300116,22.789446450174,0.527002128150666,0.0259015004063634,0.0176348665933035,0.00826663381305989,20.3463938336635,3276525.4820293,3933403.94001116,1863191.34000529,2070212.60000588,0.4,0.1,0.5,0.5,1471023.54637446,17013.5003002769,3306.02930645713,2185.31150416717,1185.00231672004,840.186684934192,1133.09972568078,185.105742438548,861.210671332837,3413.11901437219,559.469395698162,699.336744622703,167.040264671905,3720,24.7565851781678,1884.21358132646,735.511773187232,653.992972119007,0.307875054167922,0.556751991399604,527.847236363219
280,398.769718124363,21017.7046863047,74.9912261860622,28.7211331260917,3.87234367652054,14.9982452372124,22.4973678558187,0.527002128150666,0.0259716428356123,0.0177050090225524,0.00826663381305989,20.2914436905794,3234532.23049276,3882991.87334065,1839311.94000347,2043679.93333719,0.4,0.1,0.6,0.5,1399132.33856311,16731.0448986109,3242.95181638899,2185.31150416717,1169.81485651858,829.418319393488,1119.54257537718,183.96792245136,850.434657317717,3246.3145815323,566.659787693824,708.32473461728,178.220314358125,3720,24.4566686078374,1886.74205700091,699.566169281554,648.513713366438,0.307517135109372,0.521826035011482,563.176193371674
280,398.769718124363,22169.9172567052,79.1110685036331,29.4995212425552,3.96553846626219,15.8222137007266,23.7333205510899,0.527002128150666,0.0256856706472894,0.0174190368342295,0.00826663381305989,20.5173590904967,3412229.85511446,4096314.3518781,1940359.42983699,2155954.9220411,0.4,0.15,0.1,0.5,1696191.06892751,17912.1200051586,3512.43518606077,2185.31150416717,1234.08174472295,874.985509218279,1176.83912802529,188.731552376117,896.034176843158,3935.56038149988,537.797251546523,672.246564433154,132.442104615431,3720,25.7057053367415,1876.6148015966,848.095534463757,671.361129286046,0.309060043468173,0.702193613353108,418.517050584763
280,398.769718124363,21868.5262087755,78.043027248056,29.2997150110477,3.94160958254772,15.6086054496112,23.4129081744168,0.527002128150666,0.0257571511561422,0.0174905173430823,0.00826663381305989,20.4604199026488,3366162.94781934,4041011.94216008,1914163.55154951,2126848.39061057,0.4,0.15,0.2,0.5,1618212.34685616,17603.0301991672,3441.88546306879,2185.31150416717,1217.42098863598,863.172514556365,1162.00318169929,187.509298767706,884.212809826281,3754.63149040622,545.496009608303,681.870012010379,144.517070287238,3720,25.3803273959141,1879.31730136629,809.106173428079,665.406193479799,0.308665535022997,0.643522594356194,456.673942107673
280,398.769718124363,21575.7978215735,77.0049547394542,29.1042007643913,3.91819899065423,15.4009909478908,23.1014864218363,0.527002128150666,0.0258283623639929,0.017561728550933,0.00826663381305989,20.4040086136222,3321388.65677988,3987261.29265292,1888702.71757243,2098558.57508048,0.4,0.15,0.3,0.5,1542318.17475239,17302.8002522138,3373.7626226075,2185.31150416717,1201.22772571089,851.690993068382,1147.57171395287,186.312945019152,872.723144937184,3578.5392432591,552.997569359642,691.246961699552,156.273415973945,3720,25.0633368368528,1881.9514720559,771.159087376195,659.607888866541,0.308281737297074,0.59511081536418,493.823994477666
280,398.769718124363,21278.7789539023,75.9146495846861,28.8974245466884,3.8934446217087,15.1829299169372,22.7743948754058,0.527002128150666,0.0259050747044555,0.0176384408913956,0.00826663381305989,20.3435865043086,3274361.45981927,3930806.07421281,1861960.77199554,2068845.30221727,0.4,0.15,0.4,0.5,1467349.36965829,16999.0117671116,3302.77452558746,2185.31150416717,1184.21966712785,839.631762734641,1132.40135033941,185.047294279727,860.655355113896,3404.59406421551,559.767186790692,699.708983488365,167.54569126686,3720,24.741219334023,1884.31057328478,733.674684829145,653.712131407334,0.307852753995062,0.555072465885581,529.444384403277
280,398.769718124363,21003.8996914855,74.9423774174092,28.7117772280209,3.87122393809457,14.9884754834818,22.4827132252227,0.527002128150666,0.0259752061497542,0.0177085723366943,0.00826663381305989,20.2886600827094,3232425.27845765,3880462.51915685,1838113.82486377,2042348.69429308,0.4,0.15,0.5,0.5,1395552.03907418,16716.9503896354,3239.80272495236,2185.31150416717,1169.05284717163,828.878032010803,1118.86208264377,183.910631369868,849.893986047245,3238.00744852078,566.949301850162,708.686627312703,178.712087112894,3720,24.4416775200157,1886.83626593872,697.77601953709,648.23987330609,0.307495346519509,0.520390095054126,564.730195276744
280,398.769718124363,20736.4423488259,73.9955965343048,28.5298363450853,3.84945085293109,14.799119306861,22.1986789602914,0.527002128150666,0.0260451220030339,0.017778488189974,0.00826663381305989,20.234196948253,3191588.59078945,3831438.88450115,1814892.10318475,2016546.78131639,0.4,0.15,0.6,0.5,1325568.80455213,16442.4879149535,3178.86190120736,2185.31150416717,1154.28367483972,818.406250353589,1105.66747824682,182.796348062844,839.41476134942,3075.62996039479,573.954433872438,717.443042340548,189.598384170808,3720,24.1493700302259,1889.30025328182,662.784402276066,642.902771084565,0.307146848325922,0.490510509394516,599.130893979752
280,398.769718124363,21853.4259877364,77.989496066792,29.2896646743303,3.94040606574557,15.5978992133584,23.3968488200376,0.527002128150666,0.0257607809258892,0.0174941471128293,0.00826663381305989,20.4575369693485,3363854.03329773,4038240.13601168,1912850.59074237,2125389.5452693,0.4,0.2,0.1,0.5,1614330.8569002,17587.6180302673,3438.36733583563,2185.31150416717,1216.58593666638,862.580436881371,1161.25926813078,187.447809234551,883.62031235742,3745.62552499837,545.8079574691,682.259946836375,145.050522998379,3720,25.364074860094,1879.41886493471,807.1654284501,665.108785252587,0.308641779791237,0.641155909524292,458.359652674878
280,398.769718124363,21561.1283467864,76.9529155188942,29.0943649304781,3.91702137581286,15.3905831037788,23.0858746556683,0.527002128150666,0.0258319785018385,0.0175653446887786,0.00826663381305989,20.4011523202978,3319144.09371948,3984566.73915904,1887426.35012797,2097140.38903108,0.4,0.2,0.2,0.5,1538540.04003604,17287.827643781,3370.36476194626,2185.31150416717,1200.41594736789,851.115417409353,1146.8479455601,186.252750124122,872.147160889471,3569.77308620403,553.30070300545,691.625878756813,156.791979770856,3720,25.0475011624596,1882.05009050648,769.270020018022,659.318265808099,0.308258569145565,0.593142583797429,495.462656075906
280,398.769718124363,21264.6089055523,75.8645486395566,28.8878873411526,3.89230298683151,15.1729097279113,22.759364591867,0.527002128150666,0.0259086482704569,0.017642014457397,0.00826663381305989,20.3407805243007,3272200.49873033,3928211.88322969,1860731.94468775,2067479.93854194,0.4,0.2,0.3,0.5,1463680.20688786,16984.5442936226,3299.52538733292,2185.31150416717,1183.43812463389,839.0776255149,1131.70393481278,184.988908674156,860.100824418405,3396.08074758681,560.064611929656,700.08076491207,168.050461176841,3720,24.7258735775036,1884.40745190822,731.840103443932,653.431665638367,0.307830485554261,0.553405205488459,531.039457318818
280,398.769718124363,20990.1145767057,74.8935970010906,28.7024313780557,3.87010541261295,14.9787194002181,22.4680791003272,0.527002128150666,0.0259787687330558,0.0177121349199959,0.00826663381305989,20.2858778091396,3230321.27460515,3877936.70420787,1836917.38620373,2041019.31800414,0.4,0.2,0.4,0.5,1391976.56081995,16702.8761093447,3236.65903064876,2185.31150416717,1168.2919040771,828.338500645931,1118.18251506573,183.853400998106,849.354071318739,3229.71150190247,567.238467360991,709.048084201238,179.203230987696,3720,24.4267057793858,1886.93036715962,695.988280409973,647.966394406678,0.307473588671468,0.518963857333495,566.282209921119
280,398.769718124363,20723.0269403919,73.9480875980919,28.5206760715627,3.84835473722045,14.7896175196184,22.1844262794276,0.527002128150666,0.0260486736261671,0.0177820398131072,0.00826663381305989,20.2314381036763,3189539.42859766,3828978.90587954,1813726.85015347,2015252.05572607,0.4,0.2,0.5,0.5,1322083.39469759,16428.7912465926,3175.81905186553,2185.31150416717,1153.54256601638,817.880782324471,1105.00510936802,182.740238402891,838.888919703677,3067.54299355002,574.235693799271,717.794617249088,190.076451835805,3720,24.1347584236192,1889.39169613323,661.041697348796,642.636020650699,0.307125584165458,0.489276809945595,600.641587801143
280,398.769718124363,20463.0543392773,73.0270786349843,28.3425098568357,3.82703745534046,14.6054157269969,21.9081235904953,0.527002128150666,0.0261183635484415,0.0178517297353816,0.00826663381305989,20.1774558797775,3149814.33904714,3781289.72274567,1791137.23709005,1990152.48565562,0.4,0.2,0.6,0.5,1253931.26872981,16161.9908262107,3116.9174691597,2185.31150416717,1139.17541904699,807.694053521634,1092.15924474049,181.648754265168,828.694945527236,2909.41410595754,581.063513066662,726.329391333328,200.68109376236,3720,23.849764829391,1891.7939238062,626.965634364904,637.435579478446,0.306786171231748,0.463421831406439,634.152256289056
280,398.769718124363,21236.3307129215,75.7645590913155,28.868843932594,3.89002345980302,15.1529118182631,22.7293677273947,0.527002128150666,0.025915793206576,0.0176491593935162,0.00826663381305989,20.3351726088376,3267887.73531857,3923034.49618076,1858279.49819089,2064754.99798987,0.4,0.3,0.1,0.5,1456356.88136405,16955.6723452483,3293.04398541975,2185.31150416717,1181.87835204478,837.971699707135,1130.31197565141,184.872324718787,858.994113285818,3379.08891788064,560.658367673237,700.822959591546,169.058036567654,3720,24.6952421663017,1884.60087017122,728.178440682026,652.871855931057,0.307786043629073,0.550106944858448,534.223395553787
280,398.769718124363,20962.6038186123,74.7962406797658,28.6837697570843,3.86787199257212,14.9592481359532,22.4388722039297,0.527002128150666,0.0259858917076901,0.0177192578946302,0.00826663381305989,20.2803172613356,3226122.08791115,3872895.66375889,1834529.52493842,2038366.13882047,0.4,0.3,0.2,0.5,1384840.0281899,16674.7880630381,3230.38778292103,2185.31150416717,1166.77320813287,827.261699933837,1116.8261481416,183.73912199299,848.276505447773,3213.15307544061,567.815755574133,709.769694467666,180.183637428385,3720,24.3968201858488,1887.11824740827,692.42001409495,647.420517225999,0.307430164969527,0.516140096444459,569.380294273696
280,398.769718124363,20696.2532790675,73.8532667461072,28.502384710883,3.84616602867798,14.7706533492214,22.1559800238322,0.527002128150666,0.0260557746866693,0.0177891408736094,0.00826663381305989,20.2259243675565,3185449.60212774,3824069.15021338,1811401.17641686,2012667.97379651,0.4,0.3,0.3,0.5,1315126.4503488,16401.4560594626,3169.74879810306,2185.31150416717,1152.06342176177,816.83202542877,1103.68304058053,182.628195486201,837.839417087265,3051.40125394474,574.797219604954,718.496524506192,191.030784686132,3720,24.1055909834627,1889.57427545619,657.563225174398,642.103561026685,0.307083144980793,0.486832528865968,603.657279608178
280,398.769718124363,20436.9888944897,72.934699746774,28.3245776175835,3.82489210997853,14.5869399493548,21.8804099240322,0.527002128150666,0.0261254427711068,0.0178588089580469,0.00826663381305989,20.1719883857241,3145829.83970595,3776506.41021123,1788871.45746848,1987634.95274275,0.4,0.3,0.4,0.5,1247147.05385781,16135.3789519806,3111.0395206447,2185.31150416717,1137.73436785536,806.672306195018,1090.87023503255,181.538880860888,827.672471220702,2893.67313917678,581.609942509103,727.012428136379,201.610392768678,3720,23.8212891234348,1891.97142613949,623.573526928906,636.916045457227,0.306744684054787,0.461285743868896,637.088841149023
280,398.769718124363,20184.5343710951,72.0396428600948,28.1502410551143,3.80403723422427,14.407928572019,21.6118928580285,0.527002128150666,0.026194896861817,0.0179282630487572,0.00826663381305989,20.1185036509477,3107224.11880595,3730161.00696993,1766918.3717226,1963242.63524733,0.4,0.3,0.5,0.5,1180836.0502977,15876.2736524187,3054.17693093101,2185.31150416717,1123.77205657286,796.772622664673,1078.37584112373,180.470535885052,817.765741585338,2739.8160866021,588.260718676376,735.325898345469,211.932829735098,3720,23.5436610904817,1894.31203847677,590.418025148849,631.853249059632,0.306414493210434,0.438818280849851,669.707741962911
280,398.769718124363,19926.8266715814,71.0859217854772,27.9632819897853,3.78167668088847,14.2171843570954,21.3257765356431,0.527002128150666,0.0262706717073779,0.018004037894318,0.00826663381305989,20.060474053378,3066088.08581061,3680778.0141784,1743526.42776871,1937251.58640968,0.4,0.3,0.6,0.5,1115376.7867915,15612.6932449924,2994.05247277164,2185.31150416717,1108.89462172075,786.224094805068,1065.0520283508,179.324515854166,807.2097009868,2587.93527035654,594.13342658892,742.66678323615,221.75427934403,3720,23.2599937889869,1896.36038125823,557.688393395751,626.675568786752,0.306034916162863,0.419383113034404,700.743522727134
300,398.769718124363,20632.8175323096,68.7216738240448,27.4943341811453,3.72561004323935,13.744334764809,20.6165021472134,0.564645137304285,0.0279230247024816,0.0184332664987139,0.00948975820376773,20.221489015626,3571002.91682337,4286918.26749504,3158781.88131214,1128136.38618291,0.2,0.15,0.3,0.25,1250343.56893076,16314.754957505,3040.22299286273,2185.31150416717,1072.01387539297,814.366640254759,1448.27886811775,176.448474867651,781.04157056576,2901.08980249402,598.062574804649,747.578218505812,205.579084291516,3720,24.5335556349525,1895.80042052196,625.171784465379,641.859813527927,0.307808787648644,0.4523806510789,649.62990636119
300,398.769718124363,20175.6542884192,67.1690058894419,27.1819621216692,3.68827996973662,13.4338011778884,20.1507017668326,0.564645137304285,0.0280591990745206,0.0185694408707528,0.00948975820376773,20.1233519105332,3490321.21315123,4190061.48037363,3087413.72238057,1102647.75799306,0.2,0.15,0.4,0.25,1133414.38273082,15846.9751882387,2938.19872376656,2185.31150416717,1047.79325506824,795.966863771962,1417.37966971957,174.531511805283,763.856225510566,2629.78671578429,608.679100180576,760.84887522572,223.294387924187,3720,24.0209893903224,1899.58035437309,566.707191365408,632.689091295616,0.30715490498389,0.416490539079628,705.61026584043
300,398.769718124363,20153.5810601883,67.096284842469,27.1672437554338,3.68652138763225,13.4192569684938,20.1288854527407,0.564645137304285,0.0280657193796478,0.01857596117588,0.00948975820376773,20.1186767980636,3486542.38972618,4185525.0777025,3084071.10988605,1101453.96781645,0.2,0.2,0.3,0.25,1127662.69045988,15824.4578774242,2933.45192005887,2185.31150416717,1046.65885354613,795.105088755727,1415.93158997204,174.441164392681,763.051329462187,2616.44144316569,609.123182764099,761.403978455123,224.072538833658,3720,23.9962896609327,1899.72618442126,563.831345229939,632.247545174148,0.307119035719443,0.415044165983407,708.069222714358
300,398.769718124363,19732.88909786,65.7091749272106,26.8849572102936,3.65279923028924,13.1418349854421,19.7127524781632,0.564645137304285,0.0281926384494331,0.0187028802456654,0.00948975820376773,20.0281055041033,3414463.62217426,4098995.94498711,3020312.80156945,1078683.14341766,0.2,0.2,0.4,0.25,1016915.43854375,15392.8309407314,2843.21843104383,2185.31150416717,1025.02083175319,778.667258748382,1388.29500925873,172.707954754592,747.698424960238,2359.48189127,620.058157128584,775.072696410729,241.314294345717,3720,23.5217985820068,1903.63744093346,508.457719271876,623.77016815278,0.306565182213238,0.385389519722211,762.553170132466
300,398.769718124363,18905.6289289167,62.9756716281011,26.3198098000178,3.58532212207538,12.5951343256202,18.8927014884303,0.564645137304285,0.0284578398426513,0.0189680816388836,0.00948975820376773,19.8414616297763,3272421.85120024,3928477.61248528,2894667.71446284,1033809.89802244,0.2,0.3,0.4,0.25,798406.796726668,14544.2132420767,2668.12570158831,2185.31150416717,982.379939847956,746.274141894284,1333.74551949493,169.235593448521,717.443277444279,1852.49068638504,641.415686840042,801.769608550052,275.118424626155,3720,22.582162304812,1911.25278911604,399.203398363334,607.008118187181,0.305455721163632,0.338036247940767,869.374221818649
300,398.769718124363,20075.3366986023,66.8384580166552,27.1149965551023,3.68027902954334,13.367691603331,20.0515374049966,0.564645137304285,0.0280889421041782,0.0185991839004105,0.00948975820376773,20.1020435447547,3473144.86466919,4169441.61424873,3072220.13681485,1097221.47743387,0.3,0.15,0.3,0.25,1107169.92314845,15744.3915247209,2916.62528130802,2185.31150416717,1042.63692102702,792.049732613029,1410.79689461106,174.120432091474,760.197633016638,2568.89342536535,610.945173881468,763.681467351834,227.072245032254,3720,23.9084289525437,1900.35671011051,553.584961574226,630.677132890703,0.307005030956629,0.409561282959924,717.548294301922
300,398.769718124363,19658.0105465508,65.4620651424416,26.834357017951,3.64675572683204,13.0924130284883,19.6386195427325,0.564645137304285,0.0282157697602815,0.0187260115565138,0.00948975820376773,20.0116864470279,3401622.98961858,4083581.01995028,3008954.43575284,1074626.58419744,0.3,0.15,0.4,0.25,997257.677197268,15316.2082452736,2827.25438777758,2185.31150416717,1021.1660781758,775.738906182793,1383.36853833119,172.397190509414,744.963347598795,2313.87128279467,621.802301277141,777.252876596426,244.188026309319,3720,23.4373177958898,1904.24059887328,498.628838598634,622.261645017137,0.306455364768189,0.380854054990373,771.634163137448
300,398.769718124363,19637.1061458969,65.3930660729818,26.8202111625319,3.64506626515695,13.0786132145964,19.6179198218945,0.564645137304285,0.0282222574376339,0.0187324992338662,0.00948975820376773,20.0070861996794,3398037.57231734,4079276.79749981,3005782.90342091,1073493.8940789,0.3,0.2,0.3,0.25,991795.111987488,15294.8845049202,2822.80677434213,2185.31150416717,1020.08973710704,774.921238904389,1381.99277899167,172.310308244226,744.199647395598,2301.19685264656,622.221640976696,777.77705122087,244.924656878196,3720,23.4137902998625,1904.37797630132,495.897555993744,621.841560493782,0.306421073444591,0.379708605843837,773.961915735101
300,398.769718124363,19238.4098673835,64.0761590404221,26.5487805641736,3.61265471971063,12.8152318080844,19.2228477121266,0.564645137304285,0.0283485543296712,0.0188587961259035,0.00948975820376773,19.9179517494229,3329606.77613946,3997126.98216022,2945251.46053911,1051875.52162111,0.3,0.2,0.4,0.25,886515.759827076,14885.7820349907,2738.19360200208,2185.31150416717,999.546835094483,759.315356058942,1355.72095977538,170.642819967701,729.623767224582,2056.92410829443,632.627832392816,790.78479049102,261.322766741258,3720,22.9614532870381,1908.10097713256,443.257879913538,613.769879916809,0.305893594697655,0.355881736443123,825.779942902374
300,398.769718124363,18443.2682099628,61.4075328808896,25.9900531297992,3.5459732399743,12.2815065761779,18.4222598642669,0.564645137304285,0.028619826706741,0.0191300685029733,0.00948975820376773,19.7291598963906,3190936.23350976,3830655.74250871,2822588.44184853,1008067.30066019,0.3,0.3,0.4,0.25,678197.157379436,14070.9664237392,2569.42059116619,2185.31150416717,957.917984805121,727.691086262888,1302.39755985849,167.208001029934,700.086697286563,1573.57618037453,652.301786223634,815.377232779542,293.190362285048,3720,22.0533516163817,1915.104567825,339.098578689718,597.587729766708,0.304780269430105,0.317200058266523,926.481544820751
300,398.769718124363,21885.725630375,72.8988312622025,28.317611902917,3.82405876894288,14.5797662524405,21.8696493786607,0.564645137304285,0.0275832835300176,0.0180935253262499,0.00948975820376773,20.4705555337459,3788061.67813766,4547493.01096958,3111442.58645287,1436050.42451671,0.1,0.1,0.3,0.3,1595367.76302845,17602.8903702451,3320.75426925869,2185.31150416717,1137.17484258465,863.867810456716,1484.47624580604,181.49620010185,827.275469215167,3701.62670769561,562.8352601299,703.544075162375,151.462038123213,3720,25.8415422754851,1882.76283162732,797.683881514224,667.294961222357,0.309312565614174,0.61401524205257,478.620040469352
300,398.769718124363,21403.149046636,71.2662887148997,27.9987352547199,3.78591659389147,14.2532577429799,21.3798866144699,0.564645137304285,0.0277117020248383,0.0182219438210706,0.00948975820376773,20.3756931565656,3703229.42837053,4445653.57547482,3041762.9726933,1403890.60278152,0.1,0.1,0.4,0.3,1472429.14763445,17109.1253362716,3210.34218889549,2185.31150416717,1111.70822971724,844.521443437351,1453.13104179736,179.541862801371,809.206050527867,3416.38033836589,574.023710364363,717.529637955454,170.099552647382,3720,25.3094049574587,1886.75308051228,736.214573817225,657.710136958361,0.308633964341346,0.546738651293164,537.514586365726
300,398.769718124363,21379.7904733927,71.1892138026458,27.9835907601062,3.78410541954078,14.2378427605292,21.3567641407937,0.564645137304285,0.0277178985584133,0.0182281403546456,0.00948975820376773,20.371138025285,3699224.36386675,4440845.57487005,3038473.28806898,1402372.28680107,0.1,0.15,0.3,0.3,1466389.01022793,17085.2993889199,3205.16402813043,2185.31150416717,1110.50591069933,843.608071305933,1451.6502733175,179.449020657792,808.35296473105,3402.36580550378,574.491084472848,718.11385559106,170.920412093932,3720,25.2836917612644,1886.90762173662,733.194505113967,657.24735663952,0.308596576080809,0.544112893601557,540.108502216826
300,398.769718124363,20934.8117686483,69.7199148625665,27.6933035856727,3.74939491876108,13.9439829725133,20.9159744587699,0.564645137304285,0.027838431641925,0.0183486734381573,0.00948975820376773,20.2829363581647,3622874.78579706,4349189.41872396,2975761.18123219,1373428.23749178,0.1,0.15,0.4,0.3,1350188.15629518,16628.9709448827,3106.79983397315,2185.31150416717,1087.5857930244,826.196229808526,1423.40599070249,177.669008972037,792.090370063019,3132.75262016649,585.840823765595,732.301029706993,188.944170745319,3720,24.7901578957581,1890.97180351375,675.094078147589,648.369490105025,0.308012693948203,0.492208887065144,597.063579555208
300,398.769718124363,20508.9772068656,68.3120723007384,27.4122745372967,3.71580217613279,13.6624144601477,20.4936216902215,0.564645137304285,0.0279583937874915,0.0184686355837238,0.00948975820376773,20.1959075902603,3549718.68212607,4261366.96533742,2915672.13417823,1345694.83115918,0.1,0.15,0.5,0.3,1238680.07234376,16192.233824576,3013.49068784284,2185.31150416717,1065.62435529061,809.512686239933,1396.31404485791,175.944984963149,776.507991069283,2874.0277598277,596.743382289581,745.929227861976,206.24511252443,3720,24.3156418158555,1894.87669148516,619.340036171879,639.841092573213,0.307451879362636,0.450919776287955,651.734555577198
300,398.769718124363,20912.5211226611,69.6462616378765,27.6786718976298,3.7476456594398,13.9292523275753,20.8938784913629,0.564645137304285,0.0278445968419591,0.0183548386381913,0.00948975820376773,20.2784454200974,3619047.52336928,4344594.86598953,2972617.53988757,1371977.32610196,0.1,0.2,0.3,0.3,1344408.47105745,16606.2349224724,3101.90423063364,2185.31150416717,1086.43685012995,825.323406916174,1421.98934897935,177.579267272986,791.275156421701,3119.34239731139,586.286200188706,732.857750235883,189.727611745515,3720,24.7655012140682,1891.11881906538,672.204235528726,647.926119990945,0.307976747237387,0.490176412090943,599.539253115827
300,398.769718124363,20487.6352720801,68.2414709667778,27.3981054205315,3.71410876040429,13.6482941933556,20.4724412900333,0.564645137304285,0.0279645297440662,0.0184747715402984,0.00948975820376773,20.191476219052,3546050.00592137,4256962.79222254,2912658.75257332,1344304.03964922,0.1,0.2,0.4,0.3,1233132.17138879,16170.4661318293,3008.84441440107,2185.31150416717,1064.52301992703,808.676030208653,1394.95466043267,175.858041400767,775.726556572936,2861.15533077249,597.169140250822,746.461425313527,206.99517201207,3720,24.2919276717752,1895.01697178921,616.566085694396,639.415042700823,0.307417216572402,0.449285841288014,654.104743558141
300,398.769718124363,20068.3036852432,66.8152728087375,27.1102932646645,3.67971711196389,13.3630545617475,20.0445818426212,0.564645137304285,0.028091038525399,0.0186012803216313,0.00948975820376773,20.1005433385366,3471940.0854417,4167995.3006503,2851786.25833968,1316209.04231062,0.1,0.2,0.5,0.3,1125453.59605955,15741.3273840305,2915.40386026112,2185.31150416717,1042.27524670786,791.774978184581,1367.47826874493,174.091558451933,759.941012918184,2611.31582697764,606.976301212643,758.720376515804,223.322697461048,3720,23.822713431481,1898.51822907477,562.726798029777,630.985826049563,0.306819473353044,0.416437742590948,705.699723976912
300,398.769718124363,20027.8004223483,66.6817755223611,27.083196464708,3.67647983009877,13.3363551044722,20.0045326567083,0.564645137304285,0.0281031356148773,0.0186133774111096,0.00948975820376773,20.0918909918853,3465003.12985679,4159667.6228773,2846088.37354762,1313579.24932967,0.1,0.3,0.3,0.3,1114852.67570173,15700.0010840007,2906.71342388448,2185.31150416717,1040.19277497283,790.192979471112,1364.90481925047,173.925206099065,758.463429154662,2586.71920992668,607.799338347598,759.749172934498,224.758900321482,3720,23.7774811123592,1898.78949974034,557.426337850867,630.174043268904,0.306753911235381,0.413776717482504,710.238125015882
300,398.769718124363,19641.5738506696,65.4078072396415,26.823233951857,3.64542727911941,13.0815614479283,19.6223421718924,0.564645137304285,0.0282208703281807,0.018731112124413,0.00948975820376773,20.0080695860199,3398803.57154597,4080196.36440092,2791713.30195852,1288483.0624424,0.1,0.3,0.4,0.3,1012727.59184477,15303.6409934786,2824.04868920747,2185.31150416717,1020.31968981802,775.095927774028,1340.33265028861,172.328874048249,744.362806581098,2349.76510649602,617.932857190954,772.416071488693,240.683346841532,3720,23.3427388886434,1902.42297024639,506.363795922385,622.376356488469,0.306248807224321,0.386399812120081,760.55937601924
300,398.769718124363,19270.6126650239,64.1825856006815,26.5708193627426,3.61528595565242,12.8365171201363,19.2547756802045,0.564645137304285,0.0283381695736145,0.0188484113698468,0.00948975820376773,19.9252508471832,3335137.04826419,4003765.96430275,2739418.81768083,1264347.14662192,0.1,0.3,0.5,0.3,914414.259678927,14922.9210086365,2745.28262349126,2185.31150416717,1001.20702092757,760.576553590832,1316.67697466235,170.778239503319,730.801724932302,2121.65515937209,627.691656387428,784.614570484285,256.014631930171,3720,22.9233312918011,1905.92220919626,457.207129839464,614.860670521038,0.305761627076821,0.363260487491848,809.006236899341
300,398.769718124363,21297.0099128641,70.9160237536791,27.9298453502784,3.77767808849794,14.1832047507358,21.2748071261037,0.564645137304285,0.0277399617263977,0.0182502035226299,0.00948975820376773,20.3549357015501,3685028.51549139,4423803.7400857,3026813.0853218,1396990.65476391,0.2,0.1,0.3,0.3,1444879.27924948,17000.6173670477,3186.81445955023,2185.31150416717,1106.24432178836,840.370647520567,1446.40105775265,179.119520759403,805.329224011925,3352.4581939108,576.392545816478,720.490682270597,174.068176483492,3720,25.1922659835216,1887.56764912335,722.439639624742,655.602128864872,0.308477074922646,0.534273420212568,550.055437687834
300,398.769718124363,20855.621923511,69.4582332107186,27.6412837132776,3.7431759276335,13.8916466421437,20.8374699632156,0.564645137304285,0.0278603904910387,0.0183706322872709,0.00948975820376773,20.2669498651106,3609276.95137265,4332865.48784232,2964592.17589211,1368273.31195021,0.2,0.1,0.4,0.3,1329556.40100434,16547.9593768585,3089.40061038692,2185.31150416717,1083.50372770051,823.095188057246,1418.37246793933,177.349941856034,789.194007369235,3084.88211771491,587.662546652508,734.578183315635,191.960485857522,3720,24.7022897263127,1891.60387201263,664.778200502168,646.789629306529,0.307897730252601,0.484474706263386,606.59513530977
300,398.769718124363,20433.1528637113,68.0612196670182,27.3618971626092,3.7097814730441,13.6122439334036,20.4183659001054,0.564645137304285,0.0279802485913159,0.0184904903875482,0.00948975820376773,20.1801329770719,3536683.5588984,4245718.55810132,2904965.32922722,1340753.2288741,0.2,0.1,0.5,0.3,1218872.4992765,16114.6621775096,2996.97607022224,2185.31150416717,1061.71121567886,806.539975284165,1391.48370163633,175.635853782022,773.731486851985,2828.0695530872,598.490686201689,748.113357752111,209.13830188369,3720,24.2311219490486,1895.48265142748,609.436249638251,638.322764425039,0.307341212478408,0.444681816589106,660.877033952459
300,398.769718124363,20833.5102752743,69.3851550136676,27.6267389525138,3.74143716225136,13.8770310027335,20.8155465041003,0.564645137304285,0.027866550039274,0.0183767918355062,0.00948975820376773,20.262470112321,3605479.56926153,4328306.80583617,2961473.07767738,1366833.72815879,0.2,0.15,0.3,0.3,1323820.33458173,16525.4057993968,3084.55210691339,2185.31150416717,1082.36375486708,822.229179613421,1416.96661151328,177.26072593882,788.385158288021,3071.57310072267,588.104475877472,735.13059484684,192.737880087501,3720,24.677810489795,1891.74973463822,661.910167290866,646.349519166184,0.307862039118868,0.482520612750222,609.051701076504
300,398.769718124363,20411.9788062925,67.9911596695805,27.3478108148602,3.70809804795845,13.5982319339161,20.3973479008742,0.564645137304285,0.0279863789215772,0.0184966207178094,0.00948975820376773,20.1757125809852,3533043.01230981,4241348.15403339,2901975.05275969,1339373.1012737,0.2,0.15,0.4,0.3,1213365.56843649,16093.0655687153,2992.37366467898,2185.31150416717,1060.61832481657,805.709734432498,1390.13448146289,175.54941110909,772.956044013437,2815.29218429036,598.913237577216,748.64154697152,209.882704893211,3720,24.2075748984956,1895.62186028056,606.682784218247,637.899784848334,0.307306792140635,0.443104638123083,663.229347462546
300,398.769718124363,19996.2598463307,66.5778054978976,27.0620742086942,3.67395640638285,13.3155610995795,19.9733416493693,0.564645137304285,0.0281125880595778,0.0186228298558101,0.00948975820376773,20.0851353887325,3459600.50736578,4153181.88159158,2841650.76108897,1311531.1205026,0.2,0.15,0.5,0.3,1106504.68840316,15667.5907239801,2899.93498228713,2185.31150416717,1038.57090951688,788.960891246159,1362.90038484148,173.795527516608,757.312661043863,2567.3499250157,608.669122350558,760.836402938198,226.099977949405,3720,23.7420058911466,1899.10568229499,553.252344201581,629.537496270201,0.306715052214852,0.411322463820898,714.47593032012
300,398.769718124363,20390.8529887035,67.9212554151357,27.3337485458269,3.70641752807573,13.5842510830271,20.3763766245407,0.564645137304285,0.0279925072457095,0.0185027490419417,0.00948975820376773,20.1712955666317,3529410.55863646,4236987.4653499,2898991.42366046,1337996.04168944,0.2,0.2,0.3,0.3,1207870.38280343,16071.5179855808,2987.78377787581,2185.31150416717,1059.52786344473,804.881339232396,1388.78818826278,175.463114244172,772.182324980096,2802.54206712334,599.335003122654,749.168753903317,210.625613098091,3720,24.184075932017,1895.76082365944,603.935191401714,637.477688152668,0.30727244911795,0.441541741443804,665.576937389967
300,398.769718124363,19976.138533488,66.5114712992661,27.048589321662,3.67234543397549,13.3022942598532,19.9534413897798,0.564645137304285,0.0281186330958569,0.0186288748920892,0.00948975820376773,20.0808174202281,3456153.56546788,4149043.8961199,2838819.50787151,1310224.38824839,0.2,0.2,0.4,0.3,1101236.5461669,15647.0605999844,2895.62318278668,2185.31150416717,1037.53613871767,788.174803315668,1361.62144451615,173.71273568664,756.57845634559,2555.12660168324,609.077933503653,761.347416879567,226.813502878504,3720,23.719519754042,1899.24039935604,550.618273083451,629.133995312014,0.306682449723625,0.410028498390667,716.730669096072
300,398.769718124363,19591.9695496617,65.244061546636,26.789637493124,3.64141490582348,13.0488123093272,19.5732184639908,0.564645137304285,0.0282363109409564,0.0187465527371887,0.00948975820376773,19.997128466427,3390294.80982929,4069981.76450095,2784724.36518486,1285257.39931609,0.2,0.2,0.5,0.3,999624.473501025,15252.8072819529,2813.48516796355,2185.31150416717,1017.76536241053,773.155474243294,1337.17252808226,172.122521289228,742.550425341758,2319.36280431885,619.162267708728,773.95283463591,242.659349582922,3720,23.2868398003479,1902.85639882606,499.812236750512,621.374230554057,0.306179826341478,0.383253314409053,766.803544682034
300,398.769718124363,19553.4529641623,65.1168973466668,26.763517534385,3.63829555598636,13.0233794693334,19.535069204,0.564645137304285,0.0282483515704684,0.0187585933667006,0.00948975820376773,19.9886048534804,3383686.9421256,4062049.15021081,2779296.78698634,1282752.36322447,0.2,0.3,0.3,0.3,989516.991425789,15213.5100473527,2805.30256079275,2185.31150416717,1015.78168274682,771.648526504431,1334.71810326298,171.962082062665,741.142937876836,2295.91107960415,619.942916809606,774.928646012007,244.024620298838,3720,23.243595187949,1903.11314157456,494.758495712894,620.598993084225,0.30611693485213,0.381109085985299,771.117800144329
300,398.769718124363,19185.9356899626,63.9027013632877,26.5128217094327,3.60836171408013,12.7805402726575,19.1708104089863,0.564645137304285,0.0283655483614273,0.0188757901576596,0.00948975820376773,19.9060187418098,3320593.34796572,3986306.54017493,2727472.89590916,1258833.64426577,0.2,0.3,0.4,0.3,892061.887081583,14836.3125881672,2727.41218831386,2185.31150416717,996.841006986197,757.259812991889,1311.26985505904,170.421856675423,727.703891140588,2069.79242194932,629.623101795403,787.028877244253,259.227697390586,3720,22.8276509161686,1906.58477965295,446.030943540791,613.146997948319,0.305634132283117,0.358757960419152,819.159523754253
300,398.769718124363,18832.6235986719,62.7340925401983,26.2692789764428,3.57929129112551,12.5468185080397,18.8202277620595,0.564645137304285,0.0284823052817102,0.0189925470779424,0.00948975820376773,19.8244184141538,3259868.61174112,3913407.69716822,2677594.74016773,1235812.95700049,0.2,0.3,0.5,0.3,798158.169890896,14473.667410962,2653.12287715852,2185.31150416717,978.611461581555,743.411334497099,1288.67977720267,168.924964743356,714.769415318833,1851.91381391909,638.956187709859,798.695234637323,273.879143571554,3720,22.4260442993601,1909.93196371978,399.079084945448,605.958705276587,0.305168220035671,0.339565834722653,865.45809368611
300,398.769718124363,20755.1315993949,69.1260800731278,27.5751134323035,3.73526577768466,13.8252160146256,20.7378240219383,0.564645137304285,0.0278884833193121,0.0183987251155443,0.00948975820376773,20.2465344149168,3592017.18808158,4312145.48389146,2950415.33108363,1361730.15280783,0.3,0.1,0.3,0.3,1303386.62108721,16445.2219445011,3067.36632162272,2185.31150416717,1078.32235256165,819.159029070164,1411.98198420146,176.944044143606,785.517647373997,3024.16210160285,589.909654893801,737.387068617251,195.725891409278,3720,24.5907474163146,1892.37615426308,651.693310543606,644.784450409226,0.307748184455622,0.475154305495177,618.493816853319
300,398.769718124363,20336.9152902126,67.7427611312172,27.2978089311833,3.70212266859936,13.5485522262434,20.3228283393652,0.564645137304285,0.0280082082795909,0.0185184500758231,0.00948975820376773,20.1599878031374,3520135.41190268,4225852.83541738,2891372.992654,1334479.84276338,0.3,0.1,0.4,0.3,1193744.03249809,16016.2701668175,2976.05785635785,2185.31150416717,1056.74346751268,802.766106053794,1385.35022013461,175.242552333625,770.206702381627,2769.76562724264,600.645123395065,750.806404243831,212.74939333017,3720,24.1238132174862,1896.22255708615,596.872016249044,636.395389151771,0.307197176812192,0.437134031473694,672.288082923338
300,398.769718124363,19924.756612352,66.3420581067022,27.0141192559322,3.66822758636903,13.2684116213404,19.9026174320107,0.564645137304285,0.0281341223731087,0.0186443641693409,0.00948975820376773,20.0697619003743,3447350.30193936,4138475.75262828,2831588.67285093,1306887.07977735,0.3,0.1,0.5,0.3,1087690.10104681,15594.4064673346,2884.60465879379,2185.31150416717,1034.89340196524,786.1671864245,1358.35481132203,173.501094969357,754.703345701371,2523.69567759606,610.350145017403,762.937681271753,228.857717831321,3720,23.6618385424943,1899.68906582178,543.845050523404,628.09909725717,0.306611342003095,0.406366020256068,723.190388346974
300,398.769718124363,20315.95484181,67.6733905735952,27.2838284760322,3.70045202377272,13.534678114719,20.3020171720786,0.564645137304285,0.0280143309869377,0.01852457278317,0.00948975820376773,20.1555817116448,3516530.69086163,4221525.43920964,2888412.14261712,1333113.29659252,0.3,0.15,0.3,0.3,1188289.22063577,15994.8911089272,2971.51111239686,2185.31150416717,1055.66133146773,801.944035496365,1384.01395021009,175.156750636666,769.438890447835,2757.10918667581,601.063732882833,751.329666103541,213.486729657765,3720,24.1004790028268,1896.36046573541,594.144610317886,635.976319831826,0.307163073064174,0.435624266431389,674.618065718537
300,398.769718124363,19904.7861539187,66.2762041202487,27.0007082374284,3.66662553190431,13.2552408240497,19.8828612360746,0.564645137304285,0.0281401630722475,0.0186504048684797,0.00948975820376773,20.0654536313314,3443928.31343669,4134367.72321332,2828777.9158828,1305589.80733052,0.3,0.15,0.4,0.3,1082459.35602169,15574.0302514499,2880.33146320285,2185.31150416717,1033.8661221669,785.386789305921,1357.08489369194,173.418750240228,753.974456120256,2511.55912454865,610.755902468767,763.444878085959,229.566020654471,3720,23.6395030477409,1899.82275641141,541.229678010844,627.69836548694,0.306578950896929,0.405112218850446,725.428625268128
300,398.769718124363,19523.4510963849,65.0178335792068,26.7431518219389,3.63586347223226,13.0035667158414,19.505350073762,0.564645137304285,0.0282577616632857,0.018768003459518,0.00948975820376773,19.9819484654337,3378539.26479374,4055869.46553871,2775068.58168438,1280800.88385433,0.3,0.15,0.5,0.3,981553.3085068,15182.6768658954,2798.91803943795,2185.31150416717,1014.23635174197,770.474580445092,1332.80587660174,171.836982936931,740.046473534186,2277.43347082472,620.77423048954,775.967788111925,245.305267604286,3720,23.2096639033252,1903.41548163018,490.7766542534,619.990838792399,0.306079840717924,0.379119457597718,775.164645629544
300,398.769718124363,19884.8591287198,66.2104886231099,26.9873187785339,3.66502607904013,13.242097724622,19.863146586933,0.564645137304285,0.0281462021301211,0.0186564439263534,0.00948975820376773,20.0611483813662,3440513.52129173,4130268.33288322,2825973.06986747,1304295.26301576,0.3,0.2,0.3,0.3,1077239.34746564,15553.6982168262,2876.06930491705,2185.31150416717,1032.84100271271,784.608033370402,1355.81758072438,173.336536093551,753.247099376012,2499.44748262305,611.160911893584,763.95113986698,230.272946091212,3720,23.6172109915389,1899.95621174052,538.619673732822,627.298431562792,0.306546628030309,0.403868546343096,727.662509648231
300,398.769718124363,19504.3139530581,64.9546388041244,26.7301520168773,3.63431106150009,12.9909277608249,19.4863916412373,0.564645137304285,0.028263778415821,0.0187740202120533,0.00948975820376773,19.9776947369577,3375255.45761051,4051927.32006064,2772371.32425202,1279555.99580862,0.3,0.2,0.4,0.3,976529.641063763,15163.1518880014,2794.85757194354,2185.31150416717,1013.25055392927,769.725696611007,1331.58594861605,171.757127695623,739.347016817606,2265.77738624744,621.162065056648,776.452581320809,245.98366373649,3720,23.1881630559419,1903.54300913204,488.264820531881,619.605453366074,0.306048563506715,0.378073887457934,777.308377407307
300,398.769718124363,19138.710610784,63.7465747097799,26.4804139281768,3.60449283058641,12.749314941956,19.123972412934,0.564645137304285,0.0283809176257352,0.0188911594219675,0.00948975820376773,19.8952389330878,3312480.49645838,3976567.22263911,2720809.15233202,1255758.07030709,0.3,0.2,0.5,0.3,879552.283103702,14787.9138505732,2717.4535167674,2185.31150416717,994.405531690477,755.409649669513,1308.25308180655,170.222703050413,725.975839473488,2040.76721205081,630.796760210709,788.495950263386,261.113714454346,3720,22.7741463084851,1906.99847680416,439.776141551851,612.188907499655,0.305568099392407,0.356166661695054,825.119337675734
300,398.769718124363,19102.0418805183,63.6253311975175,26.4552195827722,3.60148520933632,12.7250662395035,19.0875993592552,0.564645137304285,0.0283929011213326,0.0189031429175648,0.00948975820376773,19.8868419571274,3306180.28705074,3969003.94603931,2715634.278869,1253369.66717031,0.3,0.3,0.3,0.3,869904.24916083,14750.5035280179,2709.73973721678,2185.31150416717,992.514210943845,753.972865635756,1305.91007274648,170.067870318087,724.633883767765,2018.38151456631,631.53835250038,789.422940625475,262.413206807996,3720,22.7327593382798,1907.24183891442,434.952124580415,611.447828502543,0.305507728177428,0.354402894317917,829.225733513268
300,398.769718124363,18740.1108732997,62.3848795314898,26.1960622011475,3.57055362649326,12.476975906298,18.7154638594469,0.564645137304285,0.028517981398411,0.0190282231946433,0.00948975820376773,19.7996179819286,3241722.36175478,3891623.48349914,2662689.75186783,1228933.73163131,0.3,0.3,0.4,0.3,776368.919734126,14380.0898591216,2631.17032574683,2185.31150416717,973.163963434728,739.27302336697,1281.92493036155,168.474831768491,710.904232095381,1801.35765239314,640.021014178156,800.026267722695,276.581226446851,3720,22.3213143324027,1910.27235001818,388.184459867063,604.080218414192,0.304981654133927,0.33624841857396,873.99667557205
300,398.769718124363,18405.4209593002,61.2828214005689,25.9636483454513,3.5428232043005,12.2565642801138,18.3848464201707,0.564645137304285,0.0286330390699341,0.0191432808661664,0.00948975820376773,19.7200561185692,3184455.81714029,3822876.13102076,2615652.08964578,1207224.04137498,0.3,0.3,0.5,0.3,686741.892478264,14036.3552372858,2561.89940716461,2185.31150416717,955.972565989118,726.213207253187,1260.59456171685,167.045595760983,698.70635718042,1593.40196624346,649.065722014381,811.332152517976,290.63870507176,3720,21.9387491261506,1913.51859851804,343.370946239132,597.241801231778,0.304545937377061,0.319984910396011,918.418308026763
300,398.769718124363,23060.4953871485,76.8166148012485,29.0685872173681,3.91393513977529,15.3633229602497,23.0449844403746,0.564645137304285,0.0272956006189271,0.0178058424151593,0.00948975820376773,20.6863056500304,3991642.52340689,4791887.78320155,2774250.82185353,2017636.96134802,0.1,0.1,0.1,0.4,1942916.32454487,18816.7387036755,3591.55262624557,2185.31150416717,1198.28974390963,910.295384221537,1461.00889656155,186.094987341325,870.638547996907,4508.02073629767,523.756683473031,654.695854341289,94.8637868165606,3720,26.9490968877629,1867.71021602651,971.458162272435,691.49713288695,0.310422372877466,0.980353021114742,299.769566340332
300,398.769718124363,22600.1797804507,75.2610905011935,28.7727648221913,3.87852327951393,15.0522181002387,22.5783271503581,0.564645137304285,0.02740653712204,0.0179167789182723,0.00948975820376773,20.6025713788629,3910812.39364451,4694852.81349881,2718072.68149931,1976780.1319995,0.1,0.1,0.2,0.4,1825834.15540364,18345.7439924073,3483.56541166388,2185.31150416717,1174.02456612249,891.861679654811,1433.21998948499,184.284075702655,853.421587922941,4236.36269334875,534.435788043408,668.044735054259,112.627989461849,3720,26.4509427800089,1871.53489508879,912.917077701821,682.428241858746,0.309786269389007,0.825727249899122,355.904446699443
300,398.769718124363,22173.3047341525,73.850165104207,28.5017861922069,3.84609441178687,14.7700330208414,22.1550495312621,0.564645137304285,0.0275108570526924,0.0180210988489246,0.00948975820376773,20.5244473562857,3837496.09577668,4606838.05015208,2667116.76587752,1939721.28427456,0.1,0.1,0.3,0.4,1714775.65408761,17908.0640973997,3386.46930756691,2185.31150416717,1152.01503814466,875.141554149595,1407.9869685666,182.624529233214,837.805087282994,3978.68096997753,545.240636752832,681.55079594104,129.832683730205,3720,25.9865977852791,1875.41799097116,857.387827043807,673.985356091878,0.309233183764128,0.716306536443906,410.271280587447
300,398.769718124363,21763.3049333725,72.4936427156279,28.238804327944,3.81463107084765,14.4987285431256,21.7480928146884,0.564645137304285,0.0276146605452667,0.018124902341499,0.00948975820376773,20.447295970874,3767006.75614338,4522216.99416972,2618125.62820352,1904091.3659662,0.1,0.1,0.4,0.4,1607817.50037605,17487.6436873391,3293.96312823087,2185.31150416717,1130.85416207867,859.066141494246,1383.70180121977,181.013293233335,822.790733728516,3730.51301299626,555.661246033407,694.576557541759,146.409171961634,3720,25.5387359409825,1879.16421434181,803.908750188023,665.847737166719,0.308700523747794,0.635206105969718,462.652983398762
300,398.769718124363,21356.5582482262,71.1125348422041,27.9685159288841,3.78230260586309,14.2225069684408,21.3337604526612,0.564645137304285,0.0277240755116585,0.0182343173078908,0.00948975820376773,20.3665993142617,3695239.87431405,4436062.27408649,2568246.57973429,1867815.69435221,0.1,0.1,0.5,0.4,1503611.68317684,17071.3876317487,3200.72266993316,2185.31150416717,1109.30976827482,842.69939141728,1358.95063278458,179.356603384612,807.504261435067,3488.73112108339,565.170616477521,706.463270596902,162.219956489109,3720,25.092948767832,1882.57386184636,751.80584158842,657.748335149022,0.30813167389481,0.573295678366452,512.615062505584
300,398.769718124363,22577.8607258217,75.1873580657037,28.758667193087,3.87683595622716,15.0374716131407,22.5562074197111,0.564645137304285,0.0274118998086927,0.017922141604925,0.00948975820376773,20.5985408251502,3906981.01516451,4690253.31952522,2715409.81656723,1974843.50295799,0.1,0.15,0.1,0.4,1820080.32329315,18322.9747786975,3478.47769543409,2185.31150416717,1172.87438759055,890.987915518214,1431.90200628993,184.19775501972,852.60549755525,4223.01245580141,534.8859471242,668.60743390525,113.415635126137,3720,26.4268279816693,1871.68536228494,910.040161646574,681.989589664185,0.309751313616051,0.819992762872318,358.393406998594
300,398.769718124363,22151.8761138247,73.7792989620431,28.4881078448969,3.84445771498013,14.7558597924086,22.1337896886129,0.564645137304285,0.0275161931150309,0.0180264349112632,0.00948975820376773,20.5204671643275,3833813.65927173,4602417.3580693,2664557.41782959,1937859.9402397,0.1,0.15,0.2,0.4,1709237.16982221,17886.2034741611,3381.62429438839,2185.31150416717,1150.90957194356,874.301757567078,1406.71890004031,182.540740979965,837.020721818444,3965.83038984668,545.672639663571,682.090799579463,130.589266263887,3720,25.9633495330291,1875.56221246422,854.618584911104,673.562749638532,0.3091994166995,0.712156539819062,412.662081393883
300,398.769718124363,21742.7147773028,72.4254841967451,28.2255261450375,3.81304268702228,14.485096839349,21.7276452590235,0.564645137304285,0.0276199702743113,0.0181302120705435,0.00948975820376773,20.4433651338665,3763465.01659902,4517965.20600123,2615664.06663229,1902301.13936894,0.1,0.15,0.3,0.4,1602482.16298957,17466.6385619696,3289.34516217752,2185.31150416717,1129.79093305786,858.25843207987,1382.48093283094,180.931923068091,822.036336964503,3718.133781184,556.076215333219,695.095269166524,147.136518172418,3720,25.5163066689887,1879.30257412616,801.241081494786,665.440299335089,0.308667885577244,0.632066064598733,464.95139742484
300,398.769718124363,21336.8785208248,71.0475900328885,27.9557416349803,3.78077493869104,14.2095180065777,21.3142770098666,0.564645137304285,0.0277293167956221,0.0182395585918544,0.00948975820376773,20.3627497015516,3691865.12962881,4432010.95993855,2565901.08206968,1866109.87786886,0.1,0.15,0.4,0.4,1498482.13673352,17051.3051406741,3196.36290166989,2185.31150416717,1108.29667105459,841.929766483054,1357.78608864482,179.278287995661,806.785434870315,3476.82937243773,565.573380150696,706.96672518837,162.920349664721,3720,25.0714204306534,1882.70817733858,749.241068366761,657.357584885688,0.308100569306833,0.570831085198307,514.828304940517
300,398.769718124363,20960.6528081565,69.8052797659441,27.7102522078992,3.75142120985609,13.9610559531888,20.9415839297832,0.564645137304285,0.0278313010933177,0.01834154288955,0.00948975820376773,20.2881329698185,3627310.62535092,4354514.5562436,2521034.7430884,1833479.8131552,0.1,0.15,0.5,0.4,1399476.08211113,16665.3083116389,3113.19231364356,2185.31150416717,1088.91743056755,827.207841252823,1335.49840645213,177.772958700437,793.035211704592,3247.11214703878,575.344496517596,719.180620646994,178.329753942406,3720,24.656881414317,1886.2246343256,699.738041055564,649.837271644999,0.30761491637236,0.52150579442865,563.522022458002
300,398.769718124363,22130.4932342214,73.7085804394105,28.4744514404319,3.84282366648047,14.7417160878821,22.1125741318231,0.564645137304285,0.02752152744243,0.0180317692386623,0.00948975820376773,20.5164898091292,3830138.89356039,4598005.87462232,2662003.40109713,1936002.47352519,0.1,0.2,0.1,0.4,1703709.71644206,17864.3893512737,3376.79162017299,2185.31150416717,1149.80640851213,873.463710375719,1405.45340598275,182.457085374185,836.237990246451,3953.00540395211,546.103882947709,682.629853684637,131.344419091885,3720,25.9401458991423,1875.70619247925,851.854858221031,673.140968937774,0.309165720505213,0.708062060367707,415.048364330358
300,398.769718124363,21722.1677410332,72.3574652592438,28.2122689242053,3.81145683283259,14.4714930518488,21.7072395777731,0.564645137304285,0.0276252782866239,0.0181355200828561,0.00948975820376773,20.439437078094,3759930.53015974,4513722.1250417,2613207.54607677,1900514.57896493,0.1,0.2,0.2,0.4,1597157.24252547,17445.6772650199,3284.73875032175,2185.31150416717,1128.72988141674,857.452376797317,1381.26250124203,180.850679680433,821.283485124649,3705.77871907039,556.490476013229,695.613095016536,147.862521543415,3720,25.4939196111565,1879.44070927799,798.578621262736,665.033642906798,0.308635314940932,0.628962627102864,467.245568077191
300,398.769718124363,21317.2384144361,70.9827720970925,27.9429864736756,3.77924958067374,14.1965544194185,21.2948316291278,0.564645137304285,0.0277345566324438,0.0182447984286761,0.00948975820376773,20.3589026061359,3688496.97770657,4427967.56027199,2563560.16647326,1864407.39379873,0.1,0.2,0.3,0.4,1493362.28484336,17031.2629539071,3192.01357580788,2185.31150416717,1107.28555297959,841.161645082946,1356.62376056978,179.200088331909,806.068012575698,3464.95011742501,565.975460529018,707.469325661272,163.619483981751,3720,25.0499309711989,1882.84227499886,746.681142421678,656.967554428168,0.308069525606426,0.568391964922544,517.037569382333
300,398.769718124363,20941.7368822186,69.7427823985978,27.697844796745,3.74993783910083,13.9485564797196,20.9228347195793,0.564645137304285,0.0278365199360569,0.0183467617322892,0.00948975820376773,20.2843293127635,3624063.05775443,4350615.91567159,2518777.63538881,1831838.28028277,0.1,0.2,0.4,0.4,1394534.30322525,16646.0056949203,3109.03465154898,2185.31150416717,1087.94251186662,826.467220108455,1334.37659178907,177.696861519753,792.343474083849,3235.64606308534,575.731187298324,719.663984122904,179.003053288594,3720,24.6361035630203,1886.35341130085,697.267151612626,649.46042798112,0.307584826801795,0.519544210511665,565.649648391957
300,398.769718124363,20579.9557481486,68.5468356000784,27.4593370568348,3.72142703154397,13.7093671200157,20.5640506800235,0.564645137304285,0.0279380743258025,0.0184483161220348,0.00948975820376773,20.2105961463064,3561917.75092135,4276011.70578793,2475585.72440354,1800425.98138439,0.1,0.2,0.5,0.4,1299096.21245843,16274.7955700062,3029.67972273726,2185.31150416717,1069.28651164277,812.294732062078,1312.89873763812,176.233752582091,779.10641421923,3014.20734914058,585.160178142454,731.450222678068,193.862523937831,3720,24.2358113794649,1889.74752142154,649.548106229213,642.204162441175,0.307116361653718,0.479721392824866,612.605575643545
300,398.769718124363,20904.0171364806,69.618147948209,27.6730848918276,3.74697772480085,13.9236295896418,20.8854443844627,0.564645137304285,0.0278469532869174,0.0183571950831497,0.00948975820376773,20.276729431997,3617586.64411214,4342841.10937832,2514276.43174534,1828564.67763298,0.1,0.3,0.2,0.4,1384678.2102401,16607.5144765754,3100.74868342161,2185.31150416717,1085.99829466797,824.990247419453,1332.13926225829,177.544999494137,790.963986565647,3212.77761991328,576.502659905208,720.62832488151,180.346106745612,3720,24.5946582779067,1886.61035862293,692.33910512005,648.708785305977,0.307524822087673,0.515675118682665,569.893697316134
300,398.769718124363,20543.6010895491,68.4265912290163,27.4352419985532,3.71854718112834,13.6853182458033,20.5279773687049,0.564645137304285,0.0279484657794164,0.0184587075756487,0.00948975820376773,20.2030816918808,3555669.46015803,4268510.75649223,2471243.06954814,1797267.6869441,0.1,0.3,0.3,0.4,1289576.25650747,16237.6983050997,3021.7527722458,2185.31150416717,1067.41077685571,810.869784631092,1310.73813327307,176.085912123639,777.775517276237,2992.11882258212,585.902784449385,732.378480561731,195.156931844002,3720,24.1957125220518,1889.99448653296,644.788128253733,641.477475363879,0.307058173156005,0.476539568035121,616.695904627045
300,398.769718124363,20196.1048518299,67.2766558189591,27.2037352951493,3.69088153196417,13.4553311637918,20.1829967456877,0.564645137304285,0.0280495708625692,0.0185598126588014,0.00948975820376773,20.1302593922311,3495915.05554346,4196776.7773631,2429712.87110495,1767063.90625815,0.1,0.3,0.4,0.4,1197671.31134374,15881.1090019801,2946.14755236731,2185.31150416717,1049.47252467426,797.242560809418,1290.06480098731,174.665160592326,765.047723797283,2778.87783359439,594.995849849707,743.744812312133,209.474026316762,3720,23.8095610737024,1893.26852772272,598.835655671872,634.483341570859,0.30660693970135,0.443969124168966,661.937923160969
300,398.769718124363,19849.8842051968,66.0951237023815,26.9637972237999,3.66221634863242,13.2190247404763,19.8285371107145,0.564645137304285,0.028156830646335,0.0186670724425672,0.00948975820376773,20.0535757875783,3434518.78272533,4123071.76797759,2387041.54988176,1736030.21809583,0.1,0.3,0.5,0.4,1108094.44789001,15526.6812292892,2869.19744924645,2185.31150416717,1031.04138420995,783.240911209336,1268.80279361795,173.192104360931,751.970209497759,2571.03853920969,603.202975907556,754.003719884445,223.082925418923,3720,23.4237179359653,1896.2150749159,554.047223945007,627.494537035609,0.306116628857081,0.416885334569453,704.942044323797
300,398.769718124363,22498.7332208564,74.9259216437263,28.7086248030272,3.87084664993789,14.9851843287453,22.4777764931179,0.564645137304285,0.0274309924291148,0.017941234225347,0.00948975820376773,20.5842037528682,3893395.92368616,4673944.68629791,2705967.97627774,1967976.71002017,0.2,0.1,0.1,0.4,1799588.05968064,18242.0318702262,3460.44127248831,2185.31150416717,1168.79614769479,887.889770885506,1427.22820013031,183.891327229666,849.711849131432,4175.46560670048,536.701350630164,670.876688287705,116.421755629217,3720,26.3410705945355,1872.31939243588,899.794029840319,680.42986525301,0.309639030330782,0.798819769529922,367.892747788325
300,398.769718124363,22075.89799942,73.5280041900792,28.4395507364457,3.83864774802805,14.7056008380158,22.0584012570237,0.564645137304285,0.0275351910765307,0.018045432872763,0.00948975820376773,20.5063090259632,3820755.56109497,4586741.36986191,2655481.84570952,1931259.52415238,0.2,0.1,0.2,0.4,1689508.30615804,17808.4782700896,3364.4460928407,2185.31150416717,1146.98953525981,871.323798470257,1402.22172525696,182.243284654873,834.239323896505,3920.05480734829,547.419729330444,684.274661663055,133.481512648748,3720,25.8806615966264,1876.17226854283,844.75415307902,672.0598651473,0.309091119919821,0.696725697473373,421.801579970045
300,398.769718124363,21669.7025418578,72.183770398627,28.1783866533359,3.80740387106423,14.4367540797254,21.6551311195881,0.564645137304285,0.0276388746377897,0.018149116434022,0.00948975820376773,20.4293823357144,3750904.77715657,4502886.88734282,2606934.51372479,1895952.37361803,0.2,0.1,0.3,0.4,1583473.55408311,17391.9434326543,3272.96991547286,2185.31150416717,1126.02035339881,855.394013992148,1378.15079594274,180.64303346884,819.360983830271,3674.02935834502,557.759109203475,697.198886504343,149.921493076927,3720,25.4365200176404,1879.89008336213,791.736777041556,663.991153610953,0.308563372262476,0.620324665205145,473.751918123088
300,398.769718124363,21267.0815667004,70.8172230418091,27.9103825387597,3.77535065325027,14.1634446083618,21.2451669125427,0.564645137304285,0.0277479795286609,0.0182582213248931,0.00948975820376773,20.3490541255828,3679894.50738828,4417640.46505196,2557581.32187219,1860059.14317977,0.2,0.1,0.4,0.4,1480202.36861568,16979.8725574731,3180.89898913523,2185.31150416717,1104.70309428138,839.199815184792,1353.65483438703,179.000192167381,804.235671239085,3434.41603085996,567.209009227285,709.011261534107,165.606101627793,3720,24.9948197070104,1883.27950491315,740.10118430784,655.967453719077,0.308001251463724,0.561573511397677,523.315281143825
300,398.769718124363,20893.4262351127,69.5831511075163,27.6661284277847,3.74614607529597,13.9166302215033,20.8749453322549,0.564645137304285,0.0278498891161058,0.0183601309123381,0.00948975820376773,20.2745919364449,3615768.09381732,4340657.97577109,2513012.51228853,1827645.46348256,0.2,0.1,0.5,0.4,1381829.79908521,16596.5043394301,3098.40881723035,2185.31150416717,1085.45236648069,824.57551958489,1331.51098922537,177.502331747398,790.576632148297,3206.16863918182,576.921895682606,721.152369603257,180.920289872593,3720,24.5828098735323,1886.77542029863,690.914899542605,648.494010906076,0.307518792118349,0.514038530810957,571.708115997392
300,398.769718124363,22054.6724502884,73.4577932490602,28.4259692137254,3.8370227399403,14.691558649812,22.0373379747181,0.564645137304285,0.0275405203528497,0.018050762149082,0.00948975820376773,20.5023409169485,3817107.17098425,4582361.54980102,2652946.16041112,1929415.3893899,0.2,0.15,0.1,0.4,1684018.87967706,17786.8244681333,3359.6560587785,2185.31150416717,1145.89428977482,870.491766466222,1400.96507770776,182.160081513591,833.462210373921,3907.31805276242,547.847982155057,684.809977693822,134.231382173755,3720,25.8576113630503,1876.31524377635,842.009439838532,671.640925031938,0.309057646401747,0.692833512506163,424.171167669067
300,398.769718124363,21649.3037548072,72.1162312004227,28.1652009260479,3.80582664730614,14.4232462400845,21.6348693601268,0.564645137304285,0.0276441776595978,0.0181544194558301,0.00948975820376773,20.4254633383259,3747395.21954008,4498673.73294127,2604495.31907126,1894178.41387001,0.2,0.15,0.2,0.4,1578184.53017625,17371.1331877281,3268.40342007562,2185.31150416717,1124.96678538192,854.59364394027,1376.94073411066,180.562222270547,818.613441873601,3661.75758464807,558.170567079052,697.713208848815,150.64252469307,3720,25.4142780272761,1880.02727710835,789.092265088125,663.587184059464,0.308531013345356,0.617355558727423,476.030378030102
300,398.769718124363,21247.577578297,70.7528407542009,27.8976925263759,3.77383316104328,14.1505681508402,21.2258522262603,0.564645137304285,0.0277532153134041,0.0182634571096364,0.00948975820376773,20.3452151733776,3676548.99317061,4413624.24150133,2555256.13981656,1858368.10168477,0.2,0.15,0.3,0.4,1475115.90672777,16959.9691920473,3176.58571932827,2185.31150416717,1103.69877203769,838.436856502592,1352.5001102429,178.92238636402,803.523070815432,3422.61424846954,567.60838624969,709.510482812112,166.300566829432,3720,24.9734637401745,1883.41269016142,737.557953363887,655.579896445078,0.307970397079122,0.55922840055853,525.509791181004
300,398.769718124363,20874.6391330695,69.5210674576174,27.6537835030542,3.74467024803379,13.9042134915235,20.8563202372852,0.564645137304285,0.027855103910259,0.0183653457064913,0.00948975820376773,20.2707963008648,3612542.0243324,4336785.14325619,2510770.34609569,1826014.7971605,0.2,0.15,0.4,0.4,1376919.65944252,16577.3330867573,3094.28507818137,2185.31150416717,1084.48390150562,823.839801259652,1330.39640292032,177.426612502143,789.889473663201,3194.77596567976,577.30604631222,721.632557890276,181.589180480041,3720,24.5621588048533,1886.90334051033,688.45982972126,648.119516540075,0.307488883586669,0.512145050460326,573.82181031693
300,398.769718124363,20515.2843231132,68.3329245868942,27.4164580217036,3.71630216873913,13.6665849173788,20.4998773760683,0.564645137304285,0.02795658375282,0.0184668255490523,0.00948975820376773,20.1972151639353,3550802.2351093,4262667.74923085,2467860.27587049,1794807.47336036,0.2,0.15,0.5,0.4,1282080.38669563,16208.6040631028,3015.56849754197,2185.31150416717,1065.94963753199,809.759794763549,1309.05494240584,175.970654995062,776.73878976409,2974.72664973275,586.680260010415,733.350325013019,196.358807212593,3720,24.1642628422614,1890.27811534839,641.040193347815,640.907666103114,0.307023460527913,0.473622758867704,620.493830791794
300,398.769718124363,21228.1126968356,70.6885837957075,27.8850214587112,3.77231795524762,14.1377167591415,21.2065751387122,0.564645137304285,0.0277584496513935,0.0182686914476257,0.00948975820376773,20.3413787295552,3673209.99146361,4409615.83609077,2552935.48405255,1856680.35203822,0.2,0.2,0.2,0.4,1470039.01641461,16940.1056066786,3172.28274189665,2185.31150416717,1102.69640484751,837.675383051939,1351.34757571155,178.844695161934,802.81185756803,3410.83467437336,568.007090157005,710.008862696256,166.993790231718,3720,24.9521461790672,1883.54566088998,735.019508207304,655.193050263231,0.307939602926917,0.556906935706739,527.700377132228
300,398.769718124363,20855.8890645987,69.4591028896848,27.641456759486,3.74319661475626,13.891820577937,20.8377308669054,0.564645137304285,0.0278603172601978,0.01837055905643,0.00948975820376773,20.2670031367861,3609322.1427359,4332919.73917875,2508532.48057717,1824387.25860158,0.2,0.2,0.3,0.4,1372018.59451031,16558.1994972462,3090.17102706064,2185.31150416717,1083.51729413257,823.105494131742,1329.28389918201,177.351003289466,789.203633209241,3183.40434763052,577.68956735245,722.111959190562,182.256900583838,3720,24.541544232987,1887.03106072374,686.009297255153,647.745698017867,0.307459032773287,0.510268745392278,575.931805844927
300,398.769718124363,20497.2109796078,68.2731374473183,27.4044615331245,3.71486840495167,13.6546274894637,20.4819412341955,0.564645137304285,0.0279617761658366,0.0184720179620689,0.00948975820376773,20.1934646052335,3547695.49981119,4258938.17504345,2465701.04870936,1793237.12633408,0.2,0.2,0.4,0.4,1277345.99332634,16190.161501794,3011.63226208951,2185.31150416717,1065.01699663969,809.051291555351,1307.9804992697,175.897043587495,776.07704967107,2963.7417487296,587.049477813761,733.811847267201,197.002412573245,3720,24.1443161066034,1890.4008889036,638.672996663172,640.546226049797,0.306994511165643,0.472075436971731,622.527623731455
300,398.769718124363,20138.5546057222,67.0467529230323,27.1572141824848,3.68532305035226,13.4093505846065,20.1140258769097,0.564645137304285,0.0280701679769364,0.0185804097731687,0.00948975820376773,20.1154883635973,3483968.54920482,4182435.23313904,2421409.87181734,1761025.3613217,0.2,0.2,0.5,0.4,1184956.36918219,15823.1149244552,2931.20369697676,2185.31150416717,1045.8861874867,794.518114680504,1285.92928536229,174.3795974966,762.503096895652,2749.37619103728,595.439681266932,744.299601583665,211.000324453333,3720,23.7459832014646,1893.4117951971,592.478184591096,633.32589163234,0.306483923124682,0.440757616088732,666.761025272531
300,398.769718124363,20461.1691724668,68.1539015424717,27.3805207577794,3.71200717592653,13.6307803084943,20.4461704627415,0.564645137304285,0.0279721566773272,0.0184823984735594,0.00948975820376773,20.1859707786478,3541499.61225049,4251500.13475449,2461394.81485786,1790105.31989663,0.2,0.3,0.2,0.4,1267902.94031698,16153.3830202353,3003.7870515949,2185.31150416717,1063.15699327645,807.638295086303,1305.83753689268,175.750136848009,774.757314702574,2941.83165499969,587.786152231518,734.732690289397,198.286323420762,3720,24.1045263719824,1890.64587840291,633.951470158491,639.825267184357,0.306936777844382,0.469018732081965,626.584782009607
300,398.769718124363,20104.0204031068,66.9329606203683,27.1341586717564,3.68256842346392,13.3865921240737,20.0798881861105,0.564645137304285,0.0280804109885383,0.0185906527847705,0.00948975820376773,20.1081507508832,3478055.52901609,4175336.76952712,2417300.23498938,1758036.53453773,0.2,0.3,0.3,0.4,1175851.96298928,15787.8621651997,2923.78123745778,2185.31150416717,1044.11110081345,793.169628098571,1283.88208445868,174.238066616721,761.24361317584,2728.25183720338,596.158237907084,745.197797383855,212.241015337073,3720,23.7077031883851,1893.65083495754,587.925981494638,632.632915610676,0.306428862337441,0.438181092623879,670.68160846515
300,398.769718124363,19773.5990811686,65.8434758679224,26.9124178502629,3.65607918805515,13.1686951735845,19.7530427603767,0.564645137304285,0.0281801341936665,0.0186903759898987,0.00948975820376773,20.0369924934988,3421442.33826668,4107373.75542219,2377953.22682337,1729420.52859882,0.2,0.3,0.4,0.4,1087873.33889823,15448.6209478294,2852.8922955254,2185.31150416717,1027.11583997854,780.258780283413,1264.2715748148,172.87659521624,749.184903785448,2524.12083230985,604.9781333392,756.222666674,226.008236568076,3720,23.3386668979284,1896.82891293161,543.936669449115,625.956067303391,0.30600447445443,0.41148942805006,714.186027555119
300,398.769718124363,19454.3324455321,64.7895592961805,26.6961636243484,3.63025235602192,12.9579118592361,19.4368677888541,0.564645137304285,0.0282795467808147,0.018789788577047,0.00948975820376773,19.9665553935733,3366677.38650757,4041629.51561534,2339890.77219835,1701738.74341698,0.2,0.3,0.5,0.4,1002700.75287319,15120.8137632863,2784.85870795202,2185.31150416717,1010.67541986732,767.769437296672,1245.28392130187,171.548335619978,737.519872556858,2326.50049266146,613.518682245779,766.898352807224,239.336920977843,3720,22.9807443832001,1899.90643334017,501.350376436595,619.485334410326,0.305592890347514,0.388573562407488,756.304670289984
300,398.769718124363,19145.6798312781,63.7696065931755,26.4851972340198,3.60506385766367,12.7539213186351,19.1308819779526,0.564645137304285,0.028378645963499,0.0188888877597313,0.00948975820376773,19.8968315130517,3313677.30844227,3978003.97171941,2303054.93099545,1674949.04072396,0.2,0.3,0.6,0.4,920200.358834865,14803.8854298986,2719.52825872415,2185.31150416717,994.764814245784,755.682586694973,1226.89158813305,170.252098291744,726.230762535015,2135.08026401902,621.794401379507,777.243001724383,252.248631993371,3720,22.6334317896767,1902.88856921279,460.100179417433,613.211397761865,0.305193607105259,0.36868386268372,797.105677099051
300,398.769718124363,21979.407643185,73.2088003573599,28.377751918201,3.83125379834163,14.641760071472,21.962640107208,0.564645137304285,0.0275594954455117,0.018069737241744,0.00948975820376773,20.4882247724982,3804168.68603398,4566829.15490273,2643953.72125948,1922875.43364326,0.3,0.1,0.1,0.4,1664462.73066136,17709.8268801165,3342.67117235367,2185.31150416717,1142.01016094146,867.541086213672,1396.50802460969,181.864678523957,830.70629028,3861.94320868335,549.580763068483,686.975953835603,137.098941712673,3720,25.7756196827073,1876.92039929609,832.231365330682,670.15093418593,0.308950319153838,0.678342216491401,433.232655812047
300,398.769718124363,21563.0079356288,71.7935966543697,28.1021273785112,3.79828234741724,14.3587193308739,21.5380789963109,0.564645137304285,0.0276696366160776,0.0181798784123098,0.00948975820376773,20.4066697780988,3730630.07339458,4478547.50707633,2592843.29357051,1885704.21350582,0.3,0.1,0.2,0.4,1558066.23589372,17283.7561986612,3246.6822267078,2185.31150416717,1119.93389414392,850.770279011845,1371.15940488994,180.175641185568,815.042436201957,3615.07843194404,559.25173696763,699.064671209537,153.226900631715,3720,25.3202610906234,1880.38776285975,779.03311794686,661.874246160482,0.308366965908936,0.606943034262164,484.197005996218
300,398.769718124363,21178.3979760607,70.5244501771637,27.8526291747979,3.76844458263305,14.1048900354327,21.1573350531491,0.564645137304285,0.0277718597098883,0.0182821015061205,0.00948975820376773,20.3315565901134,3664681.07186731,4399377.03705559,2547007.75829534,1852369.27876025,0.3,0.1,0.3,0.4,1456987.85098614,16889.1669093093,3161.28534514198,2185.31150416717,1100.13602605132,835.73032701039,1348.40335516883,178.646078515148,800.995182664807,3380.55291512252,569.231066751461,711.538833439326,168.964470412127,3720,24.8974691499592,1883.9795632924,728.49392549307,654.200995636059,0.307871901129286,0.550411573351251,533.927726502323
300,398.769718124363,20807.9968575492,69.3008157762401,27.6099433816631,3.7394293574231,13.860163155248,20.790244732872,0.564645137304285,0.0278736736164278,0.0183839154126601,0.00948975820376773,20.2572917037926,3601097.02666475,4323045.6502578,2502815.90278083,1820229.74747697,0.3,0.1,0.4,0.4,1359417.14592354,16509.125597418,3079.65545485038,2185.31150416717,1081.04811705253,821.229722981159,1326.44178180367,177.157701235894,787.451668992221,3154.16603673732,578.871260131203,723.589075164004,184.159071239141,3720,24.4886629608605,1887.44993514654,679.708572961771,646.786924192925,0.307393544975435,0.504998202772398,581.942665115685
300,398.769718124363,20451.0442823733,68.120403885116,27.3737911648401,3.71120291778253,13.6240807770232,20.4361211655348,0.564645137304285,0.0279750789642436,0.0184853207604759,0.00948975820376773,20.1838621448035,3539758.96442473,4249410.52151829,2460185.03877375,1789225.48274454,0.3,0.1,0.5,0.4,1265170.9007674,16142.8530306806,3001.57021409611,2185.31150416717,1062.6344513842,807.241333535892,1305.23546393285,175.708841321834,774.386553648411,2935.49268363674,588.191251692644,735.239064615805,198.83973220324,3720,24.0931409333364,1890.80556663732,632.585450383702,639.61907720646,0.306931137355125,0.467713363770487,628.333553762237
300,398.769718124363,21159.0674407505,70.4606235485362,27.8400226119502,3.76693716467199,14.0921247097072,21.1381870645609,0.564645137304285,0.0277770899962284,0.0182873317924606,0.00948975820376773,20.327728260266,3661364.43150748,4395395.47599937,2544702.64399964,1850692.83199974,0.3,0.15,0.2,0.4,1451943.92609588,16869.4403358246,3157.01790547815,2185.31150416717,1099.14037173005,834.973953250776,1347.2583335112,178.568777321344,800.288732423755,3368.84982852515,569.627104925874,712.033881157343,169.653085937203,3720,24.8762834546017,1884.11163418423,725.971963047942,653.816592604733,0.307841294175328,0.548177473378962,536.103751561562
300,398.769718124363,20789.3739561626,69.2392599200799,27.5976785096297,3.73796319321177,13.847851984016,20.771777976024,0.564645137304285,0.0278788829206889,0.0183891247169212,0.00948975820376773,20.2535065307535,3597898.38306857,4319205.74197908,2500592.79798789,1818612.94399119,0.3,0.15,0.3,0.4,1354547.32323956,16490.1216804496,3075.57484461126,2185.31150416717,1080.08788532004,820.500259350755,1325.33642061074,177.0824662786,786.770352269756,3142.86690801821,579.252275712938,724.065344641172,184.822439559008,3720,24.4681736435575,1887.57681018203,677.273661619781,646.41542674764,0.307363873183136,0.503185653332469,584.038909006465
300,398.769718124363,20433.0913921517,68.0610051099345,27.361854034573,3.70977631887541,13.6122010219869,20.4183015329803,0.564645137304285,0.0279802673475425,0.0184905091437748,0.00948975820376773,20.1801194495691,3536672.40981065,4245705.17384232,2458039.83748766,1787665.33635466,0.3,0.15,0.4,0.4,1260466.13819106,16124.5332800154,2997.66546837948,2185.31150416717,1061.70786872646,806.537432691163,1304.16781434764,175.635589124306,773.729112076648,2924.5765330102,588.558112136291,735.697640170364,199.479224203093,3720,24.0733132423066,1890.92754551313,630.233069095531,639.259843517461,0.306902359225007,0.466213964745097,630.354348481773
300,398.769718124363,20077.1132631469,66.8442901247368,27.1161795128315,3.68042036189442,13.3688580249474,20.053287037421,0.564645137304285,0.0280884149725801,0.0185986567688124,0.00948975820376773,20.1024207971682,3473447.92007822,4169805.42626437,2414097.87836359,1755707.54790079,0.3,0.15,0.5,0.4,1168679.63013175,15760.2007300994,2917.98803317762,2185.31150416717,1042.72789815895,792.118845537984,1282.2867066804,174.127694269386,760.262184352791,2711.61034583245,596.912533047443,746.140666309304,213.396861605863,3720,23.677665437866,1893.92623529127,584.339815065875,632.089279690228,0.306396326354237,0.435807721351442,674.334082674526
300,398.769718124363,20770.7876151,69.1778217127278,27.5854316413575,3.7364992015144,13.8355643425456,20.7533465138183,0.564645137304285,0.0278840907819801,0.0183943325782124,0.00948975820376773,20.249723819906,3594705.85288922,4315373.17273616,2498373.94211041,1816999.23062575,0.3,0.2,0.2,0.4,1349686.46205836,16471.1549442002,3071.50378506658,2185.31150416717,1079.12948883323,819.772189933514,1324.23311739978,177.007340291707,786.090337715847,3131.58857208358,579.63267089984,724.5408386248,185.484652965988,3720,24.4477203861639,1887.70348820488,674.843231029182,646.044597076129,0.307334258492419,0.50138919049574,586.131503372522
300,398.769718124363,20415.1731532269,68.0017181861805,27.3499341872697,3.70835180524872,13.6003436372361,20.4005154558542,0.564645137304285,0.0279854542938679,0.0184956960901001,0.00948975820376773,20.1763791780936,3533591.66736255,4242006.80355648,2455898.67574322,1786108.12781325,0.3,0.2,0.3,0.4,1255769.87964808,16106.2487616269,2993.76972029706,2185.31150416717,1060.783030879,805.834857355663,1303.10212325282,175.562441580583,773.07290850648,2913.68011373197,588.924391599986,736.155489499983,200.117626524374,3720,24.0535198440658,1891.0493405139,627.884939824042,638.901244955512,0.306873635830086,0.46472667907978,632.371699817022
300,398.769718124363,20059.9405672365,66.7876939396272,27.1046976248749,3.67904858661211,13.3575387879254,20.0363081818882,0.564645137304285,0.02809353397387,0.0186037757701023,0.00948975820376773,20.0987578789292,3470506.99720978,4166274.90661438,2412053.89330306,1754221.01331132,0.3,0.2,0.4,0.4,1164151.01772747,15742.6707641126,2914.30104678298,2185.31150416717,1041.84503410231,791.448157034443,1281.26835444393,174.057206366143,759.635762599473,2701.10290484425,597.269803123847,746.587253904809,214.013847500435,3720,23.6586189058895,1894.04506877256,582.075508863733,631.744524804945,0.306368922924679,0.434551320328984,676.283758101375
300,398.769718124363,19731.0170076772,65.702977499262,26.8836893392979,3.65264779574485,13.1405954998524,19.7108932497786,0.564645137304285,0.0281932166087462,0.0187034584049784,0.00948975820376773,20.0276947870191,3414141.5835502,4098609.34399784,2372879.09389349,1725730.25010436,0.3,0.2,0.5,0.4,1076548.63237566,15404.9638510593,2843.79624360542,2185.31150416717,1024.92415586649,778.593816674015,1261.74131116185,172.700168360133,747.629830165834,2497.8448619084,606.053156617909,757.566445772386,227.723165965072,3720,23.2910719007875,1897.21009744772,538.274316187828,625.095294669415,0.305946302191985,0.408390598320877,719.605204449626
300,398.769718124363,19413.1752353586,64.6536135704545,26.6681410914784,3.62690619187069,12.9307227140909,19.3960840711364,0.564645137304285,0.0282925882005794,0.0188028299968117,0.00948975820376773,19.9573518442799,3359613.20200677,4033149.10204895,2334981.05908097,1698168.04296798,0.3,0.2,0.6,0.4,991734.246575723,15078.6161393776,2776.12623740168,2185.31150416717,1008.55475405449,766.158425279922,1242.8334243375,171.376183265974,736.015188810055,2301.05563064183,614.55909598102,768.198869976275,240.996827529609,3720,22.9345708876343,1900.27525359767,495.867123287862,618.650926427654,0.30553641628085,0.385897196047421,761.549974993564
300,398.769718124363,20025.6905861148,66.6748052884371,27.0817809269038,3.6763107172837,13.3349610576874,20.0024415865311,0.564645137304285,0.0281037684631664,0.0186140102593987,0.00948975820376773,20.0914385572285,3464640.93370689,4159232.8135737,2407976.89206898,1751255.92150472,0.3,0.3,0.2,0.4,1155117.55618537,15707.707939666,2906.95138310929,2185.31150416717,1040.08404381036,790.110379285072,1279.23697026543,173.916515644957,758.386280736492,2680.14315920936,597.982646448799,747.478308060999,215.244744103122,3720,23.6206204677644,1894.28219496263,577.558778092684,631.056767888638,0.306314263086588,0.432066299168005,680.173391365865
300,398.769718124363,19697.9289161287,65.5937895239962,26.8613418273168,3.64997864736812,13.1187579047992,19.6781368571989,0.564645137304285,0.0282034193342311,0.0187136611304634,0.00948975820376773,20.0204496700498,3408467.81927091,4091798.10236604,2368935.74347507,1722862.35889096,0.3,0.3,0.3,0.4,1067806.12022616,15371.188792014,2836.74413882353,2185.31150416717,1023.22089373683,777.299894224049,1259.7747126414,172.562922609004,746.421308376338,2477.56018697959,606.740124114657,758.425155143321,228.91154011718,3720,23.2542272916402,1897.4382323545,533.90306011308,624.428934106313,0.305893147042931,0.406270474404187,723.36046677029
300,398.769718124363,19381.1925454441,64.5479590111895,26.6463421340169,3.62430326584763,12.9095918022379,19.3643877033568,0.564645137304285,0.028302758842787,0.0188130006390192,0.00948975820376773,19.950180137587,3354123.04557843,4026558.27800532,2331165.31884519,1695392.95916014,0.3,0.3,0.4,0.4,983268.737220713,15045.9709420824,2769.35578003711,2185.31150416717,1006.90661093998,764.90637595794,1240.9287418035,171.242259038293,734.845775816356,2281.41366704639,615.221603361683,769.027004202103,242.144832112528,3720,22.8988276152449,1900.49489081845,491.634368610357,618.004991437399,0.305484707940293,0.384067663920994,765.177669475589
300,398.769718124363,19074.9483146615,63.5357291645184,26.4365848930928,3.59926072272074,12.7071458329037,19.0607187493555,0.564645137304285,0.0284017844371626,0.0189120262333948,0.00948975820376773,19.8806218867527,3301524.2723848,3963414.49265882,2294608.39048668,1668806.10217213,0.3,0.3,0.5,0.4,901373.435645992,14731.5069428678,2704.63635154443,2185.31150416717,991.116476906045,752.911045825177,1222.67185270325,169.953346006074,723.642144439336,2091.39739457996,623.441371793714,779.301714742142,254.965870232234,3720,22.553924074607,1903.4572629267,450.686717822996,611.775740002955,0.305088447577578,0.364754701934387,805.692149933859
300,398.769718124363,18766.6790934339,62.4722761164048,26.2144051483236,3.57274258662336,12.494455223281,18.7416828349214,0.564645137304285,0.0285090181534937,0.019019259949726,0.00948975820376773,19.8058429884962,3246263.77412566,3897075.35909443,2256201.52368625,1640873.83540818,0.3,0.3,0.6,0.4,821498.777256147,14416.0413987194,2637.27885914669,2185.31150416717,974.527293902068,740.308707107322,1203.47335524795,168.587608456817,711.871560933015,1906.06948736272,630.63769471447,788.297118393087,267.038439525648,3720,22.2059483527527,1906.04089187833,410.749388628073,605.488722703827,0.304639240287281,0.348264467711839,843.841468901047
300,398.769718124363,21090.4971923947,70.2341853718628,27.7952520961853,3.76158394114702,14.0468370743726,21.0702556115588,0.564645137304285,0.0277957160582007,0.0183059578544329,0.00948975820376773,20.314106537928,3649597.96331214,4381270.06400017,2536524.77389484,1844745.29010534,0.4,0.1,0.2,0.4,1433965.66396301,16799.260179383,3141.87872939785,2185.31150416717,1095.60808193259,832.290560981096,1343.19566646343,178.294240055373,797.782453963901,3327.1360514192,571.237013011685,714.046266264606,172.295423756761,3720,24.8008876485875,1884.67411255198,716.982831981506,652.448786479168,0.307743610901,0.539770575284073,544.453539071365
300,398.769718124363,20723.3084994965,69.0208626143427,27.5541192702247,3.7327562104507,13.8041725228685,20.7062587843028,0.564645137304285,0.0278974343234906,0.0184076761197229,0.00948975820376773,20.2400382327931,3586549.74482366,4305581.92655902,2492705.32590259,1812876.60065643,0.4,0.1,0.3,0.4,1337186.78511638,16422.503032677,3061.09691721372,2185.31150416717,1076.68102793327,817.912156615248,1321.41420813893,176.815254080633,784.35307232562,3102.58639523242,580.805466819514,726.006833524393,187.371948134954,3720,24.395246593632,1888.11926855751,668.593392558192,645.093375306317,0.307269311431631,0.496338971365217,592.095356106456
300,398.769718124363,20369.3977427438,67.8502465195349,27.319456651165,3.70470959496406,13.570049303907,20.3550739558605,0.564645137304285,0.0279987443319213,0.0185089861281536,0.00948975820376773,20.1668021469282,3525720.70419607,4232557.86818256,2450428.23947411,1782129.62870845,0.4,0.1,0.4,0.4,1243691.31593887,16059.3399682422,2983.81003869644,2185.31150416717,1058.4201703819,804.039853595297,1300.37916186396,175.37540621874,771.396379482226,2885.6550181692,590.057774501649,737.572218127061,201.940869403203,3720,24.0027319566506,1891.45109966179,621.845657969434,637.981275126782,0.306810778793799,0.460530848831361,638.13314731412
300,398.769718124363,20016.0637328433,66.6430727225226,27.0753356386906,3.67554070912207,13.3286145445045,19.9929218167568,0.564645137304285,0.0281066511020005,0.0186168928982327,0.00948975820376773,20.0893779644953,3462992.00580492,4157253.30828921,2406830.86269376,1750422.44559546,0.4,0.1,0.5,0.4,1152500.98337625,15697.6870931793,2904.87293621794,2185.31150416717,1039.58903620841,789.734335116423,1278.66592125194,173.876945639145,758.035056187717,2674.07209771662,598.376639664021,747.970799580027,215.779053762239,3720,23.6097361975119,1894.43763828852,576.250491688123,630.859870986258,0.306309234921292,0.430996421471355,681.861809888674
300,398.769718124363,20704.8476947691,68.9598281844624,27.5419336653962,3.73129961421819,13.7919656368925,20.6879484553387,0.564645137304285,0.0279026381425572,0.0184128799387894,0.00948975820376773,20.236263482308,3583378.19624225,4301774.54530882,2490501.05254721,1811273.49276161,0.4,0.15,0.2,0.4,1332356.77542804,16403.6643041607,3057.05882453013,2185.31150416717,1075.72893011511,817.18887221976,1320.31796285967,176.740498709161,783.677526889043,3091.37964198395,581.183390608378,726.479238260472,188.029865770539,3720,24.374917085229,1888.24511277759,666.178387714019,644.724838903287,0.307239873768699,0.494602278307702,594.174375834903
300,398.769718124363,20351.5984313703,67.7913433146856,27.3075955818439,3.70329217598768,13.5582686629371,20.3374029944057,0.564645137304285,0.0280039272541792,0.0185141690504115,0.00948975820376773,20.163069707304,3522659.90103715,4228883.43461842,2448300.93583172,1780582.4987867,0.4,0.15,0.3,0.4,1239024.32261202,16041.1767033333,2979.94533907033,2185.31150416717,1057.50131830235,803.34182557026,1299.32018456151,175.302614408874,770.74442301579,2874.82650104378,590.421728037005,738.027160046256,202.575210493553,3720,23.9830561883805,1891.57211047076,619.512161306011,637.624856789472,0.306782224732491,0.459088749178221,640.137665159627
300,398.769718124363,19999.0004871769,66.586824603341,27.0639071576288,3.67417538170871,13.3173649206682,19.9760473810023,0.564645137304285,0.0281117670072297,0.0186220088034619,0.00948975820376773,20.085722009544,3460069.16958038,4153744.50129698,2404799.4481193,1748945.05317768,0.4,0.15,0.4,0.4,1147999.71101953,15680.2688481952,2901.21400256374,2185.31150416717,1038.71160175619,789.067771410846,1277.65366075893,173.806780952116,757.412486921425,2663.62809203947,598.731638981698,748.414548727123,216.392198996178,3720,23.5907981190959,1894.55570215797,573.999855509766,630.517126727705,0.306281982022243,0.429775197217911,683.799348827923
300,398.769718124363,19672.1427105728,65.5086886794959,26.8439113296564,3.64789683008659,13.1017377358992,19.6526066038488,0.564645137304285,0.0282113931073725,0.0187216349036048,0.00948975820376773,20.0147910156456,3404045.70107989,4086489.43707069,2365862.30567251,1720627.13139819,0.4,0.15,0.5,0.4,1060915.84394002,15344.6768637567,2831.23846847725,2185.31150416717,1021.89337534219,776.291414240036,1258.2418228146,172.455870885304,745.479389409227,2461.5731328876,607.465846816122,759.332308520153,230.022855359166,3720,23.2253053235407,1897.7033033271,530.457921970012,623.905991236376,0.305861868136866,0.40430764958024,726.872222934964
300,398.769718124363,19356.2663290188,64.4656079327383,26.6293388438414,3.62227302142579,12.8931215865477,19.3396823798215,0.564645137304285,0.0283107076031848,0.0188209493994171,0.00948975820376773,19.9445787515662,3349843.81422406,4021421.14552709,2328191.18951568,1693229.9560114,0.4,0.15,0.6,0.4,976595.152151184,15020.3410712093,2764.06944492138,2185.31150416717,1005.62198712568,763.930482371062,1239.44403973284,171.137794159317,733.934291997239,2265.9293873073,615.925257809472,769.90657226184,243.221779851039,3720,22.8707651374833,1900.75195575756,488.297576075592,617.497990623608,0.305454391644383,0.382367072788291,768.580824329284
300,398.769718124363,20333.8333353175,67.7325506308507,27.2957516280347,3.70187682202913,13.5465101261701,20.3197651892552,0.564645137304285,0.0280091087414676,0.0185193505376999,0.00948975820376773,20.1593396818202,3519604.84091157,4225215.89545207,2446177.62368278,1779038.27176929,0.4,0.2,0.2,0.4,1234365.72902986,16023.0482264124,2976.08951143879,2185.31150416717,1056.58419027948,802.645107287933,1298.26314289278,175.229926249362,770.093689825578,2864.01747329253,590.785108905113,738.481386131392,203.208476166732,3720,23.963414308281,1891.69294009848,617.182864514932,637.269066101886,0.306753724826155,0.457658074871315,642.138784686873
300,398.769718124363,19981.9687832507,66.5306769517636,27.0524942744546,3.67281193656431,13.3061353903527,19.9592030855291,0.564645137304285,0.0281168817397723,0.0186271235360045,0.00948975820376773,20.0820682225787,3457151.55398114,4150241.96156199,2402771.66195694,1747470.29960505,0.4,0.2,0.3,0.4,1143506.29536761,15662.8827048024,2897.56309820696,2185.31150416717,1037.83573453392,788.402398308127,1276.64316045751,173.736710726655,756.791029657517,2653.2023157568,599.086078448271,748.857598060339,217.004328349278,3720,23.5718913404382,1894.67358768358,571.753147683807,630.174962276184,0.306254777819193,0.428562880323348,685.733677583718
300,398.769718124363,19655.6873994382,65.4543779259957,26.8327813911632,3.64656754578269,13.0908755851991,19.6363133777987,0.564645137304285,0.0282164919294294,0.0187267337256616,0.00948975820376773,20.0111742705821,3401223.53671206,4083101.48464833,2363900.85953324,1719200.62511509,0.4,0.2,0.4,0.4,1056566.7800295,15327.879939634,2827.7350595329,2185.31150416717,1021.04616254751,775.647809512925,1257.26348487191,172.387513285287,744.87826342581,2451.48228643969,607.807459804265,759.759324755331,230.613894203194,3720,23.2069712392589,1897.81673171173,528.28339001475,623.574446927178,0.305835411483053,0.403271452144413,728.739905682093
300,398.769718124363,19340.3594311003,64.4130511398437,26.6184815971588,3.62097665631118,12.8826102279687,19.3239153419531,0.564645137304285,0.0283157903633057,0.0188260321595379,0.00948975820376773,19.9409986463244,3347112.79138539,4018142.60670515,2326293.08809245,1691849.51861269,0.4,0.2,0.5,0.4,972383.532619084,15004.1046867237,2760.7056553945,2185.31150416717,1004.80213498742,763.30766314068,1238.49644091634,171.07108783052,733.352579320138,2256.15744399495,616.254744376586,770.318430470733,243.792793868906,3720,22.8529777293981,1900.86117109477,486.191766309542,617.176585254712,0.305428653779428,0.381471488652813,770.385228625744
300,398.769718124363,19035.4558854599,63.4051229787938,26.4093989474719,3.59601554087439,12.6810245957588,19.0215368936381,0.564645137304285,0.0284147746199602,0.0189250164161924,0.00948975820376773,19.8715332025771,3294737.54784471,3955267.16427936,2289891.51616174,1665375.64811763,0.4,0.2,0.6,0.4,890825.622878733,14691.0137946774,2696.32618474784,2185.31150416717,989.079104480173,751.3633105488,1220.31500754396,169.786261364121,722.19656015309,2066.92399957231,624.442090782502,780.552613478128,256.562101744377,3720,22.5094170555957,1903.81195289413,445.412811439367,610.972243713218,0.305034009032928,0.362485337342066,810.736241512232
300,398.769718124363,19622.8665217799,65.3460433689371,26.8105665187871,3.64391440733079,13.0692086737874,19.6038130106811,0.564645137304285,0.0282266860302392,0.0187369278264715,0.00948975820376773,20.0039472114927,3395594.1188338,4076343.47999255,2359988.330522,1716355.14947055,0.4,0.3,0.2,0.4,1047891.02144766,15294.3774060101,2820.75095816812,2185.31150416717,1019.35621319255,774.364000588563,1255.31184152843,172.251070762837,743.679187497879,2431.35249541576,608.489115769733,760.611394712166,231.793097848458,3720,23.1703924412068,1898.04309022877,523.945510723828,622.913013979433,0.305782638565995,0.401219884730138,732.466189201128
300,398.769718124363,19308.6310994459,64.3082117417695,26.5968105072669,3.61838916237545,12.8616423483539,19.2924635225309,0.564645137304285,0.0283259523245572,0.0188361941207894,0.00948975820376773,19.9338447948585,3341664.9933984,4011602.63313134,2322506.78760235,1689095.84552898,0.4,0.3,0.3,0.4,963981.610051441,14971.7188564464,2753.99959503739,2185.31150416717,1003.16670786277,762.065273966848,1236.60605654285,170.937938261394,732.192188749089,2236.66301663273,616.912242999496,771.140303749369,244.932099996724,3720,22.8174882945838,1901.07913564841,481.990805025721,616.53535638999,0.305377313386139,0.379697067069787,773.985435989648
300,398.769718124363,19004.7676300824,63.303622062453,26.3882519824066,3.59349131130856,12.6607244124906,18.9910866187359,0.564645137304285,0.0284249042476019,0.0189351460438341,0.00948975820376773,19.8644516929876,3289463.22828664,3948935.44812322,2286225.78575555,1662709.66236767,0.4,0.3,0.4,0.4,882684.591965504,14659.6909015026,2689.88346258426,2185.31150416717,987.495755521575,750.160484371101,1218.4831899649,169.656287024054,721.073120793095,2048.03490192665,625.076728579798,781.345910724748,257.663498793911,3720,22.474967968814,1904.02197557128,441.342295982752,610.350312065488,0.304984046000386,0.360935873475758,814.216656188757
300,398.769718124363,18699.2369336961,62.2503659902526,26.1678051409127,3.56718166945022,12.4500731980505,18.6751097970758,0.564645137304285,0.0285318224614155,0.0190420642576478,0.00948975820376773,19.7900129957654,3234732.59824379,3883232.41085688,2248187.18523293,1635045.22562395,0.4,0.3,0.5,0.4,803418.890767826,14346.994142692,2623.28628487204,2185.31150416717,971.065638778032,737.678985345079,1199.46489081776,168.301094016431,709.415400150547,1864.11991796047,632.242791004037,790.303488755047,269.6585646319,3720,22.1297759961993,1906.5954532519,401.709445383913,604.114931398106,0.304539870730696,0.344880571944565,852.121064236804
300,398.769718124363,18416.4919961973,61.3192893826743,25.971372378244,3.54374465332327,12.2638578765349,18.3957868148023,0.564645137304285,0.0286291703671716,0.0191394121634039,0.00948975820376773,19.7227209193512,3186350.81275409,3825151.03571919,2214561.12594269,1610589.9097765,0.4,0.3,0.6,0.4,727130.005579642,14056.4754741972,2564.77197438748,2185.31150416717,956.541443035458,726.645366857764,1182.63754860244,167.093103949427,699.109994585418,1687.11184404975,640.016522000065,800.020652500081,281.663873128411,3720,21.808630888616,1909.39873140363,363.565002789821,598.326433151822,0.304177774589596,0.330180789488758,890.057839085779
300,398.769718124363,23214.1424883933,77.3253225619174,29.1646798059072,3.92544020503795,15.4650645123835,23.1975967685752,0.564645137304285,0.0272602076891229,0.0177704494853552,0.00948975820376773,20.7131634411422,4018076.64231107,4823621.41934103,2284873.30389838,2538748.11544265,0.1,0.1,0.1,0.5,2029680.15065775,18985.1114593103,3627.94575047697,2185.31150416717,1206.22525751998,916.323817008756,1370.8936136339,186.68305458049,876.269061904303,4709.33312548099,509.031029082937,636.288786353672,78.1298260058647,3720,26.9347385254849,1861.33694939162,1014.84007532888,695.545599372038,0.310140383229666,1.19032647011167,246.890250178533
300,398.769718124363,22827.1589793612,76.0106683663133,28.9156938707935,3.89563154936754,15.2021336732627,22.803200509894,0.564645137304285,0.0273525601102162,0.0178628019064484,0.00948975820376773,20.6432280937896,3949762.91090901,4741612.13794599,2246026.80218494,2495585.33576105,0.1,0.1,0.2,0.5,1931069.96288702,18589.1783426446,3536.31181490398,2185.31150416717,1185.71749831377,900.744532830991,1349.10489326166,185.159134479565,861.71811673682,4480.53440385576,517.980636716631,647.475795895788,93.0679612545537,3720,26.5197572663367,1864.55738287795,965.534981443511,687.919737552446,0.309606021089242,0.999269767451252,294.09475756439
300,398.769718124363,22469.1083906637,74.8280128924493,28.6898613070357,3.86860102382097,14.9656025784899,22.4484038677348,0.564645137304285,0.0274381741280417,0.017948415924274,0.00948975820376773,20.5788160199486,3888308.2647725,4667837.05254802,2211080.70910169,2456756.34344632,0.1,0.1,0.3,0.5,1837353.39183331,18221.9208085679,3454.44930611122,2185.31150416717,1167.2688341989,886.729506217202,1329.48483327206,183.776425450106,848.628168817618,4263.09001867678,527.187582095795,658.984477619744,107.633286282155,3720,26.1339473563744,1867.88203155267,918.676695916655,680.840828591558,0.309150643221197,0.864044973561485,340.121184651609
300,398.769718124363,22122.8406148039,73.6832570895697,28.469559673189,3.84223835067083,14.7366514179139,22.1049771268709,0.564645137304285,0.0275234398767143,0.0180336816729466,0.00948975820376773,20.5150642446402,3828823.00948608,4596426.18185604,2177254.50719496,2419171.67466107,0.1,0.1,0.4,0.5,1746519.04509844,17866.7199226218,3375.80688473274,2185.31150416717,1149.4113805553,873.163616978958,1310.4759971187,182.427119242397,835.957704619841,4052.33306868577,536.120692182023,670.150865227529,121.755054879955,3720,25.759534410261,1871.10866293511,873.259522549222,673.974817709277,0.30870919996705,0.763828656573589,384.745973420659
300,398.769718124363,21787.787323209,72.5746692392164,28.2545812503279,3.81651839156433,14.5149338478433,21.7724007717649,0.564645137304285,0.027608360280093,0.0181186020763253,0.00948975820376773,20.4519620714824,3771217.15929531,4527271.49975428,2144497.02619939,2382774.47355488,0.1,0.1,0.5,0.5,1658432.13884106,17522.9939081665,3300.21288304965,2185.31150416717,1132.11812368974,860.026342648442,1292.0509918659,181.109973760503,823.687557019227,3847.950823816,544.793415042442,680.991768803052,135.45436681317,3720,25.3960019467975,1874.24200848614,829.21606942053,667.312102653666,0.308281100517884,0.686578086687108,428.035799129617
300,398.769718124363,21450.1835887428,71.4214356708187,28.0291953573235,3.78955949604937,14.2842871341637,21.4264307012456,0.564645137304285,0.0276992660787551,0.0182095078749873,0.00948975820376773,20.3848410892503,3711291.37158718,4455331.77861607,2110420.31618656,2344911.46242951,0.1,0.1,0.6,0.5,1571731.20778948,17177.5214801041,3222.25306535369,2185.31150416717,1114.1284223612,846.360004265672,1272.86614682853,179.728589395732,810.923258639344,3646.78436589951,552.662108638687,690.827635798359,148.586316094959,3720,25.0289140812622,1877.07717159517,785.865603894741,660.580751980823,0.307808507396717,0.625898820592369,469.532758860072
300,398.769718124363,22808.4991958559,75.9490615119018,28.9039733709904,3.89422854363374,15.1898123023804,22.7847184535705,0.564645137304285,0.0273569596126966,0.0178672014089289,0.00948975820376773,20.6399082828717,3946561.61727691,4737769.04835164,2244206.39132446,2493562.65702718,0.1,0.15,0.1,0.5,1926228.57931198,18570.1334844029,3532.03905543954,2185.31150416717,1184.75647104139,900.014462257344,1348.08329442518,185.087384889973,861.036235552034,4469.30126052737,518.365711452973,647.957139316216,93.7346884710496,3720,26.4997788825534,1864.68724433398,963.114289655988,687.553020307922,0.309577291359341,0.992162042856989,296.201615568517
300,398.769718124363,22451.0673197356,74.7683935761521,28.6784296874441,3.86723290144497,14.9536787152304,22.4305180728456,0.564645137304285,0.0274425557025207,0.017952797498753,0.00948975820376773,20.5755303341671,3885210.2501208,4664117.94732388,2209319.02767973,2454798.91964415,0.1,0.15,0.2,0.5,1832662.68278762,18203.5075877419,3450.34590063559,2185.31150416717,1166.33881124172,886.022989358768,1328.49527430125,183.706420167184,847.968286237648,4252.20647553148,527.55973199373,659.449664992163,108.278151123966,3720,26.1145654041905,1868.00741605826,916.331341393811,680.485251301869,0.309122721689052,0.858899039507291,342.158957551734
300,398.769718124363,22105.3882533163,73.6255341105573,28.458406055437,3.84090379506251,14.7251068221115,22.0876602331672,0.564645137304285,0.0275278036600128,0.018038045456245,0.00948975820376773,20.5118121401198,3825823.53472141,4592825.37181441,2175548.86033314,2417276.51148127,0.1,0.15,0.3,0.5,1741971.91455984,17848.9076706773,3371.86375643283,2185.31150416717,1148.51093923909,872.479573020662,1309.51703614515,182.358793235171,835.318811209451,4041.7826612906,536.480582639051,670.600728298814,122.379126780124,3720,25.7407217066496,1871.22979950627,870.98595727992,673.629875092964,0.308682053122685,0.759933515190796,386.718040625193
300,398.769718124363,21770.8954513783,72.5187563757604,28.2436952280215,3.81521614341276,14.5037512751521,21.7556269127281,0.564645137304285,0.0276127064353757,0.0181229482316079,0.00948975820376773,20.4487429953949,3768311.74405469,4523783.60630815,2142844.86614597,2380938.74016218,0.1,0.15,0.4,0.5,1654021.90905514,17505.7537844489,3296.42153490722,2185.31150416717,1131.24591901103,859.363749783738,1291.12126418676,181.04326478264,823.068698453206,3837.7180582174,545.141666929319,681.427083661648,136.058649067731,3720,25.3777328280415,1874.35911091994,827.01095452757,666.977317457436,0.308254696405033,0.683528762318551,429.945331054029
300,398.769718124363,21433.9283033852,71.3678076211983,28.0186702723948,3.78830072596801,14.2735615242397,21.4103422863595,0.564645137304285,0.0277035590633649,0.0182138008595972,0.00948975820376773,20.3816822240349,3708504.68274563,4451986.4138603,2108835.6697233,2343150.744137,0.1,0.15,0.5,0.5,1567463.98324142,17160.9258932027,3218.64441947039,2185.31150416717,1113.29185930759,845.724487871584,1271.9735589411,179.66406950479,810.329689005538,3636.88340593222,553.002410182521,691.253012728151,149.172139383787,3720,25.0112708278901,1877.19163417459,783.731991620709,660.257673755413,0.307783203091509,0.623440813976205,471.383960452767
300,398.769718124363,21122.1011463686,70.3385426855154,27.8158941891263,3.76405208935333,14.0677085371031,21.1015628056546,0.564645137304285,0.0277871182600892,0.0182973600563215,0.00948975820376773,20.3203920615002,3655020.71061599,4387779.96472508,2078422.08855398,2309357.87617109,0.1,0.15,0.6,0.5,1484845.15816158,16840.864154515,3149.51863580792,2185.31150416717,1097.23598885059,833.527241137287,1254.83461146717,178.420821842638,798.937508695299,3445.18838954715,561.236991853562,701.546239816952,162.07340074937,3720,24.6704950492763,1880.16920842962,742.42257908079,654.020470382394,0.307387822152198,0.573814084050812,512.15194636801
300,398.769718124363,22433.0581966244,74.7088771318803,28.6670132460758,3.86586661110251,14.9417754263761,22.4126631395641,0.564645137304285,0.0274469361077912,0.0179571779040234,0.00948975820376773,20.5722465737807,3882117.58103596,4660405.25934689,2207560.38600642,2452844.87334047,0.1,0.2,0.1,0.5,1827979.7313134,18185.1268636972,3446.25115636377,2185.31150416717,1165.41039302192,885.317691604309,1327.50737610328,183.636506607715,847.309542272841,4241.34093176814,527.931332927152,659.91416615894,108.92200077228,3720,26.0952143111188,1868.13262371057,913.989865656702,680.130250111079,0.309094848583923,0.853821995011206,344.193522440404
300,398.769718124363,22087.9663162151,73.5679093540526,28.4472670549313,3.83957100360249,14.7135818708105,22.0703728062158,0.564645137304285,0.0275321662828457,0.018042408079078,0.00948975820376773,20.5085619309257,3822829.16391946,4589230.68897894,2173846.11583213,2415384.57314681,0.1,0.2,0.2,0.5,1737432.18207417,17831.1263614835,3367.92883098726,2185.31150416717,1147.61203013077,871.79669306528,1308.5596623574,182.290555595852,834.681004952115,4031.24941911023,536.839954731583,671.049943414479,123.002234787014,3720,25.7219384793718,1871.35076941756,868.716091037086,673.285482862876,0.308654952822905,0.756083823688528,388.687061926966
300,398.769718124363,21754.0325703345,72.4629373375177,28.2328232862513,3.81391559446883,14.4925874675035,21.7388812012553,0.564645137304285,0.0276170514402039,0.0181272932364362,0.00948975820376773,20.4455257842007,3765411.20427899,4520301.5657611,2141195.47851842,2379106.08724268,0.1,0.2,0.3,0.5,1649618.73883217,17488.5431413773,3292.63796033466,2185.31150416717,1130.37517794526,858.702268810042,1290.19305402011,180.976640960437,822.450878369805,3827.50167245759,545.489428957212,681.861786196515,136.662015535265,3720,25.3594918795793,1874.47605618669,824.809369416086,666.643058351219,0.308228337041173,0.680510964482314,431.851969091437
300,398.769718124363,21417.6999176082,71.3142656318914,28.0081581320658,3.78704351824811,14.2628531263783,21.3942796895674,0.564645137304285,0.027707851078987,0.0182180928752192,0.00948975820376773,20.3785250503421,3705722.46587942,4448646.41762236,2107253.56624217,2341392.85138019,0.1,0.2,0.4,0.5,1563203.39078464,17144.3576832676,3215.04287553393,2185.31150416717,1112.45663873948,845.089991348724,1271.0823634548,179.599627901168,809.73707191036,3626.99783396938,553.342234340647,691.677792925809,149.757095310364,3720,24.9936537578623,1877.30594277033,781.60169539232,659.935084555422,0.307757939425624,0.621005634539466,473.232421180751
300,398.769718124363,21106.3670150329,70.286582571039,27.8056182862642,3.76282340598376,14.0573165142078,21.0859747713117,0.564645137304285,0.0277913962174897,0.018301638013722,0.00948975820376773,20.3172641232376,3652320.69313928,4384538.64722603,2076886.72763338,2307651.91959265,0.1,0.2,0.5,0.5,1480707.00650451,16824.8009424512,3146.04819671637,2185.31150416717,1096.42544451157,832.911490873813,1253.96899412926,178.357808296225,798.362400214932,3435.58690890469,561.566072581688,701.95759072711,162.640501188449,3720,24.6533596080388,1880.27977787043,740.353503252253,653.706884074523,0.307363196958138,0.571813289558438,513.943983755499
300,398.769718124363,20804.4454624377,69.2890651226636,27.6076025099844,3.73914952396608,13.8578130245327,20.7867195367991,0.564645137304285,0.0278746673838788,0.0183849091801111,0.00948975820376773,20.2565695055018,3600486.42427599,4322312.63418486,2047411.24777178,2274901.38641309,0.1,0.2,0.6,0.5,1400552.77552695,16514.8841351669,3079.54628580531,2185.31150416717,1080.86481442065,821.090472630906,1237.34361230502,177.143342016539,787.321609607445,3249.61032783219,569.561327270759,711.951659088449,175.160311336957,3720,24.3222695196982,1883.17134648956,700.276387763477,647.650754518594,0.3069793474371,0.530942193983063,553.506583824783
300,398.769718124363,21720.3934831215,72.3515798197226,28.2111215306473,3.81131958045229,14.4703159639445,21.7054739459168,0.564645137304285,0.0276257380010844,0.0181359797973167,0.00948975820376773,20.4390969494505,3759624.70347468,4513354.98616409,2137904.99344615,2375449.99271794,0.1,0.3,0.1,0.5,1640833.50699627,17454.2099945476,3285.09404350532,2185.31150416717,1128.63807234868,857.382631669009,1288.34117167424,180.843648102113,821.218343501822,3807.11787785506,546.183488573812,682.729360717265,137.866010359303,3720,25.323094221813,1874.70947683814,820.416753498136,665.976113351781,0.308175752143407,0.67456800815245,435.656592735397
300,398.769718124363,21385.3235844084,71.2074390521389,27.9871725898406,3.78453377834882,14.2414878104278,21.3622317156417,0.564645137304285,0.0277164322035447,0.018226673999777,0.00948975820376773,20.3722157728537,3700171.40743362,4441982.48191311,2104096.96511674,2337885.51679638,0.1,0.3,0.2,0.5,1554702.03946547,17111.3031289594,3207.86101760645,2185.31150416717,1110.7902128598,843.824048648354,1269.3041372915,179.470978985304,808.554686679623,3607.27270862599,554.020455449026,692.525569311282,150.924413515131,3720,24.9584979305422,1877.5340995925,777.351019732735,659.291368814734,0.307707533667914,0.616202493910478,476.921146707815
300,398.769718124363,21074.9756616639,70.1829091441038,27.7851039333155,3.76037055914643,14.0365818288208,21.0548727432311,0.564645137304285,0.027799949227183,0.0183101910234153,0.00948975820376773,20.3110132572534,3646933.48282583,4378071.40795418,2073823.29850461,2304248.10944957,0.1,0.3,0.3,0.5,1472449.68466419,16792.7527787625,3139.12751669112,2185.31150416717,1094.80820578615,831.682915110159,1252.2417563977,178.232007805022,797.214914925109,3416.42798908289,562.222882901364,702.778603626705,163.772231516479,3720,24.6191638188636,1880.50048195434,736.224842332096,653.081114192538,0.307314063977075,0.567861835543482,517.520251592074
300,398.769718124363,20773.9956168804,69.1884141544415,27.5875434879377,3.73675165038848,13.8376828308883,20.7565242463324,0.564645137304285,0.0278831922970244,0.0183934340932566,0.00948975820376773,20.2503763302792,3595256.27080181,4316033.93853759,2044437.12878096,2271596.80975663,0.1,0.3,0.4,0.5,1392528.95639395,16483.7978614483,3072.87406103819,2185.31150416717,1079.29472410559,819.897714962552,1235.66529256977,177.020295100819,786.207577701145,3230.99318895754,570.197755432035,712.747194290043,176.258059958476,3720,24.2889940277205,1883.38495514584,696.264478196976,647.042190701217,0.306931440838856,0.527635445561522,556.975469468785
300,398.769718124363,20481.9721907532,68.2227140825849,27.3943398334115,3.71365872260419,13.644542816517,20.4668142247755,0.564645137304285,0.027966161871693,0.0184764036679252,0.00948975820376773,20.1902978283127,3545075.33687686,4255792.72134077,2015901.81537194,2239890.90596883,0.1,0.3,0.5,0.5,1314839.99808759,16184.0167233322,3008.98047355724,2185.31150416717,1064.23042460746,808.453753106555,1219.55508990273,175.834934930663,775.518950348944,3050.73661763635,577.955467420999,722.444334276249,188.397757194791,3720,23.96761132359,1886.1912091659,657.419999043797,641.167574589882,0.306559259881488,0.493636449736735,595.336912735539
300,398.769718124363,20198.5160605359,67.2846289040277,27.2053472307248,3.69107413636519,13.4569257808055,20.1853886712083,0.564645137304285,0.0280488588804664,0.0185591006766987,0.00948975820376773,20.1307703714646,3496329.36311852,4197274.14540038,1988182.4899265,2209091.65547388,0.1,0.3,0.6,0.5,1239288.27282221,15893.0102722834,2947.33345134659,2185.31150416717,1049.59689966904,797.337045230895,1203.8924226859,174.675054839457,765.135972040841,2875.43892732578,585.505788252502,731.882235315627,200.206298598558,3720,23.6546573174763,1888.9227144074,619.644136411104,635.450590390014,0.306197132341168,0.464520849998223,632.651903571442
300,398.769718124363,22742.2928587035,75.73045146633,28.8623451252602,3.88924555163536,15.146090293266,22.719135439899,0.564645137304285,0.0273726239820691,0.0178828657783014,0.00948975820376773,20.6280968048282,3935201.92437446,4724131.96203417,2237746.71885829,2486385.24317588,0.2,0.1,0.1,0.5,1908974.72999697,18502.3793900027,3516.8774095448,2185.31150416717,1181.34629505015,897.423829265786,1344.45778597713,184.832538174928,858.616600946362,4429.26829075384,519.913468700841,649.891835876051,96.2769714745555,3720,26.4286824597694,1865.23119006638,954.487364998485,686.24818660512,0.309484998466636,0.965963081052861,304.235229859595
300,398.769718124363,22387.0519235375,74.5568239075819,28.6378257377092,3.86237359583158,14.9113647815164,22.3670471722746,0.564645137304285,0.0274581563107953,0.0179683981070276,0.00948975820376773,20.5638401542019,3874216.39823194,4650920.04589669,2203067.39016159,2447852.6557351,0.2,0.1,0.2,0.5,1815943.5613983,18137.9930170616,3435.78389779909,2185.31150416717,1163.0384605998,883.51578974398,1324.98327146249,183.457758595338,845.626576412539,4213.41419973268,529.05890647591,661.323633094887,110.740266661676,3720,26.0455839891849,1868.53421486192,907.971780699149,679.219922763319,0.309033140767506,0.839802926284485,349.939242650897
300,398.769718124363,22043.457695073,73.4206821056193,28.4187878552519,3.83616351069533,14.6841364211239,22.0262046316858,0.564645137304285,0.027543341006504,0.0180535828027363,0.00948975820376773,20.5002413168014,3815178.75460409,4580046.52413456,2169495.72195848,2410550.80217609,0.2,0.1,0.3,0.5,1725762.39140093,17785.524079255,3357.86930332712,2185.31150416717,1145.31537982565,870.051982328246,1306.11343619512,182.116086359523,833.051454286795,4004.17277269027,537.933615818009,672.417019772512,124.764943710496,3720,25.6737590607156,1871.74030208257,862.881195700463,672.4022627474,0.308595070363635,0.745401690845123,394.257222125166
300,398.769718124363,21710.9499296537,72.3203169300293,28.2050259037343,3.81059041815915,14.4640633860059,21.6960950790088,0.564645137304285,0.0276281811120849,0.0181384229083171,0.00948975820376773,20.437289556398,3758000.18148517,4511404.77969409,2136981.21143404,2374423.56826005,0.2,0.1,0.4,0.5,1638298.33399574,17444.3990906666,3282.96458624865,2185.31150416717,1128.15039139344,857.012152247093,1287.82123735564,180.806292026807,820.872317455409,3801.23568297507,546.550838987077,683.188548733846,138.371798641085,3720,25.312698087079,1874.85411236266,819.149166997871,665.78573149106,0.308170203282257,0.672102270212066,437.254883705828
300,398.769718124363,21376.2336769051,71.1774450201554,27.9812775838007,3.78382878263622,14.2354890040311,21.3532335060466,0.564645137304285,0.0277188458100272,0.0182290876062594,0.00948975820376773,20.3704418709969,3698612.81944034,4440111.42789957,2103210.67637348,2336900.75152609,0.2,0.1,0.5,0.5,1552247.43541652,17101.8530452788,3205.83321312934,2185.31150416717,1110.32232526807,843.468605980829,1268.80483051858,179.434839716185,808.222704690593,3601.57745257596,554.380631626316,692.975789532896,151.417266476295,3720,24.9484517993392,1877.6760050703,776.123717708261,659.107534695669,0.30770244787902,0.614196796470099,478.478562065094
300,398.769718124363,21066.1618445936,70.1537990588022,27.7793410585425,3.75968151748748,14.0307598117605,21.0461397176407,0.564645137304285,0.0278023549782144,0.0183125967744467,0.00948975820376773,20.3092557355927,3645420.82759297,4376255.49530969,2072963.12935722,2303292.36595247,0.2,0.1,0.6,0.5,1470064.42420578,16783.5872359648,3137.1731635658,2185.31150416717,1094.35410719366,831.3379477923,1251.75674410135,178.196667301703,796.892716694989,3410.89362639719,562.574608628768,703.218260785959,164.252726086885,3720,24.6093887582179,1880.63917487168,735.032212102889,652.902347948646,0.307309203230984,0.566200648327784,519.038614434555
300,398.769718124363,22369.1528605267,74.4976617059856,28.6264611638575,3.86101356791067,14.8995323411971,22.3492985117957,0.564645137304285,0.0274625333084224,0.0179727751046547,0.00948975820376773,20.5605626750798,3871142.13675503,4647229.4558884,2201319.21594713,2445910.23994126,0.2,0.15,0.1,0.5,1811287.39181999,18119.7245031443,3431.71913210435,2185.31150416717,1162.11556833771,882.814690009641,1324.00108816776,183.388158332336,844.971753300656,4202.61079623786,529.42835738244,661.78544672805,111.380368500657,3720,26.0263391507271,1868.65869390759,905.643695909996,678.866906238815,0.309005420017758,0.834976587453574,351.961964462076
300,398.769718124363,22026.140530537,73.3633954617746,28.4076987818359,3.83483674683174,14.6726790923549,22.0090186385324,0.564645137304285,0.0275477002504053,0.0180579420466376,0.00948975820376773,20.4969972873136,3812201.95324171,4576472.93306328,2167802.96829313,2408669.96477015,0.2,0.15,0.2,0.5,1721248.19126269,17767.8495801542,3353.96276283024,2185.31150416717,1144.42174505719,869.373109237425,1305.16152208961,182.04815041177,832.417390351046,3993.69877153342,538.290950382827,672.863687978534,125.38448803798,3720,25.6550772876696,1871.86058164838,860.624095631346,672.059765925117,0.308568116233451,0.741718544736007,396.214982200017
300,398.769718124363,21694.1868462514,72.2648207517456,28.1942020328507,3.80929567220673,14.4529641503491,21.6794462255237,0.564645137304285,0.0276325227711836,0.0181427645674158,0.00948975820376773,20.4340784220079,3755116.41856882,4507942.87943435,2135341.36394259,2372601.51549176,0.2,0.15,0.3,0.5,1633919.51984698,17427.2901778402,3279.20790423148,2185.31150416717,1127.28468673521,856.354497379647,1286.89824526113,180.739958788554,820.258070872611,3791.0758090095,546.896668411211,683.620835514014,138.971774166679,3720,25.2945540596141,1874.97040297576,816.959759923488,665.453283464964,0.308143984188643,0.669200638458125,439.150806366706
300,398.769718124363,21360.0978209909,71.1241988851104,27.9708095652631,3.78257690216522,14.2248397770221,21.3372596655331,0.564645137304285,0.0277231351129322,0.0182333769091645,0.00948975820376773,20.3672901713375,3695845.97612913,4436789.88730989,2101637.31504152,2335152.57226836,0.2,0.15,0.4,0.5,1548009.71248409,17085.3792478011,3202.25622416,2185.31150416717,1109.491719836,842.837615526814,1267.91841799737,179.370664819022,807.633362189721,3591.74494326367,554.718573189782,693.398216487227,151.999006321217,3720,24.9309247410692,1877.78967317863,774.004856242045,658.786627692775,0.307677310568661,0.611846105121665,480.316859975046
300,398.769718124363,21050.5161481,70.1021225159816,27.7691077940181,3.75845798177199,14.0204245031963,21.0306367547945,0.564645137304285,0.0278066302226551,0.0183168720188873,0.00948975820376773,20.3061332057506,3642735.54542687,4373031.86725915,2071436.14764907,2301595.71961008,0.2,0.15,0.5,0.5,1465948.15173198,16767.6142475998,3133.72607946826,2185.31150416717,1093.54798638994,830.725558037772,1250.8957152375,178.133911591252,796.320746861748,3401.34291058215,562.901900500229,703.627375625287,164.81675852694,3720,24.5923395934088,1880.74913598952,732.974075865991,652.590374315015,0.307284699861013,0.564263008393037,520.820956945131
300,398.769718124363,20750.2685650941,69.1099794396385,27.5719018900769,3.73488187750589,13.8219958879277,20.7329938318916,0.564645137304285,0.0278898513969292,0.0184000931931615,0.00948975820376773,20.2455412640332,3591180.54651054,4311141.11225755,2042119.47422726,2269021.63803029,0.2,0.15,0.6,0.5,1386210.00881609,16459.4100216468,3067.66608602314,2185.31150416717,1078.07119304323,818.968229585843,1234.35731944856,176.924343006963,785.339441245079,3216.33175122461,570.85854344728,713.5731793091,177.273838908382,3720,24.2628878153318,1883.62700000814,693.105004408043,646.564875897054,0.306902903466279,0.524612094896098,560.185330950489
300,398.769718124363,22008.8534418303,73.3062059724004,28.3966241954287,3.83351173135794,14.6612411944801,21.9918617917201,0.564645137304285,0.0275520583362347,0.018062300132467,0.00948975820376773,20.4937551457526,3809230.20034335,4572905.40257305,2166113.08542934,2406792.31714371,0.2,0.2,0.1,0.5,1716741.30701595,17750.2056687161,3350.06432083256,2185.31150416717,1143.52962583593,868.695387492311,1304.21117824918,181.980302052465,831.78440174703,3983.24174495758,538.647773114204,673.309716392755,126.003079774564,3720,25.6364246738612,1871.9806966771,858.370653507977,671.717813590612,0.30854120818988,0.738077197528737,398.169732087622
300,398.769718124363,21677.452425471,72.2094173882366,28.1833921178875,3.80800261038549,14.4418834776473,21.662825216471,0.564645137304285,0.0276368632824972,0.0181471050787295,0.00948975820376773,20.4308691450481,3752237.47861169,4504486.76904165,2133704.25901973,2370782.51002192,0.2,0.2,0.2,0.5,1629547.68787034,17410.2104114259,3275.45889799978,2185.31150416717,1126.42042992771,855.697942428613,1285.97675465319,180.673709959728,819.644851588627,3780.93213531788,547.242014045067,684.052517556333,139.570844493377,3720,25.27643790283,1875.08653839091,814.773843935168,665.121355953314,0.308117809406568,0.666328274630545,441.043868599072
300,398.769718124363,21343.9885777876,71.0710379501157,27.960354387083,3.78132657143631,14.2142075900231,21.3213113850347,0.564645137304285,0.0277274234469513,0.0182376652431836,0.00948975820376773,20.3641401583734,3693083.56009117,4433473.66157403,2100066.47127191,2333407.19030212,0.2,0.2,0.3,0.5,1543778.55249548,17068.9325345943,3198.6862532801,2185.31150416717,1108.66244346986,842.207634749136,1267.03338425181,179.306567585713,807.044962705851,3581.92766151752,555.056043193305,693.820053991631,152.579888456548,3720,24.9134236048735,1877.90318921569,771.88927624774,658.466204852608,0.307652213539766,0.609516764894506,482.152447522693
300,398.769718124363,21034.8958986733,70.0505276699441,27.758886943993,3.7572359442463,14.0101055339888,21.0151583009832,0.564645137304285,0.0278109044989642,0.0183211462951965,0.00948975820376773,20.3030123427059,3640054.50849281,4369813.33552558,2069911.5799858,2299901.75553978,0.2,0.2,0.4,0.5,1461838.16074334,16751.667152773,3130.2856728995,2185.31150416717,1092.74314000345,830.114136442751,1250.03600964351,178.071230997267,795.749681270411,3391.80676928325,563.228745900285,704.035932375356,165.379973895979,3720,24.5753152866438,1880.85895346992,730.919080371669,652.278865037264,0.307260235393001,0.562341363401686,522.600717511293
300,398.769718124363,20735.1157608212,69.0598858440229,27.5619074863162,3.73368717902788,13.8119771688046,20.7179657532069,0.564645137304285,0.0278941116287768,0.018404353425009,0.00948975820376773,20.2424491885152,3588577.51945803,4308016.22984157,2040639.26676706,2267376.96307451,0.2,0.2,0.5,0.5,1382215.96875907,16443.9404873104,3064.34894139047,2185.31150416717,1077.28976519696,818.374598779313,1233.52191466348,176.86303190618,784.784991895978,3207.06464323279,571.175273510742,713.969091888427,177.820183355492,3720,24.2463206274769,1883.73329585045,691.107984379535,646.261913239015,0.306879048509925,0.523000248031898,561.911779403355
300,398.769718124363,20444.2398631818,68.0978805326775,27.3692653511097,3.71066203830481,13.6195761065355,20.4293641598033,0.564645137304285,0.0279770453590181,0.0184872871552503,0.00948975820376773,20.1824435017502,3538588.57737246,4248005.49504497,2012213.12923183,2235792.36581314,0.2,0.2,0.6,0.5,1304812.83700672,16145.3339264173,3000.75681047168,2185.31150416717,1062.28310158448,806.974422191108,1217.47156834298,175.681068832228,774.137259143882,3027.47125643281,578.905936764506,723.632420955632,189.916256876997,3720,23.9260649288716,1886.52987707857,652.40641850336,640.408372545175,0.306508250648805,0.489689516470584,600.135371731311
300,398.769718124363,21311.8496725104,70.9649709074077,27.9394824572948,3.77883054776602,14.1929941814815,21.2894912722223,0.564645137304285,0.0277359972086751,0.0182462390049074,0.00948975820376773,20.3578451878297,3687571.96967417,4426857.10645158,2096932.31358233,2329924.79286925,0.2,0.3,0.1,0.5,1535335.8594832,17036.1200991192,3191.56729095691,2185.31150416717,1107.00786587916,840.950693063609,1265.2674408362,179.178605545176,805.870984234796,3562.33863717883,555.729573391251,694.661966739064,153.739087918671,3720,24.8784988642898,1878.12976663233,767.667929741599,657.826807296733,0.30760213998584,0.604920981768783,485.815517823002
300,398.769718124363,21003.7314976418,69.9475823324085,27.7384823964198,3.75479635274822,13.9895164664817,20.9842746997226,0.564645137304285,0.0278194501478189,0.0183296919440511,0.00948975820376773,20.296775612172,3634705.13208568,4363391.51510886,2066869.66505156,2296521.85005729,0.2,0.3,0.2,0.5,1453636.96463785,16719.8503958153,3123.42482178835,2185.31150416717,1091.13725900399,828.89418901124,1248.32055658804,177.946094613712,794.610254669305,3372.77807430604,563.881101826573,704.851377283216,166.503961249866,3720,24.5413410244573,1881.07815896502,726.818482318924,651.657235400459,0.307211422835072,0.55854527004579,526.152517549576
300,398.769718124363,20704.8829525913,68.9599330403811,27.5419546046426,3.7313021171564,13.7919866080762,20.6879799121143,0.564645137304285,0.0279026291952244,0.0184128709914567,0.00948975820376773,20.2362699713232,3583383.6448987,4301781.08631297,2037685.7777272,2264095.30858577,0.2,0.3,0.3,0.5,1374245.87828303,16413.0754836763,3057.73365504665,2185.31150416717,1075.73056579994,817.190114807734,1231.85490512106,176.74062716699,783.67868746247,3188.57216742091,571.807468915018,714.759336143772,178.910543317452,3720,24.2132575814259,1883.94548163807,687.122939141514,645.657320569347,0.306831451008493,0.519812853259209,565.357316883148
300,398.769718124363,20414.8980289088,68.000797344739,27.3497490078452,3.70832967503645,13.6001594689478,20.4002392034217,0.564645137304285,0.0279855349230201,0.0184957767192524,0.00948975820376773,20.1763210479076,3533543.81742976,4241949.36065997,2009344.43399683,2232604.92666314,0.2,0.3,0.4,0.5,1297064.01572718,16115.3791059886,2994.37526152465,2185.31150416717,1060.76866634526,805.823944991967,1215.8510524013,175.56130519422,773.062716386478,3009.49217695897,579.518922920196,724.398653650245,190.974484723341,3720,23.8938758009388,1886.73537374857,648.53200786359,639.820122186782,0.306461824044011,0.486976048840902,603.479371725759
300,398.769718124363,20120.7026408374,66.9879158418633,27.1452956193241,3.68389903447069,13.3975831683727,20.096374752559,0.564645137304285,0.028075460185372,0.0185857019816043,0.00948975820376773,20.1116966053678,3480911.18204857,4178764.92442806,1979414.96420276,2199349.96022529,0.2,0.3,0.5,0.5,1221068.78550441,15814.3265723318,2928.02810560484,2185.31150416717,1044.968366894,793.820870545597,1198.93564291913,174.306433664941,761.85187230384,2833.16545131667,586.376068505651,732.970085632063,202.465469115392,3720,23.5693348387835,1889.20856277999,610.534392752204,633.883848311878,0.306041764678736,0.459337586830652,639.790882404638
300,398.769718124363,19849.0371557455,66.0923156968372,26.9632244485931,3.66214792967761,13.2184631393674,19.8276947090512,0.564645137304285,0.028157089773816,0.0186673315700483,0.00948975820376773,20.0533912360987,3434372.86957405,4122896.60212971,1952951.02206144,2169945.58006827,0.2,0.3,0.6,0.5,1148210.6908378,15535.2872934808,2869.67680154212,2185.31150416717,1030.99758113098,783.207635179987,1183.96600643901,173.188587223467,751.939129739415,2664.11761461112,593.749862264655,742.187327830819,213.902507072176,3720,23.2681252713734,1891.87778503965,574.105345418901,628.386741788457,0.305698752791187,0.434777512769494,675.931922348077
300,398.769718124363,22305.6369133538,74.2876999313119,28.5860927593197,3.8561827017908,14.8575399862624,22.2863099793936,0.564645137304285,0.0274781184838328,0.0179883602800651,0.00948975820376773,20.5489010332531,3860231.83629144,4634131.85629225,2195115.08982264,2439016.76646961,0.3,0.1,0.1,0.5,1794690.0144117,18054.719656036,3417.29317895926,2185.31150416717,1158.84029980556,880.326545045577,1320.51502659127,183.140919557222,842.647840076357,4164.10099497699,530.917257317771,663.646571647214,113.824971040023,3720,25.9578404180648,1869.18194831916,897.345007205852,677.61059385896,0.308916502801235,0.817043915322406,359.686908486473
300,398.769718124363,21964.6854460237,73.1600781814744,28.3683073163736,3.83012383574936,14.6320156362949,21.9480234544423,0.564645137304285,0.0275632222966915,0.0180734640929238,0.00948975820376773,20.4854545388933,3801636.92243569,4563789.82285197,2161795.17924567,2401994.6436063,0.3,0.1,0.2,0.5,1705154.74000492,17704.9512110246,3340.09713402452,2185.31150416717,1141.2501263602,866.963706072647,1301.78270555777,181.806813638553,830.167020172225,3956.35819691776,539.734234999149,674.667793748936,127.75364247361,3720,25.5885755391335,1872.36772065014,852.577370002458,670.84076465647,0.308481769977005,0.727963588351001,403.701510216607
300,398.769718124363,21634.6942396778,72.0678468397251,28.155751015325,3.80469630044499,14.413569367945,21.6203540519175,0.564645137304285,0.0276479823006307,0.018158224096863,0.00948975820376773,20.4226525886992,3744881.00992373,4495655.47409812,2129521.01404648,2366134.46005164,0.3,0.1,0.3,0.5,1618306.67696219,17366.3976568148,3265.87301316317,2185.31150416717,1124.21202050014,854.020267395632,1283.62190573316,180.504305699528,818.077910794913,3754.85035833619,548.296582863019,685.370728578774,141.269059428836,3720,25.229959642806,1875.46220969395,809.153338481095,664.269925859464,0.308060101627312,0.658318250125028,446.410227795122
300,398.769718124363,21302.8232205045,70.9351795849887,27.9336172994991,3.77812915788818,14.1870359169977,21.2805538754966,0.564645137304285,0.0277384095838139,0.0182486513800462,0.00948975820376773,20.3560746912386,3686023.91513279,4424998.69763841,2096052.01467082,2328946.68296758,0.3,0.1,0.4,0.5,1532897.16157467,17026.7354378895,3189.55649817476,2185.31150416717,1106.54314042615,840.597652640179,1264.7714073876,179.142646562689,805.541245889584,3556.68028709843,556.087782614926,695.109728268657,154.229079277833,3720,24.8685147499085,1878.27092233479,766.448580787336,657.64413336954,0.307597103978951,0.602999125946067,487.363890517953
300,398.769718124363,20994.9782953033,69.9186664456422,27.7327483474333,3.75411079313037,13.9837332891284,20.9755999336927,0.564645137304285,0.0278218546657035,0.0183320964619357,0.00948975820376773,20.295021453057,3633202.56804381,4361587.71673927,2066015.23424492,2295572.48249435,0.3,0.1,0.5,0.5,1451266.91696243,16710.7473515129,3121.48664394672,2185.31150416717,1090.68618978364,828.551523074109,1247.83868290924,177.91092828505,794.290205880648,3367.27900883842,564.230943790387,705.288679737984,166.981714558166,3720,24.5316253794283,1881.21613274051,725.633458481215,651.479580940068,0.307206609714959,0.55694720973538,527.662218003803
300,398.769718124363,20696.3909755245,68.9318563855751,27.5363472566956,3.73063185421917,13.786371277115,20.6795569156725,0.564645137304285,0.0279050258656855,0.0184152676619178,0.00948975820376773,20.2345319449649,3581924.69009408,4300029.63996889,2036856.14524842,2263173.49472047,0.3,0.1,0.6,0.5,1371941.54245721,16404.2416770396,3055.86456825753,2185.31150416717,1075.29258805796,816.857394311107,1231.38661749305,176.706227124657,783.367927518193,3183.22556882839,572.149298484889,715.186623106111,179.376571542318,3720,24.2037993492858,1884.08040466357,685.970771228604,645.484479745029,0.306826851719932,0.518462356596328,566.829966073724
300,398.769718124363,21947.5019254318,73.1032231166525,28.3572822090407,3.82880479366024,14.6206446233305,21.9309669349957,0.564645137304285,0.0275675770113724,0.0180778188076046,0.00948975820376773,20.4822185522998,3798682.54733075,4560243.15405853,2160115.17823825,2400127.97582028,0.3,0.15,0.1,0.5,1700673.10379734,17687.4128811169,3336.22671558237,2185.31150416717,1140.36322394668,866.289947484666,1300.83776298941,181.739264290075,829.53773306883,3945.9597517037,540.089044314968,675.11130539371,128.36871107289,3720,25.5700232837919,1872.48715337459,850.336551898671,670.500687348273,0.308455006606199,0.724475607978904,405.645126990332
300,398.769718124363,21618.0584828302,72.0127628476656,28.1449887426576,3.80340898976028,14.4025525695331,21.6038288542997,0.564645137304285,0.0276523194749746,0.0181625612712069,0.00948975820376773,20.4194493635621,3742018.66555159,4492219.28637645,2127893.34617832,2364325.94019813,0.3,0.15,0.2,0.5,1613958.93331585,17349.4184644651,3262.15056090351,2185.31150416717,1123.35274568167,853.3674972089,1282.70557788734,180.438344888693,817.468226399773,3744.76257521027,548.640018365147,685.800022956434,141.864776844464,3720,25.2119393718894,1875.57769794763,806.979466657925,663.939790166177,0.308034065687879,0.655553845490216,448.292694828507
300,398.769718124363,21286.8055169663,70.8823115379762,27.9232058853875,3.7768841110999,14.1764623075952,21.2646934613929,0.564645137304285,0.0277426952049285,0.0182529370011607,0.00948975820376773,20.3529301365059,3683276.71851223,4421700.74251169,2094489.82540027,2327210.91711141,0.3,0.15,0.3,0.5,1528688.63203688,17010.3821254236,3186.0107921145,2185.31150416717,1105.71843292401,839.971142778261,1263.89110964469,179.078813896916,804.95608816844,3546.91551329627,556.423391542652,695.529239428315,154.806780004321,3720,24.8511027236918,1878.38380512917,764.34431601844,657.325375943933,0.307572132148682,0.600748881912047,489.189424813654
300,398.769718124363,20979.4455435716,69.8673523486451,27.7225697913288,3.75289386156689,13.973470469729,20.9602057045935,0.564645137304285,0.0278261262300154,0.0183363680262477,0.00948975820376773,20.2919059820556,3630536.11974803,4358386.69837699,2064498.9623891,2293887.73598789,0.3,0.15,0.4,0.5,1447178.57889206,16694.8895230948,3118.06931892637,2185.31150416717,1089.88572290146,827.94342853755,1246.98352105088,177.848503466429,793.722247694974,3357.79310737915,564.556020476812,705.695025596015,167.541894604437,3720,24.5146864924938,1881.3253486759,723.589289446029,651.169668388351,0.30718226595872,0.555085044367983,529.432386950022
300,398.769718124363,20681.3218433019,68.8820319880937,27.5263937316357,3.7294420903973,13.7764063976187,20.6646095964281,0.564645137304285,0.0279092833911364,0.0184195251873686,0.00948975820376773,20.2314451930217,3579335.651457,4296921.55036855,2035383.89227984,2261537.65808871,0.3,0.15,0.5,0.5,1367968.23008842,16388.8574968856,3052.56938987685,2185.31150416717,1074.5153595293,816.266953674677,1230.55557328618,176.645163330553,782.816457726228,3174.0065539259,572.464346416366,715.580433020458,179.920018434794,3720,24.187314075945,1884.18612867375,683.984115044211,645.183048538879,0.306803113161902,0.516896345437541,568.547258253948
300,398.769718124363,20392.0301889628,67.9251296312213,27.3345280907396,3.70651068733423,13.5850259262443,20.3775388893664,0.564645137304285,0.0279921672988169,0.0185024090950492,0.00948975820376773,20.1715405340604,3529611.87557437,4237229.14234618,2007108.54111135,2230120.60123483,0.3,0.15,0.6,0.5,1290959.43310493,16091.8716227655,2989.39303462917,2185.31150416717,1059.58829872182,804.927250342941,1214.58790768925,175.467898180601,772.22520584262,2995.32811610885,580.158566197328,725.19820774666,191.956729782964,3720,23.8686142686149,1886.96976609031,645.479716552466,639.358604029901,0.30643427452384,0.484484186124398,606.583266114165
300,398.769718124363,21601.4510650901,71.9577706731433,28.1342403026024,3.80212334828892,14.3915541346287,21.587331201943,0.564645137304285,0.0276566555042625,0.0181668973004947,0.00948975820376773,20.4162479883824,3739161.09231895,4488788.82631326,2126268.39141154,2362520.43490172,0.3,0.2,0.1,0.5,1609618.09553657,17332.4680890399,3258.43568813478,2185.31150416717,1122.49490315768,852.715815120434,1281.79073570751,180.372467748788,816.859558265757,3734.6908153127,548.982976050158,686.228720062698,142.459599495927,3720,25.1939466760367,1875.69303294197,804.809047768285,663.610169485615,0.30800807362779,0.652816660506327,450.17233440713
300,398.769718124363,21270.8141430033,70.829527840864,27.9128072083319,3.7756406015486,14.1659055681728,21.2488583522592,0.564645137304285,0.0277469798573365,0.0182572216535688,0.00948975820376773,20.3497872636033,3680533.90498835,4418408.0492057,2092930.12857112,2325477.92063458,0.3,0.2,0.2,0.5,1524486.59719331,16994.0556083536,3182.47202145988,2185.31150416717,1104.89504122602,839.345632517646,1263.01217720852,179.015058277072,804.371864054613,3537.16580870523,556.758534649718,695.948168312148,155.38363254354,3720,24.8337163614526,1878.49653773666,762.243298596657,657.007097876959,0.307547200245725,0.598518637244114,491.012278837588
300,398.769718124363,20963.9379708615,69.8161191392798,27.7124035502531,3.75167841615343,13.963223827856,20.9448357417839,0.564645137304285,0.027830396826696,0.0183406386229283,0.00948975820376773,20.2887921728322,3627873.87463814,4355190.72585612,2062985.08066869,2292205.64518743,0.3,0.2,0.3,0.5,1443096.45769642,16679.0573148094,3114.65859349143,2185.31150416717,1089.08651781427,827.336292571346,1246.1296696286,177.78615316891,793.155184795299,3348.32163052472,564.880656052078,706.100820065097,168.101266545233,3720,24.4977722183777,1881.4344227308,721.54822884821,650.860215626167,0.307157960763669,0.553237949429581,531.200002282935
300,398.769718124363,20666.2768008648,68.8322851830971,27.5164521153085,3.72825376354927,13.7664570366194,20.6496855549291,0.564645137304285,0.0279135399513369,0.0184237817475692,0.00948975820376773,20.2283600821916,3576750.64477919,4293818.30105545,2033913.9320789,2259904.36897655,0.3,0.2,0.4,0.5,1364000.87157867,16373.4978244916,3049.28049448618,2185.31150416717,1073.73934139346,815.677432558243,1229.72578723527,176.584171625417,782.265846748692,3164.80135337023,572.77897637315,715.973720466437,180.462695007423,3720,24.1708524167046,1884.29171857665,682.000435789333,644.882058522133,0.306779411851797,0.515341965807251,570.262116223458
300,398.769718124363,20377.4275413012,67.8768082480583,27.3248035807879,3.70534856905046,13.5753616496117,20.3630424744175,0.564645137304285,0.0279964098662313,0.0185066516624636,0.00948975820376773,20.1684837449586,3527100.93847668,4234214.81209686,2005680.70046693,2228534.11162992,0.3,0.2,0.5,0.5,1287101.96112329,16076.9638797563,2986.22010998331,2185.31150416717,1058.83451624904,804.354621380334,1213.78121944782,175.408220063772,771.690371816172,2986.37787802437,580.463661544952,725.57957693119,192.48345193838,3720,23.8525867246426,1887.07203554365,643.550980561647,639.065732192502,0.306411155160588,0.483158417326036,608.247708125282
300,398.769718124363,20084.5588339724,66.8688120042899,27.1211528524727,3.68101454744,13.373762400858,20.060643601287,0.564645137304285,0.0280861995058953,0.0185964413021275,0.00948975820376773,20.1040064956373,3474722.15713529,4171335.1226114,1975895.58439487,2195439.53821652,0.3,0.2,0.6,0.5,1211403.30929973,15777.2548506839,2920.24975254407,2185.31150416717,1043.1104236952,792.409440089943,1196.94556538067,174.15822545069,760.53359909134,2810.73928370129,587.303983288568,734.129979110709,203.935087831185,3720,23.5293686553864,1889.5393862606,605.701654649863,633.154228608561,0.305993392173944,0.45602745946781,644.434877546545
300,398.769718124363,20932.9981222728,69.7138946562424,27.6921079229925,3.74925197286075,13.9427789312485,20.9141683968727,0.564645137304285,0.0278389351178561,0.0183491769140884,0.00948975820376773,20.2825695348568,3622561.95618819,4348813.87297502,2059964.46614606,2288849.40682896,0.3,0.3,0.1,0.5,1434950.80809916,16647.4695139247,3107.85687179643,2185.31150416717,1087.49188168096,826.124887732026,1244.42588654883,177.661675597065,792.023736805079,3329.42181645082,565.528608348142,706.910760435178,169.217593840702,3720,24.4640172884969,1881.65214662753,717.475404049582,650.242685371108,0.307109465733168,0.549588242505968,534.727596536618
300,398.769718124363,20636.2587577699,68.7330236581378,27.4966045220045,3.7258814102653,13.7466047316276,20.6199070974413,0.564645137304285,0.0279220501769371,0.0184322919731694,0.00948975820376773,20.2221947789016,3571592.69132094,4287626.28009716,2030980.86951971,2256645.41057745,0.3,0.3,0.2,0.5,1356083.96135406,16342.8517712295,3042.72148703842,2185.31150416717,1072.19092549892,814.501140679595,1228.06997859796,176.462403961689,781.167193573011,3146.43226819191,573.406986540416,716.75873317552,181.545744470521,3720,24.1379997312911,1884.50249738914,678.04198067703,644.281398158536,0.306732120663653,0.512267584521108,573.684552526846
300,398.769718124363,20348.2912051731,67.7803881901222,27.3053890302142,3.70302849130078,13.5560776380244,20.3341164570367,0.564645137304285,0.0280048921172511,0.0185151339134834,0.00948975820376773,20.1623750214864,3522090.63693758,4228200.04434283,2002831.59995187,2225368.44439096,0.3,0.3,0.3,0.5,1279404.07959174,16047.2185379537,2979.89215198395,2185.31150416717,1057.330425411,803.212002688105,1212.17145748893,175.289072568549,770.623168759455,2968.51699069154,581.072667219428,726.340834024285,193.53469903356,3720,23.8205994327903,1887.27619519014,639.702039795871,638.481255330563,0.306365024090937,0.480533984161017,611.56964894605
300,398.769718124363,20056.450567471,66.776176235106,27.1023603877258,3.67876935226376,13.3552352470212,20.0328528705318,0.564645137304285,0.0280945767059714,0.0186048185022036,0.00948975820376773,20.0980119121806,3469908.49961576,4165556.42210776,1973158.30520894,2192398.11689882,0.3,0.3,0.4,0.5,1203934.70635321,15748.5487990837,2914.21331533508,2185.31150416717,1041.66536532574,791.311667413183,1195.39758850563,174.042857785637,759.508281557307,2793.41037636302,587.901768387285,734.877210484106,204.957616127322,3720,23.4984052216545,1889.73985867387,601.967353176607,632.58892259584,0.305949139209567,0.4537523501553,647.666066962336
300,398.769718124363,19786.5801789671,65.8862886987455,26.9211659421764,3.65712410226583,13.1772577397491,19.7658866096236,0.564645137304285,0.0281761579536143,0.0186863997498466,0.00948975820376773,20.0398201285585,3423667.03296981,4110044.45734671,1946863.16400634,2163181.29334038,0.3,0.3,0.5,0.5,1131530.32686371,15471.3475692287,2856.32258791439,2185.31150416717,1027.78369258069,780.766130009051,1180.52060916657,172.93031714637,749.658767677454,2625.4152650893,595.232609738397,744.040762172996,216.326089840724,3720,23.1989660743888,1892.39383123529,565.765163431856,627.124932378557,0.305608294475383,0.429906536324276,683.590443896689
300,398.769718124363,19524.1918485211,65.0202554353249,26.7436498965376,3.63592295181098,13.004051087065,19.5060766305975,0.564645137304285,0.0282575312943896,0.0187677730906218,0.00948975820376773,19.9821113678247,3378665.11235799,4056020.54304681,1921272.88881165,2134747.65423516,0.3,0.3,0.6,0.5,1061022.52570887,15201.819180176,2800.34787889508,2185.31150416717,1014.27413113846,770.5032804274,1166.03074078784,171.840042477083,740.073279287133,2461.82065956698,602.372668345142,752.965835431427,227.397113576102,3720,22.9069282070532,1894.97879465609,530.511262854434,621.799401002648,0.305275873732681,0.408976167451994,718.574878900483
300,398.769718124363,21886.5168729156,72.9014238944524,28.3181154535216,3.82411901085569,14.5802847788905,21.8704271683357,0.564645137304285,0.0275830837927084,0.0180933255889406,0.00948975820376773,20.4707037671237,3788196.39978821,4547654.74164251,2154152.24604119,2393502.49560132,0.4,0.1,0.1,0.5,1684694.43850575,17624.9941795848,3322.48827780733,2185.31150416717,1137.21528597887,863.898534333918,1297.48346591646,181.499285503842,827.304165164135,3908.88550740257,541.522693330793,676.903366663492,130.721390114719,3720,25.5039774786045,1872.99096698461,842.347219252877,669.290205008948,0.308369290306626,0.711436742819097,413.079592762511
300,398.769718124363,21545.1716115176,71.7347558697431,28.0906090102578,3.79690467668764,14.3469511739486,21.5204267609229,0.564645137304285,0.0276743023992907,0.018184544195523,0.00948975820376773,20.4032292903888,3727572.51379457,4474876.96734042,2119678.56347704,2355198.40386338,0.4,0.1,0.2,0.5,1597146.227452,17275.7140002983,3243.45107627342,2185.31150416717,1119.01601577966,850.072989238163,1278.08026420895,180.105040381625,814.391170619284,3705.75316152116,549.45761121927,686.822014024087,143.980819773937,3720,25.1331966496514,1875.85060430376,798.573113726001,662.489774890015,0.307891286735542,0.645919367218625,454.97939048564
300,398.769718124363,21229.9464679323,70.6946221321679,27.8862124257463,3.77246037014786,14.1389244264336,21.2083866396504,0.564645137304285,0.0277579573991269,0.0182681991953591,0.00948975820376773,20.3417394581795,3673523.76317365,4409992.51281351,2088943.82185903,2321048.69095448,0.4,0.1,0.3,0.5,1513678.99646011,16952.162778178,3173.42123484912,2185.31150416717,1102.7905990094,837.746940015382,1260.7656045924,178.851997506216,802.878691495181,3512.08964479667,557.783689754361,697.229612192951,157.02195898454,3720,24.7890976921047,1878.86196692356,756.839498230057,656.190450466313,0.307492469146365,0.592273848838916,496.189390391147
300,398.769718124363,20924.304905,69.6851710776276,27.6864024722228,3.74856986773138,13.9370342155255,20.9055513232883,0.564645137304285,0.0278413384022985,0.0183515801985308,0.00948975820376773,20.2808187288033,3621069.3851068,4347022.07095654,2059115.71782152,2287906.35313502,0.4,0.1,0.4,0.5,1432595.81967653,16638.4283202828,3105.93468399029,2185.31150416717,1087.04381234399,825.784500772881,1243.94712156089,177.626682082609,791.705816534611,3323.95769197522,565.876584717245,707.345730896556,169.692632316393,3720,24.4543604821401,1881.78940793414,716.297909838264,650.066131955306,0.30710469974585,0.548049722197724,536.228718119803
300,398.769718124363,20627.8241117594,68.7051313067364,27.4910247967241,3.72521448372166,13.7410262613473,20.6115393920209,0.564645137304285,0.0279244456163131,0.0184346874125454,0.00948975820376773,20.2204600607873,3570143.31352396,4285886.33076106,2030156.68299208,2255729.64776898,0.4,0.1,0.5,0.5,1353794.03689973,16334.0770839335,3040.86761277605,2185.31150416717,1071.75582277141,814.170604297652,1227.60467279239,176.428170897684,780.858473548239,3141.11910735514,573.747027825868,717.183784782335,182.009170163677,3720,24.1285978965208,1884.6367364601,676.897018449864,644.109612923443,0.306727566453004,0.510963265841863,575.148977717221
300,398.769718124363,20340.1038901244,67.753293002579,27.2999308246078,3.70237623429372,13.5506586005158,20.3259879007737,0.564645137304285,0.0280072797383318,0.018517521534564,0.00948975820376773,20.1606561786681,3520682.68238169,4226509.82278715,2002030.96868865,2224478.8540985,0.4,0.1,0.6,0.5,1277176.47178231,16038.6987866994,2978.10331367094,2185.31150416717,1056.90775792654,802.890913203122,1211.71907033175,175.255574777574,770.323271958028,2963.34841906013,581.405103424974,726.756379281218,193.9869909142,3720,23.8114421877583,1887.40753420147,638.588235891155,638.314044911177,0.306360673021997,0.479413591404868,612.998891288872
300,398.769718124363,21528.7687377155,71.6806568990751,28.0800147060116,3.79563754487995,14.336131379815,21.5041970697225,0.564645137304285,0.0276785983903953,0.0181888401866275,0.00948975820376773,20.400062508231,3724761.3543553,4471502.22611681,2118080.00184481,2353422.22427201,0.4,0.15,0.1,0.5,1592842.25024244,17258.9668777934,3239.80288235356,2185.31150416717,1118.17210666084,849.431892112661,1277.18007364079,180.040102420453,813.792388705044,3695.76692677489,549.801859922149,687.252324902686,144.572685283947,3720,25.1154097546099,1875.96652189244,796.42112512122,662.16401021593,0.307865833061294,0.643275040629867,456.849685497273
300,398.769718124363,21214.0456563081,70.6421283915417,27.8758571582464,3.7712221016189,14.1284256783083,21.1926385174625,0.564645137304285,0.0277622393387214,0.0182724811349537,0.00948975820376773,20.3386020275658,3670796.01673705,4406717.90724736,2087392.69290664,2319325.21434072,0.4,0.15,0.2,0.5,1509499.35609676,16935.928663323,3169.90644291966,2185.31150416717,1101.97173044595,837.124865929671,1259.89136173475,178.788504333879,802.297676697494,3502.39190064256,558.116992985124,697.646241231405,157.595664317661,3720,24.7717995490045,1878.97407342657,754.749678048378,655.873821233329,0.307467661296709,0.590117757380319,498.00229924381
300,398.769718124363,20908.8839049565,69.6342158277015,27.6762781837572,3.74735948696562,13.9268431655403,20.8902647483104,0.564645137304285,0.0278456062882023,0.0183558480844346,0.00948975820376773,20.2777102951252,3618421.58367839,4343843.43778918,2057610.04947909,2286233.3883101,0.4,0.15,0.3,0.5,1428535.12805543,16622.684433532,3102.54677045548,2185.31150416717,1086.24894324513,825.180658805911,1243.09776964754,177.56458551816,791.141830164545,3314.53593675069,566.199471424463,707.749339280578,170.249001170112,3720,24.4375307816096,1881.89788712286,714.267564027716,649.758260162248,0.307080514161434,0.546258711421601,537.986843697554
300,398.769718124363,20612.8618655787,68.6556510448973,27.4811237305513,3.72403105176551,13.7311302089795,20.5966953134692,0.564645137304285,0.027928699472384,0.0184389412686162,0.00948975820376773,20.2173802565568,3567572.15730031,4282799.70864383,2028694.59883129,2254105.10981254,0.4,0.15,0.4,0.5,1349847.19462154,16318.8018713435,3037.60042939614,2185.31150416717,1070.98396253725,813.58424188755,1226.77920518107,176.367424532173,780.310812741846,3131.96150925984,574.059994235209,717.574992794011,182.548979573348,3720,24.1122173477485,1884.74176078178,674.923597310769,643.810139381624,0.306703980482783,0.509452313660469,576.854775451781
300,398.769718124363,20325.5804630967,67.7052272973563,27.2902455150356,3.70121884754399,13.5410454594713,20.3115681892069,0.564645137304285,0.0280115196125207,0.018521761408753,0.00948975820376773,20.1576046253448,3518185.03114594,4223511.44195191,2000610.68302985,2222900.75892206,0.4,0.15,0.5,0.5,1273338.65123146,16023.8718478511,2974.95106386476,2185.31150416717,1056.15796386505,802.321314184706,1210.91652801367,175.196133917614,769.791267843585,2954.44377689575,581.708615245571,727.135769056964,194.510974147295,3720,23.7954924637727,1887.50926553806,636.669325615732,638.022628246333,0.306337664894219,0.478122123482734,614.654678305453
300,398.769718124363,20034.5388343488,66.7039558125393,27.0877004180483,3.67701791459632,13.3407911625079,20.0111867437618,0.564645137304285,0.0281011226128046,0.0186113644090369,0.00948975820376773,20.0933302588772,3466155.69027208,4161051.24882603,1971024.2757597,2190026.97306633,0.4,0.15,0.6,0.5,1198048.47950488,15726.0122580212,2909.49889810097,2185.31150416717,1040.53877322211,790.45582518465,1194.19066941631,173.952857223247,758.708926554101,2779.75295202846,588.526576327608,735.65822040951,205.909220273323,3720,23.4740960412779,1889.96895529707,599.02423975244,632.145234250871,0.3059231100285,0.451655345382554,650.6731360637
300,398.769718124363,21198.170894799,70.589718160662,27.8655145254359,3.76998535793536,14.1179436321324,21.1769154481986,0.564645137304285,0.0277665203098643,0.0182767621060966,0.00948975820376773,20.3354662738813,3668072.60973998,4403448.51109241,2085844.03157009,2317604.47952232,0.4,0.2,0.1,0.5,1505326.14306343,16919.7210587568,3166.39850486859,2185.31150416717,1101.15416458078,836.503781488693,1259.01847086979,178.725087595049,801.717586208074,3492.70906939885,558.449836042151,698.062295052689,158.168530850133,3720,24.7545268149189,1879.08603159596,752.663071531716,655.55766661277,0.307442893023466,0.587980425057618,499.81255748642
300,398.769718124363,20893.4878193536,69.5833406657285,27.6661661117513,3.74615058041958,13.9166681331457,20.8750021997186,0.564645137304285,0.0278498732070459,0.0183601150032782,0.00948975820376773,20.2746035181744,3615777.94388195,4340669.80057857,2056106.74764248,2284563.05293609,0.4,0.2,0.2,0.5,1424480.58953179,16606.965897052,3099.16537964498,2185.31150416717,1085.45532346678,824.577765932406,1242.24971548345,177.502562884765,790.578730229421,3305.12845815277,566.521922301552,708.15240287694,170.804570763543,3720,24.4207254516342,1882.00622616236,712.240294765894,649.450843647136,0.307056366800967,0.544481916287513,539.742443612795
300,398.769718124363,20597.9234586117,68.6062476142896,27.4712344782171,3.72284904529917,13.7212495228579,20.5818742842869,0.564645137304285,0.0279329523640665,0.0184431941602988,0.00948975820376773,20.2143020882624,3565004.9934787,4279717.87932617,2027234.78494398,2252483.0943822,0.4,0.2,0.3,0.5,1345906.24580269,16303.5509110056,3034.33945651881,2185.31150416717,1070.21330082084,812.998789975939,1225.95498363527,176.306749687257,779.764002324123,3122.81758536996,574.372547606097,717.965684507621,183.088026996658,3720,24.095860182836,1884.84665261193,672.953122901346,643.511102739891,0.306680431436193,0.507952385120723,578.55816530944
300,398.769718124363,20311.079856974,67.6572353232783,27.2805716317687,3.70006283938636,13.5314470646557,20.2971705969835,0.564645137304285,0.0280157585261741,0.0185260003224064,0.00948975820376773,20.1545546866689,3515691.2112216,4220517.66053013,1999192.57604059,2221325.08448954,0.4,0.2,0.4,0.5,1269506.47824248,16009.0681215987,2971.80473008088,2185.31150416717,1055.40931996195,801.752588926117,1210.11518250996,175.136762256814,769.260079805223,2945.55223839705,582.011735375242,727.514669219053,195.034230544479,3720,23.7795651859379,1887.61087155083,634.753239121239,637.731631009613,0.306314692440202,0.476839371941894,616.308168520554
300,398.769718124363,20020.5474684583,66.6578374693001,27.0783347376145,3.67589900587596,13.33156749386,19.99735124079,0.564645137304285,0.0281053095327435,0.0186155513289758,0.00948975820376773,20.0903369040094,3463759.23033358,4158174.34613875,1969661.53238151,2188512.81375724,0.4,0.2,0.5,0.5,1194329.98519401,15711.7233616566,2906.49679032505,2185.31150416717,1039.81935675404,789.909303535847,1193.41991664261,173.895358267129,758.198476364285,2771.12517467673,588.824106801683,736.030133502104,206.418224090121,3720,23.4586760636666,1890.06872269172,597.164992597004,631.863735963604,0.305901066744303,0.450541614772331,652.281588124782
300,398.769718124363,19751.6777732998,65.7711362288372,26.8976299795579,3.65431287922258,13.1542272457674,19.7313408686512,0.564645137304285,0.0281868636025805,0.0186971053988127,0.00948975820376773,20.0322088071052,3417683.33404282,4102861.14530951,1943460.54251503,2159400.60279448,0.4,0.2,0.6,0.5,1122178.92088383,15435.5476873623,2848.86271826228,2185.31150416717,1025.98738817397,779.401525712317,1178.5946261094,172.785781327827,748.384229261848,2603.71781392359,596.130085937509,745.162607421886,217.747573596505,3720,23.1602250839601,1892.71377081581,561.089460441913,626.418230560847,0.305561381648465,0.427100051972715,688.082332564957
300,398.769718124363,20568.1179376551,68.5076705624153,27.4514913290074,3.72048929842259,13.7015341124831,20.5523011687246,0.564645137304285,0.0279414552552722,0.0184516970515045,0.00948975820376773,20.2081506544919,3559882.60748042,4273568.55639906,2024321.94776798,2249246.60863109,0.4,0.3,0.1,0.5,1338041.97446073,16273.12151831,3027.83607753933,2185.31150416717,1068.67556226583,811.830609538033,1224.31026786232,176.18561404352,778.672925080091,3104.57063472285,574.996419345082,718.745524181352,184.163843061237,3720,24.063215797867,1885.05604010503,669.020987230366,642.914336304813,0.306633443805268,0.504985117893508,581.957744073508
300,398.769718124363,20282.1468945366,67.5614719168093,27.261258061302,3.6977549488235,13.5122943833619,20.2684415750428,0.564645137304285,0.0280242334731103,0.0185344752693425,0.00948975820376773,20.1484596481853,3510715.03144022,4214543.85527038,1996362.87881228,2218180.97645809,0.4,0.3,0.2,0.5,1261859.02369714,15979.5300901325,2965.52974948917,2185.31150416717,1053.9154724641,800.617751964677,1208.51607157501,175.018226035963,768.200144743029,2927.80835347789,582.616804404073,728.271005505091,196.07856959524,3720,23.7477777721502,1887.81370882344,630.929511848568,637.15089115657,0.306268854256835,0.474299665649222,619.608279920958
300,398.769718124363,19992.6282521513,66.5658030549458,27.0596347648006,3.67366497620121,13.3131606109892,19.9697409164838,0.564645137304285,0.0281136810180136,0.0186239228142459,0.00948975820376773,20.0843545511701,3458976.82117765,4152433.15867665,1966942.02253104,2185491.1361456,0.4,0.3,0.3,0.5,1186908.93962821,15683.2102407302,2900.50875115646,2185.31150416717,1038.38367913283,788.818657287341,1191.88169524263,173.780550438216,757.179814786763,2753.90661159556,589.418011421099,736.772514276374,207.434158092135,3720,23.4278986809042,1890.26788511984,593.454469814106,631.301908637341,0.305857076835362,0.448335032452526,655.491939571148
300,398.769718124363,19724.5357223435,65.6815772896832,26.8793108205273,3.6521248271771,13.1363154579366,19.704473186905,0.564645137304285,0.0281952138137953,0.0187054556100276,0.00948975820376773,20.0262761273339,3413029.558674,4097274.38016087,1940814.1800762,2156460.20008467,0.4,0.3,0.4,0.5,1114953.98928515,15407.8293868028,2843.07373378945,2185.31150416717,1024.59032637241,778.340215376036,1177.0965666289,172.673278375308,747.392966907652,2586.95428115912,596.706335540781,745.882919425976,218.7347265791,3720,23.1302140854689,1892.90675972921,557.476994642577,625.870738949869,0.305518381784222,0.425172543264954,691.201735989954
300,398.769718124363,19463.854121879,64.8209953740567,26.7026393660743,3.63102563975575,12.9641990748113,19.446298612217,0.564645137304285,0.0282765382870363,0.0187867800832685,0.00948975820376773,19.9686797433459,3368310.90792146,4043590.52571603,1915384.98586549,2128205.53985054,0.4,0.3,0.5,0.5,1044877.9058226,15140.0483734689,2787.53467751026,2185.31150416717,1011.16580244673,768.14196759279,1162.69520925323,171.588117265886,737.86781549652,2424.36136175394,603.805748410169,754.757185512712,229.740641436845,3720,22.8398651091979,1895.47728717888,522.438952911299,620.57680399465,0.305188042540493,0.404804302009252,725.980426940431
300,398.769718124363,19210.288403109,63.9831814251167,26.5295117873715,3.61035426099728,12.7966362850233,19.194954427535,0.564645137304285,0.0283576529467793,0.0188678947430116,0.00948975820376773,19.9115610295391,3324775.3551775,3991326.95699579,1890628.55857695,2100698.39841884,0.4,0.3,0.6,0.5,976607.119034218,14879.5641094502,2733.80852188904,2185.31150416717,998.096444145573,758.213533990536,1148.66371219095,170.524417046798,728.594666046009,2265.95715327755,610.72429365884,763.40536707355,240.463790417776,3720,22.5565785579239,1897.98234685932,488.303559517109,615.415009618602,0.304865790461674,0.386752616011018,759.865577720173
325,398.769718124363,21746.318593858,66.8670518611539,27.1207959041156,3.68097190121881,13.3734103722308,20.0601155583462,0.611698898746308,0.0300621948535447,0.0189249091838451,0.0111372856696996,20.3477790536037,4318132.1161485,5183832.07220709,3819665.73741575,1364166.33479134,0.1,0.1,0.2,0.25,1571111.15610808,17445.440943126,3151.85737309588,2185.31150416717,1043.08296659529,858.422228893221,1732.85379837798,174.156034163752,760.51411735512,3645.34570083605,580.877650732082,726.097063415103,158.274381459101,3720,25.9562893540212,1884.59016083774,785.555578054039,667.928572646458,0.309611068598546,0.587587195998814,500.14704541076
325,398.769718124363,21169.0845504412,65.0732986404244,26.7545563417648,3.6372253981234,13.0146597280849,19.5219895921273,0.611698898746308,0.0302290311325732,0.0190917454628736,0.0111372856696996,20.2354781423072,4202295.3448944,5044772.3228024,3717200.65890703,1327571.66389537,0.1,0.1,0.3,0.25,1422009.05297534,16854.7756360284,3026.32392094639,2185.31150416717,1015.10157099401,835.394051162257,1688.90352982401,171.907037248884,740.660375704953,3299.39391472121,594.30891441285,742.886143016062,180.949759561998,3720,25.3114516423599,1889.53811420605,711.00452648767,656.382060074822,0.308810687806291,0.513954813894826,571.801240215913
325,398.769718124363,21140.7865802753,64.9870217149786,26.7368142991039,3.63510665474688,12.9974043429957,19.4961065144936,0.611698898746308,0.0302372697230759,0.0190999840533762,0.0111372856696996,20.2299646875685,4196723.7643883,5038083.75076626,3712272.23740672,1325811.51335954,0.1,0.15,0.2,0.25,1414632.69559471,16825.937502493,3020.33534640958,2185.31150416717,1013.75570649366,834.286429846346,1686.78810209499,171.798052996171,739.705439558567,3282.27903869175,594.849077782374,743.561347227968,181.937497163519,3720,25.2799020029621,1889.72184909626,707.316347797357,655.817504744026,0.308764495697293,0.511164556234469,574.92249103672
325,398.769718124363,20609.3831447174,63.3655704198984,26.4011604786396,3.59503213908617,12.6731140839797,19.0096711259695,0.611698898746308,0.0303959512105929,0.0192586655408933,0.0111372856696996,20.1243545401248,4092013.88534959,4912381.61506553,3619649.61110092,1292732.00396461,0.1,0.15,0.3,0.25,1274608.13540941,16281.1908502504,2908.29372765099,2185.31150416717,988.462110021455,813.470283131696,1647.00577994734,169.735626295324,721.758781825035,2957.38927739224,608.192294467001,760.240368083751,203.612783298751,3720,24.6823987800006,1894.63909630701,637.304067704706,645.131836959308,0.308064807646193,0.456749318452887,643.416395224054
325,398.769718124363,20093.3641663836,61.7541524137441,26.0633013363846,3.55471220139314,12.3508304827488,18.5262457241232,0.611698898746308,0.0305612693897515,0.0194239837200518,0.0111372856696996,20.0154938247244,3987951.93478889,4787457.30466854,3527600.11922945,1259857.18543909,0.1,0.15,0.4,0.25,1140588.73562777,15753.1203253363,2798.40494778703,2185.31150416717,963.325026398049,792.782962668766,1607.41988010807,167.658483477282,703.92317522381,2646.43289411963,620.243841047266,775.304801309083,223.982853009999,3720,24.0990776137838,1899.08062739781,570.294367813887,634.708144590473,0.30733919363932,0.41521035539202,707.785815511595
325,398.769718124363,20068.1462576908,61.6774139923887,26.0471026011776,3.55277951658916,12.3354827984777,18.5032241977166,0.611698898746308,0.0305693414329141,0.0194320557632145,0.0111372856696996,20.0102085970256,3982996.33060755,4781508.20000906,3523216.56842773,1258291.63158133,0.1,0.2,0.3,0.25,1133949.24770347,15727.4141554152,2793.21216101845,2185.31150416717,962.127956421561,791.797798335066,1605.53346968939,167.558864736839,703.073813798489,2631.02772774007,620.732102275598,775.915127844498,224.869649801294,3720,24.0706376252559,1899.24607728116,566.974623851735,634.200334269089,0.307297666586188,0.413572930282852,710.588093372089
325,398.769718124363,19593.5740711278,60.2320114355243,25.7400879134234,3.51615759471312,12.0464022871049,18.0696034306573,0.611698898746308,0.0307249378531206,0.019587652183421,0.0111372856696996,19.9088734262218,3889655.30497778,4669454.14763239,3440650.42457123,1228803.72306115,0.1,0.2,0.4,0.25,1007617.16491866,15240.624454384,2695.79216090394,2185.31150416717,939.580606942642,773.241794699154,1569.98017683587,165.670272929705,687.075710707806,2337.90771960641,632.949616743807,791.187020929759,244.518183203651,3720,23.5307646048034,1903.74900478613,503.808582459328,624.566597893882,0.306675318473224,0.38033981269419,772.677458923536
325,398.769718124363,19096.3233959547,58.7150707204126,25.4138894686457,3.47726504874147,11.7430141440825,17.6145212161238,0.611698898746308,0.0308958630017686,0.019758577332069,0.0111372856696996,19.7987315878275,3791694.49710758,4551854.13818437,3353997.78603059,1197856.35215378,0.1,0.3,0.3,0.25,875000.363696827,14730.8351135138,2594.78958265933,2185.31150416717,915.917308244301,753.767404402842,1532.62155580133,163.662586227514,670.285804098357,2030.20569336011,645.48828244093,806.860353051163,264.869095800965,3720,22.9621946729756,1908.34223881725,437.500181848414,614.432313296858,0.306003209561989,0.351116840259404,836.986342731049
325,398.769718124363,18657.1003557541,57.3359612269936,25.1136531292628,3.44148474173979,11.4671922453987,17.2007883680981,0.611698898746308,0.0310585355194037,0.0199212498497041,0.0111372856696996,19.6950335396256,3702634.5366418,4444939.41973805,3275218.51980699,1169720.89993107,0.1,0.3,0.4,0.25,759942.361760199,14281.2480588241,2504.12952624242,2185.31150416717,894.404087882168,736.062497429526,1498.61557766388,161.813689094543,655.021450410676,1763.24419221116,655.85229692998,819.815371162475,282.368019105645,3720,22.4570798183758,1912.16272698291,379.971180880099,605.436711044499,0.305375487390362,0.32935741198512,892.282940373837
325,398.769718124363,21041.1575679602,64.6832101003345,26.6742443398811,3.62763496920511,12.9366420200669,19.4049630301004,0.611698898746308,0.0302664421997553,0.0191291565300557,0.0111372856696996,20.2104659249066,4177104.25591681,5014530.91946795,3694917.51960797,1319613.39985999,0.2,0.1,0.2,0.25,1388524.4274458,16724.0836173546,2999.25602488927,2185.31150416717,1009.01644086928,830.386103298523,1679.33783298531,171.413678362346,736.342771139211,3221.70174428268,597.07395060554,746.342438256925,185.730202008119,3720,25.1684192053882,1890.51702081437,694.262213722898,653.822899165474,0.308619008812369,0.500726316961281,586.907438345655
325,398.769718124363,20514.9497720239,63.077184858432,26.3410142827256,3.58785298836468,12.6154369716864,18.9231554575296,0.611698898746308,0.0304249628097126,0.0192876771400129,0.0111372856696996,20.1051650439828,4073390.55861182,4890024.68020627,3603176.08015199,1286848.60005428,0.2,0.1,0.3,0.25,1249784.98089204,16184.645570677,2888.52938385316,2185.31150416717,983.963480896873,809.767999325605,1639.92502310557,169.365936186963,718.566853098818,2899.79374747107,610.304201346833,762.880251683541,207.214080336405,3720,24.5761332386247,1895.39329701521,624.892490446019,643.232500971637,0.307925906978034,0.448811199745777,654.796493863041
325,398.769718124363,20004.2952922217,61.48308384373,26.0060362662408,3.54788005092622,12.296616768746,18.444925153119,0.611698898746308,0.0305898662954467,0.019452580625747,0.0111372856696996,19.9967823604826,3970446.90256036,4766442.86021652,3512115.79173849,1254327.06847803,0.2,0.1,0.4,0.25,1117012.05898781,15662.0209848603,2780.05557603223,2185.31150416717,959.096531193144,789.302996993484,1600.75585857417,167.306303382678,700.922915602617,2591.72948469162,622.274307361368,777.84288420171,227.413220357394,3720,23.9982747903969,1899.80546194235,558.506029493906,632.908445116905,0.307208816504409,0.408947201283395,718.625776329364
325,398.769718124363,19979.31091116,61.4070316862227,25.9899470670575,3.54596058667929,12.2814063372445,18.4221095058668,0.611698898746308,0.030597931568381,0.0194606458986814,0.0111372856696996,19.9915114320479,3965535.61584002,4760546.95779114,3507771.44258294,1252775.51520819,0.2,0.15,0.3,0.25,1110431.00290225,15636.5529161974,2774.92026471981,2185.31150416717,957.910166490938,788.326643035096,1598.88591103095,167.207348694952,700.081149929592,2576.45989385765,622.757994962598,778.447493703248,228.291939160546,3720,23.9700702389109,1899.96932446983,555.215501451127,632.404935691485,0.307167618593641,0.407373122073301,721.402527747327
325,398.769718124363,19509.0516940815,59.9743348909565,25.684969998046,3.50958460166796,11.9948669781913,17.9923004672869,0.611698898746308,0.0307534062322325,0.0196161205625329,0.0111372856696996,19.8904438138364,3873015.1012944,4649477.91271837,3425931.09358196,1223546.81913641,0.2,0.15,0.4,0.25,985183.853050644,15154.1747676858,2678.56024192739,2185.31150416717,935.561018714228,769.933758096188,1563.63755552991,165.33111208218,684.223677615385,2285.8571841267,634.876926395707,793.596157994634,247.777348745603,3720,23.4345648320523,1904.43639769729,492.591926525322,622.85101503,0.30655060284007,0.375336972773425,782.976422036107
325,398.769718124363,19485.3417132729,59.9020391222444,25.6694844191442,3.50773798941064,11.9804078244489,17.9706117366733,0.611698898746308,0.0307614343546206,0.019624148684921,0.0111372856696996,19.8852528037083,3868346.39418009,4643873.22230503,3421801.32169844,1222071.90060659,0.2,0.2,0.3,0.25,978922.492131054,15130.0077634993,2673.73756648431,2185.31150416717,934.433251259232,769.005629279016,1561.85777629589,165.235817848177,683.423488660839,2271.3293609228,635.33394977364,794.16743721705,248.610256449847,3720,23.4076497647765,1904.59079634163,489.461246065527,622.371067496239,0.30651111496552,0.374079498279916,785.608410381516
325,398.769718124363,19038.7459054312,58.5392681938139,25.3758142752494,3.47272657781764,11.7078536387628,17.5617804581442,0.611698898746308,0.0309162034307255,0.0197789177610259,0.0111372856696996,19.7857055804718,3780341.54352167,4538225.14228292,3343955.36799794,1194269.77428498,0.2,0.2,0.4,0.25,859643.320422941,14671.8615948487,2583.16938119845,2185.31150416717,913.174901993756,751.510463625225,1528.28887080921,163.428167337629,668.339974591711,1994.57375767029,646.884310582531,808.605388228163,267.172403310997,3720,22.896202594694,1908.84812680184,429.821660211471,613.256857999578,0.305921993526839,0.348089843290234,844.26479446275
325,398.769718124363,18559.9008840579,57.0404789784257,25.0488576338859,3.43376499268649,11.4080957956851,17.1121436935277,0.611698898746308,0.0310943397308696,0.0199570540611699,0.0111372856696996,19.6723552916942,3683552.92093153,4422032.31804505,3258339.60277004,1163692.71527501,0.2,0.3,0.3,0.25,733916.101027748,14181.8619042908,2484.84435561057,2185.31150416717,889.79475500695,732.269119719189,1491.3243026061,161.414542206706,651.750973648609,1702.85717420736,658.038979767097,822.548724708871,286.084986712416,3720,22.3452746391337,1912.93333162555,366.958050513874,603.447723799597,0.305227702093236,0.325078226119874,904.028558011235
325,398.769718124363,18157.9742445134,55.817320732124,24.7788322576623,3.40160267390115,11.1634641464248,16.7451962196372,0.611698898746308,0.031246301390229,0.0201090157205294,0.0111372856696996,19.5766817680889,3604563.96060687,4327207.63578256,3188468.78426083,1138738.85152173,0.2,0.3,0.4,0.25,625504.701203383,13769.2735410854,2405.42800473662,2185.31150416717,870.714273713755,716.566317839212,1461.12154139989,159.750667655002,638.212730183062,1451.31734601956,668.700703427961,835.875879284951,303.042212586832,3720,21.8797884386208,1916.86224177671,312.752350601691,595.17307050359,0.30470057954511,0.306887938832457,957.613391774388
325,398.769718124363,19891.2949378461,61.1390586395021,25.9331765318968,3.53918812456374,12.2278117279004,18.3417175918506,0.611698898746308,0.0306264980158684,0.0194892123461688,0.0111372856696996,19.9728646229605,3948230.48592776,4739772.49211016,3492463.94155485,1247308.55055531,0.3,0.1,0.3,0.25,1087118.32069847,15546.5284704727,2756.83003222508,2185.31150416717,953.729959456817,784.886418225091,1592.29615476414,166.85816678867,697.11515239029,2522.3690133263,624.766467373392,780.95808421674,231.684539788417,3720,23.8703303982232,1900.68636913259,543.559160349235,630.624656195572,0.307038652146287,0.401407880236338,732.123145731398
325,398.769718124363,19425.2917303864,59.7189116527343,25.630217091942,3.50305565560157,11.9437823305469,17.9156734958203,0.611698898746308,0.0307818505268016,0.019644564857102,0.0111372856696996,19.8720638388425,3856520.41134653,4629676.3641615,3411340.47885584,1218335.88530566,0.3,0.1,0.4,0.25,962941.980617126,15068.5035281893,2661.5145511844,2185.31150416717,931.576580614349,766.654649792192,1557.34906056951,164.99416556354,681.396584721832,2234.25083295362,636.788202197137,795.985252746421,251.008990939092,3720,23.3391388141442,1905.11808336701,481.470990308563,621.149570393874,0.30642690985433,0.370504656634259,793.18841136753
325,398.769718124363,19401.7953469475,59.6472475655211,25.6148340463243,3.50122141585993,11.9294495131042,17.8941742696563,0.611698898746308,0.030789871742512,0.0196525860728124,0.0111372856696996,19.8668868731183,3851892.49688109,4624120.64451511,3407246.79069535,1216873.85381977,0.3,0.15,0.3,0.25,956734.120287598,15044.5542382237,2656.74395532786,2185.31150416717,930.458666984122,765.734630599396,1555.58445753796,164.899493409552,680.603387387504,2219.84714364388,637.241108723808,796.551385904759,251.83455080698,3720,23.3124403790852,1905.27105496189,478.367060143799,620.673580861775,0.306387728974907,0.369290074384116,795.797180550056
325,398.769718124363,18959.1469735601,58.296176737642,25.3230713799504,3.46644018266338,11.6592353475284,17.4888530212926,0.611698898746308,0.0309445169334258,0.0198072312637262,0.0111372856696996,19.7676021268104,3764643.21385347,4519379.60846755,3330069.18518662,1189310.42328093,0.3,0.15,0.4,0.25,838449.191863832,14590.444979921,2567.13694825148,2185.31150416717,909.382831755872,748.389672559965,1522.29676673857,163.103417715072,665.649373168714,1945.39841757703,648.701993639071,810.877492048839,270.24770203924,3720,22.8050143499598,1909.49581480044,419.224595931916,611.632868039597,0.305803571714857,0.344128735594194,853.982738443998
325,398.769718124363,18936.8170595046,58.2279717670667,25.3082533857581,3.46467412488142,11.6455943534133,17.46839153012,0.611698898746308,0.030952500404017,0.0198152147343174,0.0111372856696996,19.7625035380638,3760238.68178985,4514092.05496981,3326173.09313565,1187918.96183416,0.3,0.2,0.3,0.25,832534.303014201,14567.6862776546,2562.64985665755,2185.31150416717,908.318878118557,747.514062009353,1520.61531824078,163.012174708628,664.894462264912,1931.6744906893,649.130781850011,811.413477312514,271.031484883977,3720,22.7795031206645,1909.64022689946,416.2671515071,611.178574981149,0.305765984302185,0.343133566344926,856.459492233368
325,398.769718124363,18505.9318165278,56.8763607374439,25.0127960874406,3.42946895318215,11.3752721474888,17.0629082212332,0.611698898746308,0.0311143757627697,0.0199770900930701,0.0111372856696996,19.6596873229976,3672954.51368156,4409309.1400739,3248964.62952814,1160344.51054576,0.3,0.2,0.4,0.25,719410.058690049,14126.5544019009,2474.14584461639,2185.31150416717,887.234616090835,730.162183014143,1487.27372798666,161.192379716269,649.934468948366,1669.19975992047,659.377414626925,824.221768283656,288.27026738002,3720,22.2830062326796,1913.41823503868,359.705029345025,602.340244386306,0.305152185930254,0.322613916604172,910.934044920862
325,398.769718124363,18066.0617419792,55.5373200557352,24.7166041480841,3.39419277040953,11.107464011147,16.6611960167206,0.611698898746308,0.031281964080085,0.0201446784103853,0.0111372856696996,19.5543635681026,3586482.11192947,4305500.73460921,3172474.22550152,1133026.50910769,0.3,0.3,0.3,0.25,600833.09066861,13675.2969119559,2387.39101493779,2185.31150416717,866.346443399018,712.971694439682,1454.20298338381,159.3671102593,635.113607613329,1394.07343361655,670.764830023293,838.456037529116,306.557897547125,3720,21.7734052761386,1917.58857955642,300.416545334305,593.283239605531,0.304559452139088,0.303368468873661,968.722956248916
325,398.769718124363,17685.7060943047,54.3775320201824,24.4571636176807,3.36330777614195,10.8755064040365,16.3132596060547,0.611698898746308,0.0314333241059553,0.0202960384362556,0.0111372856696996,19.4602039760223,3511585.46515275,4215588.79370078,3106223.32167426,1109365.47202652,0.3,0.3,0.4,0.25,497966.301619701,13284.820974246,2313.05306649125,2185.31150416717,848.254496601989,698.082446511426,1425.52684901627,157.767529182352,622.276762633363,1155.39840049722,680.885120058751,851.106400073438,322.652331284091,3720,21.3301335551388,1921.31753517415,248.983150809851,585.414905777103,0.304057360893162,0.288235946195953,1019.58136685773
325,398.769718124363,21865.017729757,67.2297880124388,27.1942579993797,3.68974913134648,13.4459576024878,20.1689364037316,0.611698898746308,0.030029455581683,0.0188921699119834,0.0111372856696996,20.3699629879213,4341556.84598113,5211952.9963759,3566073.10278351,1645879.89359239,0.1,0.1,0.2,0.3,1627563.60600962,17572.937553924,3177.87218468811,2185.31150416717,1048.74141706144,863.079033200073,1688.1432597723,174.606987332224,764.528978346899,3776.32860090026,572.080175832994,715.100219791242,147.766336998298,3720,25.9930728577413,1880.81456542155,813.781803004812,670.865822568519,0.309509380395092,0.629372033503618,466.941624914623
325,398.769718124363,21320.2350499356,65.5340080818221,26.8490984746237,3.64851635375816,13.1068016163644,19.6602024245466,0.611698898746308,0.030185376994264,0.0190480913245644,0.0111372856696996,20.2647427217009,4232046.98160844,5080488.57335947,3476123.76071964,1604364.81263983,0.1,0.1,0.3,0.3,1486564.73242898,17015.4440667829,3058.82832941912,2185.31150416717,1022.28834172033,841.308630003474,1647.95793800439,172.487728746792,745.759631343686,3449.17820442342,584.790983152691,730.988728940863,169.214367592438,3720,25.3876375354016,1885.51023871888,743.282366214489,659.969548149247,0.30875727044419,0.549598720978561,534.717401592104
325,398.769718124363,20817.0743678217,63.999567297302,26.5329086281607,3.61075979850916,12.7999134594604,19.1998701891906,0.611698898746308,0.0303330214525942,0.0191957357828946,0.0111372856696996,20.166105104376,4132956.05644364,4961531.88048457,3394732.33927891,1566799.54120565,0.1,0.1,0.4,0.3,1353557.59595004,16499.5393789192,2952.31159462806,2185.31150416717,998.352053204049,821.609515140649,1611.5505243981,170.545290253626,728.776029273303,3140.57050899779,597.534988902528,746.91873612816,189.838083195107,3720,24.82513374462,1890.21834582634,676.778797975019,649.858458349604,0.308101908654674,0.489891166381082,599.888342896539
325,398.769718124363,21293.557925289,65.4527090871708,26.8324393218149,3.64652669163338,13.0905418174342,19.6358127261512,0.611698898746308,0.0301930391991597,0.0190557535294601,0.0111372856696996,20.2596000591863,4226796.86529491,5074185.91271898,3471811.41396562,1602374.49875336,0.1,0.15,0.2,0.3,1479585.89599233,16988.2501932252,3053.16491876206,2185.31150416717,1021.02012973608,840.264914979091,1646.03006436572,172.38541235188,744.859792270189,3432.98567004909,585.307732063793,731.634665079741,170.152574727013,3720,25.3580507955558,1885.68696964959,739.792947996165,659.437449327534,0.308714165635188,0.546568279376353,537.682136137362
325,398.769718124363,20791.7056021956,63.9221449899817,26.516854920782,3.60884321554222,12.7844289979963,19.1766434969945,0.611698898746308,0.0303406444402836,0.019203358770584,0.0111372856696996,20.1610384364199,4127956.28835995,4955529.75793511,3390625.62385034,1564904.13408477,0.1,0.15,0.3,0.3,1346902.8171421,16473.6806982764,2946.98037203184,2185.31150416717,997.144315046728,820.615569831257,1609.71237213896,170.446640981317,727.919098414735,3125.1298641884,598.024903919172,747.531129898965,190.729709936077,3720,24.7968514264688,1890.38551110902,673.451408571051,649.350287984718,0.308060546001185,0.48760101418478,602.705883398002
325,398.769718124363,20314.1709751196,62.4637982293893,26.2126263568396,3.57253031173031,12.4927596458779,18.7391394688168,0.611698898746308,0.030487493040301,0.0193502073706014,0.0111372856696996,20.0639290983261,4033779.35355997,4842472.21315722,3313270.46163389,1529201.75152333,0.1,0.15,0.4,0.3,1220274.76004468,15983.9953488436,2846.95143651897,2185.31150416717,974.395044321857,801.893365154836,1575.06711114246,168.57667218679,711.777725406143,2831.32312635785,610.175626275991,762.719532844989,210.37411999832,3720,24.2600111586118,1894.87494099415,610.137380022341,639.71007048832,0.30743577454093,0.442069585368879,664.78221919469
325,398.769718124363,20766.4045792742,63.8449240953151,26.5008332896999,3.60693050179596,12.768984819063,19.1534772285945,0.611698898746308,0.0303482646139742,0.0192109789442746,0.0111372856696996,20.1559761827253,4122969.52707743,4949543.24979283,3386529.59196352,1563013.65782932,0.1,0.2,0.2,0.3,1340264.74899394,16447.8908368694,2941.66613776404,2185.31150416717,995.939718797154,819.62421029554,1607.87888898653,170.348186196324,727.064396845429,3109.72799202189,598.513742404839,748.142178006049,191.619225000035,3720,24.7686368484842,1890.55232464539,670.132374496969,648.843359273994,0.308019291290221,0.485337522891991,605.51675100011
325,398.769718124363,20290.0810734238,62.3901822342576,26.197175507616,3.57068648165021,12.4780364468515,18.7170546702773,0.611698898746308,0.0304950740843556,0.019357788414656,0.0111372856696996,20.058941226187,4029025.38902896,4836765.17290392,3309365.64461847,1527399.52828545,0.1,0.2,0.3,0.3,1213937.1741169,15959.4412672193,2841.94212835562,2185.31150416717,973.246682184547,800.948286000521,1573.3171643988,168.481676733573,710.962923831559,2816.61844328963,610.639806204495,763.299757755619,211.220593204209,3720,24.233010017828,1895.03296150735,606.96858705845,639.225406599072,0.307396153909205,0.440297977527633,667.4570745253
325,398.769718124363,19825.8557491024,60.9397629642555,25.8908746975997,3.53414206090022,12.1879525928511,18.2819288892766,0.611698898746308,0.0306478942314045,0.0195106085617049,0.0111372856696996,19.9589209662408,3935360.39472531,4724322.2025514,3232430.98069306,1491891.22185834,0.1,0.2,0.4,0.3,1092565.29177395,15484.2024792428,2743.71019227446,2185.31150416717,950.621075209946,782.327870479019,1538.81713208225,166.597956516381,694.909294414613,2535.00726143203,621.653269859559,777.066587324448,229.720562449871,3720,23.7084730166346,1899.10379250578,546.282645886974,629.812533993013,0.306748184047538,0.404839684389569,725.916977341593
325,398.769718124363,19780.3650463526,60.8011977885773,25.8614225377173,3.53062897496605,12.1602395577155,18.2403593365732,0.611698898746308,0.0306628470712155,0.0195255614015159,0.0111372856696996,19.9491879317539,3926412.15013217,4713580.01216347,3225081.06095396,1488498.95120952,0.1,0.3,0.2,0.3,1080519.04578978,15437.8207454672,2734.39555847526,2185.31150416717,948.459547664012,780.548977970945,1535.51900085105,166.416777097769,693.375617893321,2507.05715055738,622.544300885357,778.180376106697,231.331291157618,3720,23.6571998465265,1899.40677210232,540.259522894889,628.893245024104,0.306673428003297,0.402020840045519,731.006880058072
325,398.769718124363,19351.8560630344,59.494909663894,25.5821032423613,3.49731880553185,11.8989819327788,17.8484728991682,0.611698898746308,0.0308069821834389,0.0196696965137393,0.0111372856696996,19.8558526474282,3842054.83891332,4612310.73098838,3155791.55278152,1456519.17820686,0.1,0.3,0.3,0.3,965782.554876717,14998.1418766199,2646.91012700687,2185.31150416717,928.082293778913,763.778926009551,1504.40760297116,164.698049308558,678.917270642189,2240.84163025325,633.714186414506,792.142733018132,249.216519640355,3720,23.1700063492047,1903.53425384376,482.891277438359,620.163877363646,0.306115236285343,0.373169483845648,787.524202063521
325,398.769718124363,18942.3072196809,58.2447373788188,25.3118966331448,3.46510833552457,11.6489474757638,17.4734212136456,0.611698898746308,0.0309505363591916,0.019813250689492,0.0111372856696996,19.7637576178756,3761321.36936974,4515391.79996367,3089478.59997514,1425913.19998853,0.1,0.3,0.4,0.3,855851.759099855,14577.885613654,2564.05499963944,2185.31150416717,908.580410869836,747.729297734805,1474.5997546152,163.03460851909,665.08002855156,1985.77644774423,644.421606026986,805.527007533733,266.354732383868,3720,22.7020491072732,1907.49038581903,427.925879549928,611.787769920252,0.305579109631339,0.349158429315869,841.680954333024
325,398.769718124363,21199.599298826,65.1663182022425,26.773671773305,3.63950820362762,13.0332636404485,19.5498954606727,0.611698898746308,0.0302201712486324,0.0190828855789328,0.0111372856696996,20.241410735685,4208302.35052926,5051983.61408075,3456620.36752893,1595363.24655181,0.2,0.1,0.2,0.3,1454877.18952275,16892.1692334256,3033.22089698949,2185.31150416717,1016.55261628151,836.588234360466,1639.23780183826,172.024454274896,741.689941158776,3375.65568639266,587.430065400426,734.287581750532,173.751862042409,3720,25.2534696692528,1886.44818480214,727.438594761373,657.55690499475,0.308578395151289,0.535246062441051,549.055884054012
325,398.769718124363,20702.3420632054,63.6493764604832,26.4602180842357,3.6020819067642,12.7298752920966,19.094812938145,0.611698898746308,0.0303676377094057,0.0192303520397061,0.0111372856696996,20.1431176372619,4110341.47636034,4934383.52504243,3376157.14871324,1558226.37632919,0.2,0.1,0.3,0.3,1323335.17608564,16382.2960994194,2928.20267238397,2185.31150416717,992.889301568132,817.113775805494,1603.23542696871,170.09858929966,724.900023186117,3070.44741942947,600.045963785921,750.057454732402,194.15850990314,3720,24.6968596964421,1891.10989149553,661.667588042818,647.553938922751,0.307930520171107,0.478990079015311,613.540891293922
325,398.769718124363,20216.2170169193,62.1278846802474,26.1420491064247,3.56410827609709,12.4255769360495,18.6383654040742,0.611698898746308,0.0305222208745041,0.0193849352048044,0.0111372856696996,20.0411005890228,4012086.77037548,4816430.69672927,3295452.58197266,1520978.11475661,0.2,0.1,0.4,0.3,1196857.67708769,15884.7987399949,2824.17638968862,2185.31150416717,969.155009183385,797.580920984065,1567.08115632027,168.142726560768,708.059744167486,2776.99001163741,611.418276924361,764.272846155452,213.38404786215,3720,24.1500671560623,1895.31359931027,598.428838543845,637.733026541511,0.307249174061651,0.435833891669727,674.293591244393
325,398.769718124363,20677.2713579647,63.5728400834343,26.4443045081125,3.60018223297724,12.7145680166869,19.0718520250303,0.611698898746308,0.0303752502354845,0.0192379645657849,0.0111372856696996,20.1380694481232,4105398.91977097,4928450.08375867,3372097.42572961,1556352.65802905,0.2,0.15,0.2,0.3,1316754.09000114,16356.7408885242,2922.94651244747,2185.31150416717,991.69538335277,816.131204239904,1601.41780130067,170.000789330437,724.05289804136,3055.17775899095,600.53046944055,750.663086800687,195.040193008856,3720,24.6688753151383,1891.27519835983,658.377045000572,647.051232830546,0.307889594894388,0.476824794752831,616.327009907984
325,398.769718124363,20192.4995936629,62.0557449812403,26.1268672977386,3.56229672506788,12.4111489962481,18.6167234943721,0.611698898746308,0.0305297242976156,0.019392438627916,0.0111372856696996,20.0361750005742,4007428.14191107,4810838.1055355,3291626.0722085,1519212.033327,0.2,0.15,0.3,0.3,1190589.6727219,15860.6149376184,2819.27958406881,2185.31150416717,968.029676315325,796.654794637337,1565.36583128705,168.049374176218,707.261282634284,2762.44677408301,611.884656044502,764.855820055627,214.224818041319,3720,24.123453111515,1895.47253717765,595.294836360951,637.255438942679,0.30721052302941,0.434123370253312,676.950425010568
325,398.769718124363,19745.3930213682,60.694658131514,25.8387546032438,3.5279252183366,12.1389316263028,18.2083974394542,0.611698898746308,0.0306743870048268,0.0195371013351272,0.0111372856696996,19.9416828981799,3919532.04547669,4705320.58280515,3219429.87244563,1485890.71035952,0.2,0.15,0.4,0.3,1071144.27291292,15401.8838000118,2727.22203517427,2185.31150416717,946.79759759359,779.181227498852,1532.9828795469,166.277325686136,692.196408399849,2485.30548272019,623.509221356409,779.386526695512,232.84233584271,3720,23.6174726518718,1899.76823117145,535.572136456459,628.181115193847,0.306630892938753,0.399411901033425,735.781781262963
325,398.769718124363,20168.8423639629,61.983782085916,26.111713902865,3.56048860187874,12.3967564171832,18.5951346257748,0.611698898746308,0.0305372254400014,0.0193999397703018,0.0111372856696996,20.0312533287661,4002780.93105278,4805259.22095172,3287808.94065117,1517450.28030054,0.2,0.2,0.2,0.3,1184336.74461336,15836.4923387327,2814.39753329011,2185.31150416717,966.907101470908,795.730938126823,1563.65460869604,167.956194127036,706.464778011655,2747.93851697497,612.350025230183,765.437531537728,215.063670817621,3720,24.0968995004156,1895.63114419783,592.168372306678,636.778959536928,0.307171966286346,0.432430078248159,679.601199783682
325,398.769718124363,19722.8127976981,60.6258621292189,25.8241066335586,3.52617810286333,12.1251724258438,18.1877586387657,0.611698898746308,0.0306818586790425,0.0195445730093429,0.0111372856696996,19.9368266813684,3915089.34584055,4699987.20989262,3215780.72255811,1484206.48733451,0.2,0.2,0.3,0.3,1065162.69192882,15378.8614050543,2722.60523936748,2185.31150416717,945.724424241894,778.298028111105,1531.34510503373,166.187209626072,691.434955798483,2471.42681446695,623.951392643787,779.939240804734,233.641873083136,3720,23.5920023429129,1899.91854573067,532.581345964409,627.724523236727,0.306593742624749,0.398045088291636,738.308318942708
325,398.769718124363,19296.8724871326,59.3271617254538,25.5460129761963,3.4930158515652,11.8654323450908,17.7981485176361,0.611698898746308,0.0308259177970179,0.0196886321273183,0.0111372856696996,19.8436556787771,3831222.03351463,4599306.16268263,3146893.69025654,1452412.47242609,0.2,0.2,0.4,0.3,951076.207308748,14941.8120604263,2635.7488120178,2185.31150416717,925.465533918889,761.625388514642,1500.40988048558,164.47591600735,677.060591477156,2206.71946093794,635.060426706311,793.825533382889,251.427742797532,3720,23.1074084185927,1904.02366196141,475.538103654374,619.042890616565,0.306038628136773,0.369887582671775,794.511667240202
325,398.769718124363,19253.8838551656,59.1959881854748,25.517755975795,3.48964699821532,11.839197637095,17.7587964556425,0.611698898746308,0.0308407942412602,0.0197035085715606,0.0111372856696996,19.8340838423658,3822751.12504766,4589137.00485914,3139935.84542993,1449201.1594292,0.2,0.3,0.2,0.3,939660.468652555,14897.9845882814,2627.04589224183,2185.31150416717,923.419311131855,759.941390993653,1497.28338340236,164.301986323419,675.608727561884,2180.23227467461,635.899266884141,794.874083605176,252.94858460268,3720,23.0586625593859,1904.30811126167,469.830234326277,618.170001603104,0.305967252578968,0.367663650484861,799.317527344469
325,398.769718124363,18848.6148955272,57.9585176749719,25.2496276096241,3.45768730094421,11.5917035349944,17.3875553024916,0.611698898746308,0.0309842110496326,0.0198469253799329,0.0111372856696996,19.7422776964193,3742837.90911457,4493202.7720463,3074296.63350537,1418906.13854094,0.2,0.3,0.3,0.3,830812.129678732,14482.104499094,2545.23069408728,2185.31150416717,904.11556772995,744.054829916408,1467.77079871316,162.651158654716,661.912072118259,1927.67864536662,646.510396433239,808.137995541548,269.92585757338,3720,22.5950530330314,1908.22923880357,415.406064839366,609.873738694158,0.305436564863151,0.344539055413458,852.965709931882
325,398.769718124363,18451.2463171733,56.7100183767945,24.9761927071509,3.42510861536524,11.3420036753589,17.0130055130383,0.611698898746308,0.0311347934236776,0.019997507753978,0.0111372856696996,19.646794838893,3662212.47750973,4396413.53842705,3008072.42102903,1388341.11739802,0.2,0.3,0.4,0.3,726088.10504291,14075.2233164056,2463.6232888222,2185.31150416717,884.639782339573,728.026693442921,1437.9621458763,160.966864765439,648.093347095233,1684.69439088133,656.023000767713,820.028750959641,285.896768565624,3720,22.1384932203788,1911.74614260441,363.044052521455,601.70832671376,0.304872718037667,0.325292239106413,903.433788667373
325,398.769718124363,20588.946250314,63.3031589316579,26.3881554536924,3.59347978921898,12.6606317863316,18.9909476794974,0.611698898746308,0.0304022090818598,0.0192649234121602,0.0111372856696996,20.120212222055,4087983.48406395,4907543.19815601,3357792.71452779,1549750.48362821,0.3,0.1,0.2,0.3,1293443.88826965,16266.4155436085,2904.43063280347,2185.31150416717,987.488530979289,812.669046564872,1595.01238407819,169.655693724825,721.067994737264,3001.09263373602,602.530706705515,753.163383381894,198.432420459485,3720,24.5699228395752,1891.99219260303,646.721944134825,645.273948911834,0.307760985683747,0.46867341427702,627.046448651973
325,398.769718124363,20108.919371514,61.8014748850031,26.0732856336718,3.55590345779901,12.3602949770006,18.5404424655009,0.611698898746308,0.0305563008376015,0.0194190151679018,0.0111372856696996,20.018748407974,3991007.91942215,4791125.95368806,3278138.81041814,1512987.14326991,0.3,0.1,0.3,0.3,1168380.84050823,15775.1052873277,2802.02269450448,2185.31150416717,964.063226488132,793.390486405911,1559.31902796708,167.719883402862,704.446953025441,2710.91708395514,613.814084186345,767.267605232931,217.466549222325,3720,24.0293128271239,1896.16388533777,584.190420254117,635.566371171293,0.307089503335821,0.427651978350575,687.194295542546
325,398.769718124363,19665.6121862766,60.4515634683706,25.7869579080604,3.52174740515023,12.0903126936741,18.1354690405112,0.611698898746308,0.0307008591644238,0.0195635734947242,0.0111372856696996,19.9244879587978,3903833.50870908,4686474.80037105,3206535.38972756,1479939.41064349,0.3,0.1,0.4,0.3,1049895.1529379,15320.2616053096,2710.9011017217,2185.31150416717,943.005477329014,776.060391407143,1527.1952811025,165.958656139204,689.505771481231,2436.00254966778,625.350580966986,781.688226208732,235.939278877173,3720,23.5271600581818,1900.42745718944,524.947576468948,626.562321974084,0.306514500991131,0.394169213547587,745.568121251866
325,398.769718124363,20085.4665843325,61.7301120945977,26.0582277417436,3.55410686188948,12.3460224189195,18.5190336283793,0.611698898746308,0.0305637961692653,0.0194265104995656,0.0111372856696996,20.0138390976913,3986399.4620643,4785593.59191392,3274353.51025689,1511240.08165703,0.3,0.15,0.2,0.3,1162179.28676062,15751.1912038539,2797.19104821811,2185.31150416717,962.950012894161,792.474334149529,1557.6217192576,167.62728225363,703.657090524976,2696.5280273919,614.275380478629,767.844225598286,218.298267097245,3720,24.0029643525185,1896.32107206277,581.089643380309,635.093656648373,0.307051230982556,0.42602262141903,689.822524027295
325,398.769718124363,19643.2231113833,60.3833313029562,25.7724008259323,3.52001125796377,12.0766662605912,18.1149993908869,0.611698898746308,0.0307083249245448,0.0195710392548451,0.0111372856696996,19.9196439483218,3899427.22046054,4681185.1386081,3202916.1474687,1478268.9911394,0.3,0.15,0.3,0.3,1043961.64066413,15297.4341178557,2706.33110121192,2185.31150416717,941.941099469715,775.184430648944,1525.57059496837,165.869091327496,688.750559577657,2422.23541207605,625.788993527545,782.236241909431,236.732176687485,3720,23.5018824144518,1900.57646249175,521.980820332065,626.109266551215,0.306477620837619,0.39284900473319,748.073678332452
325,398.769718124363,19220.8238274756,59.0950985063359,25.4960013251038,3.48705346319732,11.8190197012672,17.7285295519008,0.611698898746308,0.0308522778909185,0.0197149922212189,0.0111372856696996,19.8267013187498,3816235.88396028,4581315.58698713,3134584.34899119,1446731.23799594,0.3,0.15,0.4,0.3,930770.459017745,14864.0072861628,2620.34059783218,2185.31150416717,921.845497080151,758.646175828374,1494.87845372696,164.16807463425,674.492053539145,2159.6053710487,636.81654131281,796.020676641012,254.383368648476,3720,23.0208727770712,1904.65183886518,465.385229508873,617.49345083044,0.305926882361228,0.36558993810839,803.851444929184
325,398.769718124363,19620.8894643838,60.3152629115912,25.7578704870473,3.51827833631131,12.0630525823182,18.0945788734774,0.611698898746308,0.0307157883714118,0.0195785027017121,0.0111372856696996,19.9148037924248,3895031.50839209,4675908.17333985,3199305.59228516,1476602.58105469,0.3,0.2,0.2,0.3,1038042.02268383,15274.6629650527,2701.77456601118,2185.31150416717,940.879276380164,774.310572447049,1523.94971454098,165.779688838117,687.997160369179,2408.50051249802,626.226499331113,782.783124163892,237.523325679565,3720,23.4766607315081,1900.72517245396,519.021011341916,625.65723742364,0.306440829346264,0.391540492850218,750.573709147427
325,398.769718124363,19199.4815849212,59.0299623997436,25.4819462835392,3.48537790076861,11.8059924799487,17.7089887199231,0.611698898746308,0.0308597112921393,0.0197224256224397,0.0111372856696996,19.8219255182119,3812029.53261132,4576265.94551179,3131129.33113964,1445136.61437214,0.3,0.2,0.3,0.3,925100.888938159,14842.2486647551,2616.02613403404,2185.31150416717,920.829415745537,757.809962751166,1493.32567751043,164.081555547554,673.771109644837,2146.45064113996,637.232920166114,796.541150207642,255.138445360979,3720,22.9966538098446,1904.79299533467,462.550444469079,617.059833301033,0.305891407917849,0.364507982591257,806.237487340694
325,398.769718124363,18784.8450444829,57.7240951610724,25.1985127888889,3.45159611959028,11.5448190322145,17.3172285483217,0.611698898746308,0.0310120228025621,0.0198747371328625,0.0111372856696996,19.7245727129987,3727699.40131674,4475029.29329741,3061862.1480456,1413167.14525181,0.3,0.2,0.4,0.3,816367.691462451,14417.8370341288,2529.92607991384,2185.31150416717,900.458727411301,741.045331118363,1462.17638059824,162.336364779902,659.31742087295,1894.1641670638,647.008010354129,808.760012942662,271.66926105494,3720,22.5222894860421,1908.40779381697,408.183845731226,608.567787106633,0.305299815834252,0.342328019146754,858.47486493361
325,398.769718124363,18744.4395757693,57.6013504082582,25.1717074210479,3.44840200584543,11.5202700816516,17.2804051224775,0.611698898746308,0.0310266691087528,0.0198893834390532,0.0111372856696996,19.7152616222585,3719772.80601363,4465513.57264542,3055351.39181002,1410162.18083539,0.3,0.3,0.2,0.3,805556.527487763,14376.6266474637,2521.88895414535,2185.31150416717,898.543988278414,739.469543272292,1459.24664786909,162.171270989783,657.958849034235,1869.07973560079,647.812928305623,809.766160382028,273.112391833543,3720,22.47619111199,1908.68040967824,402.778263743881,607.743463104626,0.305232895680144,0.340519151751568,863.035158193997
325,398.769718124363,18362.9957399701,56.441504724959,24.916993237037,3.41805708086806,11.2883009449918,16.9324514174877,0.611698898746308,0.0311679883698851,0.0200307027001854,0.0111372856696996,19.6258703477104,3644872.43646795,4375597.1626266,2993829.63758662,1381767.52503998,0.3,0.3,0.3,0.3,702333.135280887,13984.9646907997,2446.18802423243,2185.31150416717,880.451142213649,724.579537652145,1431.54680368762,160.602103574706,645.121365993554,1629.57729966928,658.031049170354,822.538811462943,289.295374546982,3720,22.0370956241305,1912.4559784547,351.166567640443,599.89702543933,0.30473911436122,0.321470746449479,914.173383568464
325,398.769718124363,17997.2379672717,55.3275838747237,24.6698889868187,3.3886305932764,11.0655167749447,16.5982751624171,0.611698898746308,0.0313088977090329,0.0201716120393333,0.0111372856696996,19.5375418333501,3572937.79505088,4289241.05048125,2934743.87664507,1354497.17383618,0.3,0.3,0.4,0.3,603160.793071972,13609.3944393419,2374.19575820259,2185.31150416717,863.074693982785,710.279120664864,1404.91591574665,159.079142604084,632.792191320177,1399.4742481394,667.843527929812,834.804409912265,304.840269181612,3720,21.6140536496125,1916.08090732603,301.580396535986,592.345586357657,0.304262843215337,0.305077804352004,963.295250613893
325,398.769718124363,22591.5824184818,69.447970471652,27.6392415812766,3.742931797565,13.8895940943304,20.8343911414956,0.611698898746308,0.029836112753747,0.0186988270840474,0.0111372856696996,20.5019636369851,4484802.35554082,5383916.39320627,3117004.22764573,2266912.16556053,0.1,0.1,0.1,0.4,1870223.54728895,18329.6158246272,3336.77347462476,2185.31150416717,1083.34363557722,891.556065978119,1629.91242955739,177.33741577402,789.080416621245,4339.35647468799,541.966593854565,677.458242318206,106.584027022142,3720,26.5975187615176,1868.59992010023,935.111773644475,686.486266292259,0.309922491127237,0.872551005984043,336.805525389967
325,398.769718124363,22106.6270753167,67.9678280462246,27.3431181197111,3.70753724154448,13.5935656092449,20.3903484138674,0.611698898746308,0.0299638370955475,0.0188265514258478,0.0111372856696996,20.4145716316555,4389217.90302177,5269169.15128663,3050571.61390279,2218597.53738385,0.1,0.1,0.2,0.4,1742331.92758431,17832.4275038573,3231.01637040625,2185.31150416717,1060.25436651083,872.553989252933,1597.25771787426,175.52061335068,772.697803349652,4042.61797579135,554.199571459405,692.749464324256,126.405651300262,3720,26.0664964660471,1873.14069383284,871.165963792154,676.827753798603,0.30930172837011,0.735726599589204,399.441858108826
325,398.769718124363,21629.471270511,66.4759160081964,27.0413586213814,3.67148162900383,13.2951832016393,19.9427748024589,0.611698898746308,0.0300978661355871,0.0189605804658875,0.0111372856696996,20.3236633451249,4292873.39393147,5153509.47650837,2983610.74955748,2169898.72695089,0.1,0.1,0.3,0.4,1618458.48848396,17344.1228285342,3125.63266613538,2185.31150416717,1036.98149906399,853.400830489347,1564.30446865379,173.668341321852,756.184920849718,3755.20259660784,565.348441976869,706.685552471086,145.239307023356,3720,25.5418291760152,1877.28234856492,809.229244241978,667.28646399626,0.308646772634735,0.640322526360201,458.956210193804
325,398.769718124363,21189.0684101859,65.1342005105302,26.7670731611776,3.63872017713387,13.026840102106,19.5402601531591,0.611698898746308,0.0302232277393494,0.0190859420696498,0.0111372856696996,20.2393637113054,4206228.25824885,5049493.70738157,2923391.09374723,2126102.61363435,0.1,0.1,0.4,0.4,1501258.28007154,16892.3603104037,3031.74558915819,2185.31150416717,1016.05160096502,836.175908095669,1534.63453529787,171.983922548534,741.334453934399,3483.27067491515,576.708099782119,720.885124727649,163.480035009248,3720,25.0549120490883,1881.49984070242,750.62914003577,658.444396482742,0.308085828769682,0.568876805016214,516.596910629224
325,398.769718124363,20767.1288997073,63.8471228859527,26.5012896241953,3.60698497992238,12.7694245771905,19.1541368657858,0.611698898746308,0.0303480474012524,0.0192107617315528,0.0111372856696996,20.1561204468484,4123111.52030435,4949713.70984916,2865623.72675478,2084089.98309438,0.1,0.1,0.5,0.4,1388690.40892599,16459.501864228,2942.56299679248,2185.31150416717,995.974018515734,819.652438303362,1506.14160047339,170.350990461061,727.088733649822,3222.08686017528,587.627035479356,734.533794349195,181.00339739009,3720,24.5862782596629,1885.55393493534,694.345204462996,649.940963312772,0.30754614043565,0.51380251056598,571.970735752684
325,398.769718124363,22082.1210739609,67.8929872226629,27.328059928383,3.70573771429022,13.5785974445326,20.3678961667989,0.611698898746308,0.0299704312653515,0.0188331455956518,0.0111372856696996,20.4100799661661,4384384.84167352,5263367.15687098,3047212.56450425,2216154.59236673,0.1,0.15,0.1,0.4,1735914.70129835,17807.440382816,3225.70824690897,2185.31150416717,1059.08689783844,871.593182770189,1595.60557750985,175.428203970935,771.869445045562,4027.72850844726,554.680691144947,693.350863931183,127.27417653882,3720,26.0397353554141,1873.30710130007,867.957350649174,676.341135899255,0.309262888030658,0.730705965099165,402.186397862671
325,398.769718124363,21606.1975770409,66.4050557755686,27.0269423637091,3.66975943460633,13.2810111551137,19.9215167326706,0.611698898746308,0.0301043699661945,0.0189670842964949,0.0111372856696996,20.3192725651861,4288297.39068695,5148016.07525444,2980430.35935783,2167585.71589661,0.1,0.15,0.2,0.4,1612326.48897847,17320.3851556465,3120.66035168373,2185.31150416717,1035.87612504785,852.491127609353,1562.73832393207,173.579828197327,755.400620793497,3740.97492216995,565.812421394462,707.265526743078,146.070116999086,3720,25.5162914053523,1877.4426791527,806.163244489235,666.822489357104,0.308609941735912,0.636680533367286,461.581569717112
325,398.769718124363,21166.7795121843,65.0662491994258,26.7531071315779,3.637052332596,13.0132498398852,19.5198747598277,0.611698898746308,0.030229703527601,0.0190924178579013,0.0111372856696996,20.2350280474237,4201840.10697483,5044225.81869728,2920341.26345632,2123884.55524096,0.1,0.15,0.3,0.4,1495372.14026056,16869.6282444156,3027.02472079512,2185.31150416717,1014.99160425217,835.303550588062,1533.13102116314,171.898135287832,740.582350601641,3469.61345252763,577.151267768634,721.439084710793,164.27524117655,3720,25.0303454383473,1881.65270174986,747.686070130278,657.998405775058,0.308050273227559,0.566123046503707,519.1097621179
325,398.769718124363,20745.7648129674,63.7819139667832,26.487752898927,3.60536895227436,12.7563827933566,19.134574190035,0.611698898746308,0.0303544950994176,0.0192172094297179,0.0111372856696996,20.1518390189941,4118900.46687389,4944658.42361812,2862696.9820947,2081961.44152342,0.1,0.15,0.4,0.4,1383035.45623466,16437.7140265005,2938.07666001817,2185.31150416717,994.956801351787,818.815288182864,1504.69719734422,170.267803732958,726.366983846384,3208.96604602942,588.050786466936,735.063483083669,181.765227260665,3720,24.5626273489376,1885.69982518043,691.517728117331,649.511933785097,0.307511796689337,0.511649017810382,574.3781181437
325,398.769718124363,20342.0402771609,62.5489477598678,26.2304865635113,3.57466171081026,12.5097895519736,18.7646843279604,0.611698898746308,0.0304787448617104,0.0193414591920107,0.0111372856696996,20.0696879586656,4039278.1292948,4849073.38450757,2807358.27524122,2041715.10926634,0.1,0.15,0.5,0.4,1275043.35861427,16023.5015095077,2853.50297418452,2185.31150416717,975.72332218642,802.986511417037,1477.37123727338,168.686477866133,712.720183242716,2958.39909711924,598.538767653196,748.173459566495,198.583344328265,3720,24.1121035954293,1889.59420419098,637.521679307137,641.344008529286,0.306993431357736,0.468317221238192,627.523368077316
325,398.769718124363,21582.9784361962,66.334356572573,27.0125511993648,3.66804026799789,13.2668713145146,19.9003069717719,0.611698898746308,0.0301108717820541,0.0189735861123545,0.0111372856696996,20.3148850413184,4283731.7863939,5142535.15773577,2977257.19658387,2165277.9611519,0.1,0.2,0.1,0.4,1606208.03792091,17296.7029572314,3115.70190368787,2185.31150416717,1034.77326299032,851.583492062814,1561.17564801144,173.491467069158,754.618103056428,3726.77868330311,566.275478964733,707.844348705916,146.89918007256,3720,25.4908073530221,1877.6027027736,803.104018960454,666.359508588651,0.308573194155976,0.633087264027364,464.201409029289
325,398.769718124363,21144.5418619294,64.9984497589249,26.7391650458307,3.63538737669521,12.999689951785,19.4995349276775,0.611698898746308,0.0302361772982294,0.0190988916285298,0.0111372856696996,20.23069559068,4197461.76318166,5038969.70369947,2917298.24951022,2121671.45418925,0.1,0.2,0.2,0.4,1489498.74296667,16846.9482785929,3022.31678760617,2185.31150416717,1013.93397662297,834.433142825942,1531.63078228115,171.812493138381,739.831928213446,3455.98579576297,577.593583336496,721.99197917062,165.068815873638,3720,25.0058294981366,1881.80527987597,744.749371483335,657.553352740412,0.308014797104395,0.563401388128893,521.617458160695
325,398.769718124363,20724.4489116959,63.7168483684676,26.4742390268945,3.60375568126302,12.7433696736935,19.1150545105403,0.611698898746308,0.0303609407827976,0.019223655113098,0.0111372856696996,20.1475607466319,4114698.66879961,4939614.24825884,2859776.67004459,2079837.57821425,0.1,0.2,0.3,0.4,1377392.4993785,16415.9751633936,2933.60240067223,2185.31150416717,993.941819900904,817.979978042313,1503.25588853851,170.184755578123,725.646820356589,3195.87306502955,588.473748302308,735.592185377884,182.525531943345,3720,24.5390242700533,1885.84545440628,688.69624968925,649.083789561512,0.307477528666464,0.509517759021606,576.780680940971
325,398.769718124363,20321.5907726127,62.4864611436386,26.2173811159701,3.57309772956401,12.4972922287277,18.7459383430916,0.611698898746308,0.0304851625202488,0.0193478768505492,0.0111372856696996,20.0654629392252,4035242.8764033,4844229.1433413,2804553.71456601,2039675.42877528,0.1,0.2,0.4,0.4,1269617.30357998,16002.6471270754,2849.24687643753,2185.31150416717,974.748571195988,802.184310735149,1475.98558077578,168.605905067859,712.028564618218,2945.8093791258,598.943645537287,748.679556921609,199.31242479174,3720,24.0893619243484,1889.73333905026,634.808651789992,640.931823739557,0.306960311412468,0.466604127149498,629.8272623419
325,398.769718124363,19923.9308078433,61.2384107251522,25.9542389211603,3.54170070759783,12.2476821450304,18.3715232175457,0.611698898746308,0.0306158798709431,0.0194785942012434,0.0111372856696996,19.9797915762944,3954646.43249503,4747474.70887759,2748537.98935018,1998936.71952741,0.1,0.2,0.5,0.4,1165149.56334809,15595.503421212,2764.58113323167,2185.31150416717,955.279788039847,786.1618953585,1448.29373886657,166.987720399189,698.214807915982,2703.41976445732,608.427386631304,760.53423328913,215.237350297361,3720,23.6438438584583,1893.25844792879,582.574781674046,632.856087862102,0.306408337211673,0.432081141453916,680.150026939659
325,398.769718124363,20681.9610249806,63.5871453334416,26.447279608078,3.60053738078108,12.7174290666883,19.0761436000325,0.611698898746308,0.0303738261073651,0.0192365404376654,0.0111372856696996,20.1390136555099,4106322.72241766,4929559.09053741,2853955.26294271,2075603.8275947,0.1,0.3,0.1,0.4,1366142.41752702,16372.6437092694,2924.68993648332,2185.31150416717,991.918536044568,816.314854579613,1500.3825157199,170.019073581194,724.211232384459,3169.77024133569,589.317315711194,736.646644638992,184.041586064141,3720,24.4919610118442,1886.13593346448,683.071208763511,648.230146027223,0.307409218901309,0.505320574490096,581.571411962684
325,398.769718124363,20280.8272080172,62.3618922411691,26.191235454878,3.56997763454741,12.4723784482338,18.7085676723507,0.611698898746308,0.0304979918200454,0.0193607061503458,0.0111372856696996,20.0570221920073,4027198.48139178,4834572.00647273,2798962.74058947,2035609.26588325,0.1,0.3,0.2,0.4,1258798.95999346,15961.0759909613,2840.76837749302,2185.31150416717,972.805376502686,800.585100229346,1473.22300750933,168.445155236974,710.649802601965,2920.70828928248,599.751217055956,749.689021319945,200.766322595689,3720,24.0440135871286,1890.01088890074,629.39947999673,640.109953355255,0.306894287347718,0.463225100692245,634.421579402379
325,398.769718124363,19885.0210433508,61.1199334544021,25.9291200775966,3.53870422887536,12.2239866908804,18.3359800363206,0.611698898746308,0.030628545670189,0.0194912600004894,0.0111372856696996,19.9715293482471,3946995.42211519,4738289.82246721,2743220.42353365,1995069.39893356,0.1,0.3,0.3,0.4,1154761.96358352,15555.8104220154,2756.59506530687,2185.31150416717,953.431618880173,784.640890058477,1445.6633562012,166.833215227375,696.903469713097,2679.31810112396,609.210621335398,761.513276669248,216.635298982001,3720,23.6003642041268,1893.52735216005,577.380981791758,632.068844187933,0.306345464557024,0.429292919653537,684.567544783122
325,398.769718124363,19517.1709292207,59.9990727226364,25.6902666383399,3.51021622079667,11.9998145445273,17.9997218167909,0.611698898746308,0.0307506633282171,0.0196133776585175,0.0111372856696996,19.8922180057498,3874612.61789619,4651395.69975533,2692913.29985835,1958482.39989698,0.1,0.3,0.4,0.4,1055497.64896515,15178.1861427628,2681.25905123837,2185.31150416717,935.946912964649,770.251340929928,1420.76452387899,165.363705651785,684.497482569982,2449.00165207215,618.984786457833,773.730983072291,232.16545384808,3720,23.1858854929815,1897.15661697189,527.748824482575,624.568908911199,0.305875966565449,0.400576392648217,733.642834159932
325,398.769718124363,19163.2524793962,58.9193726711189,25.4580655074636,3.48253105016916,11.7838745342238,17.6758118013357,0.611698898746308,0.0308723668579624,0.0197350811882628,0.0111372856696996,19.8137998800226,3804887.88294084,4567692.53654362,2644453.57378841,1923238.96275521,0.1,0.3,0.5,0.4,959794.094631163,14814.8411145057,2609.33537309092,2185.31150416717,919.104287165796,756.390219118002,1396.75579572939,163.934547044828,672.547072873278,2226.94700050291,628.411364890415,785.514206113019,247.139577190235,3720,22.7854093036458,1900.65650789114,479.897047315582,617.328580084077,0.305422265300697,0.376305572168287,780.961063921144
325,398.769718124363,21995.76154391,67.6292135377785,27.2749216115384,3.6993876802604,13.5258427075557,20.2887640613335,0.611698898746308,0.0299937792755551,0.0188564936058555,0.0111372856696996,20.3941921798712,4367350.89762498,5242918.24444775,3035373.72046975,2207544.523978,0.2,0.1,0.1,0.4,1713187.04932977,17719.1195063873,3207.00398579029,2185.31150416717,1054.97219814582,868.206856568009,1589.78188561713,175.102085879127,768.949927169141,3974.99503502518,556.642037522708,695.802546903385,130.594131425773,3720,25.9451072124361,1874.01554964868,856.593524664886,674.620704513533,0.309140138236342,0.712130009095084,412.677455305441
325,398.769718124363,21524.1613907722,66.155244317651,26.9760576714642,3.66368089108213,13.2310488635302,19.8465732952953,0.611698898746308,0.0301274010870741,0.0189901154173745,0.0111372856696996,20.3037393427458,4272165.09758608,5128649.57693406,2969218.17611972,2159431.40081434,0.2,0.1,0.2,0.4,1590602.48721987,17236.4537695338,3103.13343605281,2185.31150416717,1031.97922710841,849.284051180017,1557.21629655184,173.267389093672,752.63564058918,3690.57015220329,567.70762123836,709.63452654795,149.251908528215,3720,25.4259613420071,1878.12705777633,795.301243609935,665.181618007511,0.308493922710818,0.623107609926604,471.636030949158
325,398.769718124363,21088.2061776923,64.8266711426364,26.7038083907333,3.63116523644863,12.9653342285273,19.4480013427909,0.611698898746308,0.0302526353812552,0.0191153497115556,0.0111372856696996,20.219689658023,4186368.66517275,5025652.659271,2909588.38168321,2116064.27758779,0.2,0.1,0.3,0.4,1474514.8129895,16789.2381008036,3010.38181490972,2185.31150416717,1011.25434078307,832.227852787956,1527.82935261563,171.595298749349,737.930636425143,3421.21957027247,578.968076888719,723.710096110898,167.326732654263,3720,24.9434360454686,1882.3084144873,737.257406494751,656.420882730457,0.307938461051413,0.555798816631174,528.75247518747
325,398.769718124363,20670.4437385663,63.5519841615142,26.4399664481,3.59966438647401,12.7103968323028,19.0655952484543,0.611698898746308,0.0303773275634273,0.0192400418937277,0.0111372856696996,20.1366923232168,4104052.08865238,4926833.23967872,2852377.13876137,2074456.10091736,0.2,0.1,0.4,0.4,1362993.21101149,16360.6494314246,2922.25839532306,2185.31150416717,991.37004439581,815.863456587467,1499.60351853052,169.974128491954,723.822059104937,3162.46334494724,589.794307141655,737.242883927069,184.694443254677,3720,24.478943643252,1886.32871882783,681.496605505747,647.994163094805,0.307403979196171,0.503534369313761,583.634440684779
325,398.769718124363,20269.7763365051,62.3281200521451,26.1841425403544,3.56913121990628,12.465624010429,18.6984360156435,0.611698898746308,0.0305014781810489,0.0193641925113493,0.0111372856696996,20.0547296467214,4025017.54519079,4831953.83576326,2797446.95754715,2034506.87821611,0.2,0.1,0.5,0.4,1255768.39405462,15949.5626635491,2838.45466329179,2185.31150416717,972.278552093128,800.15153425927,1472.47398728005,168.401545070366,710.27600295768,2913.67666680732,600.213672955999,750.267091194999,201.397689818747,3720,24.0314639874535,1890.19797191762,627.884197027308,639.882639556544,0.306889407502885,0.461772923431733,636.416699827239
325,398.769718124363,21501.1281445545,66.0850935518551,26.9617512241028,3.66197195077292,13.217018710371,19.8255280655565,0.611698898746308,0.0301338974362694,0.0189966117665698,0.0111372856696996,20.2993622062994,4267634.91020194,5123211.17671301,2966069.62862332,2157141.54808969,0.2,0.15,0.1,0.4,1584530.33097377,17212.9611202182,3098.2224887817,2185.31150416717,1030.88492031817,848.383456592686,1555.66542615871,173.179540844299,751.859193102103,3676.48132813731,568.167024336323,710.208780420403,150.074521607061,3720,25.4006602436723,1878.28579850782,792.265165486886,664.722024359,0.308457430366253,0.619692130310442,474.235488278312
325,398.769718124363,21066.1430694537,64.7593886953823,26.6899470896667,3.62951003078725,12.9518777390765,19.4278166086147,0.611698898746308,0.0302591036704873,0.0191218180007876,0.0111372856696996,20.2153674281806,4182023.70770484,5020436.62389537,2906568.5717289,2113868.05216647,0.2,0.15,0.2,0.4,1468684.93723458,16766.7360768731,3005.718177106,2185.31150416717,1010.20477791573,831.364082292531,1526.3402549712,171.510145930108,737.185936256839,3407.6928936672,579.406992580579,724.258740725724,168.11426944465,3720,24.9190925867774,1882.45979970412,734.342468617291,655.979023721934,0.307903227656308,0.553195158907195,531.241091445094
325,398.769718124363,20649.2918624906,63.4874062101289,26.4265296304948,3.59806041419371,12.6974812420258,19.0462218630387,0.611698898746308,0.0303837677706666,0.0192464821009669,0.0111372856696996,20.1324241076138,4099881.7817806,4921826.86888427,2849478.71356458,2072348.15531969,0.2,0.15,0.3,0.4,1357391.20685762,16339.0777608891,2917.82547959376,2185.31150416717,990.362669923139,815.034406952284,1498.17273010959,169.891547310076,723.107293022132,3149.46538380427,590.214101601415,737.767627001769,185.449089760576,3720,24.4555032941114,1886.47323734431,678.695603428812,647.569032998498,0.307369942050841,0.50148534090983,586.019123643419
325,398.769718124363,20236.4804482128,62.1894970870898,26.1550084679395,3.56565466590862,12.437899417418,18.6568491261269,0.611698898746308,0.0305158251806086,0.019378539510909,0.0111372856696996,20.0453009258624,4016065.56868248,4821207.16528509,2791225.20095453,2029981.96433057,0.2,0.15,0.4,0.4,1249396.62691511,15916.5414129179,2829.11126222554,2185.31150416717,970.116123070111,798.371898438014,1469.39928954726,168.222411312008,708.741686808066,2898.89267532561,599.939035294873,749.923794118592,201.872822644898,3720,23.9946951501404,1890.08866959641,624.698313457555,639.209984022619,0.306794558911197,0.46068608335452,637.918119557879
325,398.769718124363,19855.0955345557,61.0288018253151,25.9097823240271,3.53639746005409,12.205760365063,18.3086405475945,0.611698898746308,0.0306383190898874,0.0195010334201878,0.0111372856696996,19.9651585634216,3941110.33516422,4731224.89215393,2739130.20072069,1992094.69143323,0.2,0.15,0.5,0.4,1146676.06698612,15525.0440958006,2750.44138565917,2185.31150416717,952.010024128004,783.4709468142,1443.63989945473,166.714264861573,695.894800404999,2660.55692799874,610.051438755116,762.564298443895,217.942783983908,3720,23.5666628117477,1893.84365661605,573.338033493062,631.458808443943,0.306309836039684,0.426717500345718,688.69919738915
325,398.769718124363,21044.1304542926,64.6922560150789,26.6761094645728,3.62785768134032,12.9384512030158,19.4076768045237,0.611698898746308,0.0302655699426584,0.0191282842729588,0.0111372856696996,20.2110483927857,4177688.42186835,5015232.19912167,2903555.48370202,2111676.71541965,0.2,0.2,0.1,0.4,1462867.62032437,16744.2853838635,3001.06726310243,2185.31150416717,1009.15755131642,830.50223453494,1524.85438806995,171.425136616348,736.442893749306,3394.19535652184,579.845070429149,724.806338036436,168.900199948792,3720,24.8947991003804,1882.61090692363,731.433810162185,655.538089506763,0.307868072715168,0.550621017785629,533.724631838182
325,398.769718124363,20628.187472191,63.4229696151686,26.4131154119853,3.59645916779649,12.6845939230337,19.0268908845506,0.611698898746308,0.0303902059649406,0.019252920295241,0.0111372856696996,20.1281590342622,4095720.60340637,4916831.45667031,2846586.63280913,2070244.82386118,0.2,0.2,0.2,0.4,1351801.0282691,16317.5543520271,2913.40444648532,2185.31150416717,989.357500519709,814.207172076866,1496.74499439057,169.809103176834,722.394091510144,3136.49486074144,590.633120163875,738.291400204844,186.202234256438,3720,24.4321101261889,1886.61749931262,675.900514134551,647.144776198956,0.30733597971483,0.499456949973653,588.399060250343
325,398.769718124363,20216.3652678294,62.1283192167066,26.1421405279631,3.56411918497545,12.4256638433413,18.638495765012,0.611698898746308,0.0305221757262031,0.0193848900565034,0.0111372856696996,20.0411302337523,4012114.83181662,4816464.38393352,2788479.38017204,2027985.00376148,0.2,0.2,0.3,0.4,1244034.98473831,15896.0198826426,2824.95527040675,2185.31150416717,969.161787672436,797.586499544516,1468.04222722415,168.143288701226,708.064553733538,2886.45241024147,600.345385186777,750.431731483471,202.596383786331,3720,23.9722968525005,1890.22843667167,622.017492369154,638.804158299308,0.306762286982591,0.459040769938336,640.204572764806
325,398.769718124363,19835.7608371266,60.9699169258035,25.8972795131813,3.5349060536114,12.1939833851607,18.2909750777411,0.611698898746308,0.0306446486049174,0.0195073629352178,0.0111372856696996,19.9610348492673,3937307.67348467,4726659.87213045,2736487.29439131,1990172.57773914,0.2,0.2,0.4,0.4,1141512.76326262,15505.3202827326,2746.47790135087,2185.31150416717,951.091457599937,782.714985485496,1442.33235022021,166.637355507891,695.24304654695,2648.57685456001,610.440554394074,763.050692992593,218.637453739237,3720,23.5450429500546,1893.97722287105,570.756381631311,631.067410063584,0.306278561957812,0.425361704545456,690.894353815988
325,398.769718124363,19469.7901229583,59.8545994553564,25.6593178788704,3.50652568024603,11.9709198910713,17.9563798366069,0.611698898746308,0.0307667120943043,0.0196294264246047,0.0111372856696996,19.881841675879,3865282.84130215,4640195.48775768,2686428.96659655,1953766.52116113,0.2,0.2,0.5,0.4,1042728.06231896,15129.6209726398,2671.60325642203,2185.31150416717,933.693222992776,768.39660165279,1417.55333733962,165.173254222224,682.898413706558,2419.37322151765,620.169150318508,775.211437898136,234.093942611915,3720,23.1324490049807,1897.58965496959,521.364031159478,623.602415082929,0.305811260348963,0.397276405200185,739.736858653651
325,398.769718124363,20176.2645340423,62.0063441487015,26.116465795274,3.56105559996266,12.4012688297403,18.6019032446105,0.611698898746308,0.030534871920457,0.0193975862507573,0.0111372856696996,20.0327972666719,4004237.9411229,4807008.33268055,2783004.82418348,2024003.50849707,0.2,0.3,0.1,0.4,1233344.45349353,15855.1086926735,2816.67507797263,2185.31150416717,967.259055127122,796.020588900406,1465.33632817766,167.98541434148,706.714500972686,2861.64787495364,601.15584136877,751.444801710963,204.039310460161,3720,23.9276293852282,1890.50722689654,616.672226746766,637.994897497395,0.306697942866301,0.455794522096067,644.764221054108
325,398.769718124363,19797.2139516094,60.8525083865044,25.8723325630208,3.53193031774581,12.1705016773009,18.2557525159513,0.611698898746308,0.0306573026851153,0.0195200170154157,0.0111372856696996,19.9527957507919,3929725.67951086,4717557.83854845,2731217.69600173,1986340.14254671,0.2,0.3,0.2,0.4,1131217.1278384,15465.9972490428,2738.58079398458,2185.31150416717,949.259959962953,781.207700738105,1439.72506637759,166.483892827565,693.94353735035,2624.68857002639,611.216702566545,764.020878208181,220.022855388783,3720,23.5019257313881,1894.24366734207,565.608563919201,630.286881613262,0.306216205475137,0.422683360942971,695.272223028554
325,398.769718124363,19432.7112004293,59.7415227475485,25.6350687579151,3.50363416585958,11.9483045495097,17.9224568242646,0.611698898746308,0.030779323419132,0.0196420377494323,0.0111372856696996,19.8736954161275,3857980.58780087,4631429.27707187,2681353.79198898,1950075.48508289,0.2,0.3,0.3,0.4,1032805.76164416,15091.7980574232,2664.06592048781,2185.31150416717,931.929299138649,766.944929659978,1415.03969961879,165.02402373992,681.646850382504,2396.35116100548,620.913143006025,776.141428757531,235.425142088225,3720,23.0908018944122,1897.84452819135,516.402880822082,622.849138545907,0.30575080587276,0.395030025999299,743.94344899879
325,398.769718124363,19081.9570122406,58.6711937827914,25.404391974828,3.47613294616253,11.7342387565583,17.6013581348374,0.611698898746308,0.0309009289782378,0.0197636433085382,0.0111372856696996,19.7954857336846,3788861.01771486,4548452.60229875,2633314.66448875,1915137.93781,0.2,0.3,0.4,0.4,937909.162515105,14731.6903263746,2592.91389054386,2185.31150416717,915.232856261071,753.204115266023,1391.23375232667,163.604114118867,669.800162386964,2176.16883443095,630.266685865953,787.833357332441,250.278599654288,3720,22.6935088167081,1901.31771887575,468.954581257553,615.667827685965,0.305301024629245,0.371585905181113,790.88037490755
325,398.769718124363,18732.823243518,57.56604416418,25.163991849585,3.44748264690327,11.513208832836,17.269813249254,0.611698898746308,0.0310308927204435,0.0198936070507438,0.0111372856696996,19.7125781799798,3717492.80379713,4462776.47514661,2583712.69613751,1879063.7790091,0.2,0.3,0.5,0.4,845828.62908528,14374.2768011451,2520.1990037122,2185.31150416717,897.993233597485,739.016284403679,1366.62811422976,162.123749487152,657.568070057247,1962.52043955824,638.546442372909,798.183052966136,264.276370817945,3720,22.2967719229388,1904.39673609463,422.91431454264,608.49583661695,0.304804562060386,0.351904332998678,835.113331784705
325,398.769718124363,21419.9308192264,65.8377577886847,26.9112492403369,3.65593960451297,13.1675515577369,19.7513273366054,0.611698898746308,0.0301569039368571,0.0190196182671575,0.0111372856696996,20.2838759584568,4251662.49220696,5104036.60529047,2954968.56095764,2149068.04433283,0.3,0.1,0.1,0.4,1563015.63839423,17129.8860833753,3080.90992423462,2185.31150416717,1027.02664162317,845.208163682198,1550.19669413971,172.869418738181,749.121614551116,3626.56220446821,570.044735851097,712.555919813871,153.226230566772,3720,25.3111568001036,1878.96392850495,781.507819197114,663.096457691369,0.308342509807146,0.606945688450341,484.194888590999
325,398.769718124363,20988.3574154844,64.5221444861774,26.6410132943166,3.62366698148325,12.9044288972355,19.3566433458532,0.611698898746308,0.0302820108449381,0.0191447251752384,0.0111372856696996,20.200075281611,4166702.98082032,5002044.39474228,2895920.43906132,2106123.95568096,0.3,0.1,0.2,0.4,1448024.40149747,16687.1499150762,2989.27517384015,2185.31150416717,1006.50392096665,828.318346909819,1521.08888474704,171.209520008289,734.560053731239,3359.75561384238,581.20750040818,726.509375510225,171.137574899589,3720,24.8329625506307,1883.1096876573,724.012200748737,654.415933874575,0.307792459648773,0.543422448603503,540.794736682701
325,398.769718124363,20574.711054114,63.2596778655789,26.3790912755039,3.59239785579371,12.6519355731158,18.9779033596737,0.611698898746308,0.0304065755864977,0.0192692899167981,0.0111372856696996,20.1173228799213,4085175.5692142,4904172.35199784,2839257.67747243,2064914.67452541,0.3,0.1,0.3,0.4,1337534.15751634,16262.7686478443,2902.19381123421,2185.31150416717,986.810254337295,812.110838131907,1493.12654851513,169.599981690811,720.586734638255,3103.39238052496,591.942406269689,739.928007837111,188.351868296359,3720,24.3725549331003,1887.09669397234,668.767078758171,646.064883545845,0.307263117273039,0.493756716305415,595.191903816493
325,398.769718124363,20165.3867507597,61.9732542591409,26.1094962963775,3.56022399726751,12.3946508518282,18.5919762777423,0.611698898746308,0.0305383241735251,0.0194010385038255,0.0111372856696996,20.0305326274784,4002101.06637136,4804443.05686839,2781519.66450275,2022923.39236564,0.3,0.1,0.4,0.4,1230347.4976097,15843.7692237342,2814.41381316147,2185.31150416717,966.742874149997,795.595782349197,1464.60221067152,167.942557598252,706.348253201824,2854.69423567469,601.617527025441,752.021908781801,204.666303053531,3720,23.9152585306185,1890.69392008958,615.173748804851,637.770896955877,0.306693417623106,0.454398201425838,646.745517649158
325,398.769718124363,19786.7567922631,60.8206548968349,25.8655601885052,3.53112250968312,12.164130979367,18.2461964690505,0.611698898746308,0.0306607436053619,0.0195234579356623,0.0111372856696996,19.9505565363827,3927668.64883693,4715088.41396991,2729788.02914047,1985300.38482943,0.3,0.1,0.5,0.4,1128328.81671824,15455.092205301,2736.42364853739,2185.31150416717,948.763066028257,780.79876730479,1439.01765032896,166.442231030654,693.590974385029,2617.98701203439,611.664586962104,764.58073370263,220.629876260813,3720,23.4899781925924,1894.42494420928,564.164408359122,630.070729346247,0.306211975218309,0.421520428584486,697.190408984169
325,398.769718124363,20966.5167631738,64.4555216158572,26.627255543417,3.62202427206772,12.8911043231714,19.3366564847572,0.611698898746308,0.0302884716361862,0.0191511859664866,0.0111372856696996,20.195766431988,4162400.6174292,4996879.49271212,2892930.23262281,2103949.26008931,0.3,0.15,0.1,0.4,1442249.97726077,16664.8745309846,2984.66783103252,2185.31150416717,1005.46464707491,827.463044196885,1519.61400715406,171.124994568439,733.822653937308,3346.35759774133,581.642232189132,727.052790236415,171.917557418812,3720,24.8088391592851,1883.25962062517,721.124988630383,653.978149666569,0.307757544359461,0.540956964467804,543.259481443446
325,398.769718124363,20553.7682984325,63.1957222113634,26.3657532478213,3.59080580361544,12.6391444422727,18.958716663409,0.611698898746308,0.0304130083095091,0.0192757226398095,0.0111372856696996,20.1130678202278,4081045.44897127,4899214.2244553,2836387.18257938,2062827.04187592,0.3,0.15,0.2,0.4,1331984.34881903,16241.4099919196,2897.81345445398,2185.31150416717,985.812587299901,811.289777664927,1491.70919114522,169.51799935102,719.878856307397,3090.51552506088,592.358306512915,740.447883141144,189.099437442394,3720,24.3493222718169,1887.23986223412,665.992174409516,645.643599847544,0.307229382900646,0.491804741768897,597.554222317964
325,398.769718124363,20145.4191165715,61.9125092305494,26.0966971384511,3.55869681854678,12.3825018461099,18.5737527691648,0.611698898746308,0.0305446705673777,0.019407384897678,0.0111372856696996,20.0263708000051,3998178.28150862,4799733.83134288,2778793.27077745,2020940.56056542,0.3,0.15,0.3,0.4,1225023.25512164,15823.3982576583,2810.29423642914,2185.31150416717,965.79529080565,794.81594035674,1463.25449267964,167.863851887748,705.675910936315,2842.3407466242,602.020858913197,752.526073641496,205.384639892261,3720,23.8930070737317,1890.83262641401,612.511627560818,637.367792008651,0.306661347049416,0.452808934732339,649.015462059546
325,398.769718124363,19767.561460672,60.7621805615006,25.8531233350345,3.52963906332557,12.1524361123001,18.2286541684502,0.611698898746308,0.0306670689017825,0.0195297832320829,0.0111372856696996,19.9464415952303,3923892.5005195,4710555.22271248,2727163.54999144,1983391.67272105,0.3,0.15,0.4,0.4,1123200.86139743,15435.5105782511,2732.4943553505,2185.31150416717,947.850904037074,780.048076867472,1437.71897402597,166.365721657372,692.943764761388,2606.08895516544,612.050882420804,765.063603026005,221.319630759132,3720,23.4684975607372,1894.55752003599,561.600430698714,629.68191117327,0.306180893970753,0.42020673756326,699.370033198856
325,398.769718124363,19404.1857688883,59.6545219027213,25.6163959395137,3.50140765061275,11.9309043805443,17.8963565708164,0.611698898746308,0.0307890567251951,0.0196517710554955,0.0111372856696996,19.8674127696074,3852362.25811945,4624684.58357677,2677448.96943918,1947235.61413759,0.3,0.15,0.5,0.4,1025077.82932977,15062.4674674487,2658.25599291398,2185.31150416717,930.572141961941,765.828018096199,1413.10553654375,164.909105910946,680.683901702283,2378.42054882115,621.71830143953,777.147876799412,236.676073622293,3720,23.0585062517836,1898.1475042562,512.538914664883,622.265164936951,0.305716721911391,0.392942127933121,747.896392646447
325,398.769718124363,20532.8723413355,63.1319059810913,26.3524375683162,3.58921644695795,12.6263811962183,18.9395717943274,0.611698898746308,0.0304194390216512,0.0192821533519515,0.0111372856696996,20.108815889436,4076924.33243032,4894266.90567865,2833522.9453929,2060743.96028575,0.3,0.2,0.1,0.4,1326446.19846121,16220.0988975139,2893.44478923438,2185.31150416717,984.817095186275,810.470507147688,1490.29484551939,169.436152554284,719.172521158131,3077.66571967381,592.773443821616,740.96680477702,189.845527306672,3720,24.3261361520152,1887.38277831912,663.223099230607,645.223177638287,0.307195722435574,0.489871957055749,599.911866289084
325,398.769718124363,20125.4942840259,61.8518899851104,26.0839182224645,3.55717208176243,12.3703779970221,18.5555669955331,0.611698898746308,0.0305510153256501,0.0194137296559505,0.0111372856696996,20.0222117735228,3994263.61945457,4795034.35708832,2776072.52252482,2018961.83456351,0.3,0.2,0.2,0.4,1219709.8285052,15803.0708322133,2806.18514616203,2185.31150416717,964.849669597518,794.037713189907,1461.90949311443,167.785268956316,705.004960872469,2830.01235292803,602.423451812621,753.029314765777,206.10159262882,3720,23.870798281411,1890.97108781498,609.854914252599,636.965476960519,0.306629342579251,0.45123377657488,651.281032707071
325,398.769718124363,19748.4065849263,60.7038256028151,25.8407059042698,3.5281579596913,12.140765120563,18.2111476808445,0.611698898746308,0.0306733925458759,0.0195361068761763,0.0111372856696996,19.9423294254601,3920124.06129236,4706031.28606526,2724544.42877462,1981486.85729064,0.3,0.2,0.3,0.4,1118083.1350211,15415.9700932792,2728.57491310556,2185.31150416717,946.940604244769,779.298919006368,1436.42288049245,166.289330153554,692.297876430508,2594.21463184243,612.436491647168,765.54561455896,222.008086014761,3720,23.447057408733,1894.68986930908,559.041567510549,629.293842543989,0.306149876159956,0.418903660985648,701.545551806645
325,398.769718124363,19385.7583661334,59.5983149913421,25.6043251210565,3.49996837892174,11.9196629982684,17.8794944974026,0.611698898746308,0.0307953589501226,0.019658073280423,0.0111372856696996,19.8633469327973,3848732.53522273,4620327.17313654,2674926.25813168,1945400.91500486,0.3,0.2,0.4,0.4,1020145.13907528,15043.6703764573,2654.51467548648,2185.31150416717,929.695350324913,765.106437210037,1411.85588744339,164.834816703818,680.061788534996,2366.97555262031,622.087989676061,777.609987095077,237.337673869744,3720,23.0377950664659,1898.27412382123,510.072569537638,621.890609783518,0.305686648242798,0.39184676618614,749.987049428392
325,398.769718124363,19036.7574784312,58.5331820149232,25.3744951115122,3.4725693413503,11.7066364029846,17.559954604477,0.611698898746308,0.0309169096369283,0.0197796239672286,0.0111372856696996,19.7852536340072,3779948.51102209,4537753.31455233,2627120.34000398,1910632.97454835,0.3,0.2,0.5,0.4,925696.458537442,14685.3582312626,2583.78993446182,2185.31150416717,913.079961520746,751.43232968217,1388.16239688891,163.420045318333,668.272611131712,2147.83250204131,631.399247168629,789.249058960787,252.122479706992,3720,22.6422683835051,1901.73168046596,462.848229268721,614.742051611925,0.305238943427966,0.368868337754259,796.707035874094
325,398.769718124363,19710.2177060583,60.5874724524095,25.8159291325434,3.52520275900533,12.1174944904819,18.1762417357228,0.611698898746308,0.0306860348749467,0.0195487492052471,0.0111372856696996,19.9341133919431,3912610.22209059,4697011.07093708,2719322.19896357,1977688.87197351,0.3,0.3,0.1,0.4,1107878.24585684,15377.0120453023,2720.76544857235,2185.31150416717,945.125569995169,777.805183514309,1433.83841281773,166.136899684339,691.010048561189,2570.53689987685,613.205660755959,766.507075944949,223.38111503654,3720,23.4042980815934,1894.95389127214,553.939122928418,628.519945366677,0.306088030184894,0.416328837756886,705.884323515466
325,398.769718124363,19349.0178891845,59.4862399139941,25.5802392298027,3.49709655830126,11.8972479827988,17.8458719741982,0.611698898746308,0.0308079584071153,0.0196706727374156,0.0111372856696996,19.8552234673568,3841494.96488808,4611638.61331102,2669896.03928533,1941742.57402569,0.3,0.3,0.2,0.4,1010308.68622338,15006.1924278978,2647.05969724251,2185.31150416717,927.947051261208,763.66762429994,1409.36392646447,164.686576767235,678.821311525464,2344.15267915543,622.825461286712,778.531826608389,238.657227837539,3720,22.9964875456625,1898.52673664577,505.154343111692,621.143626329377,0.30562668291643,0.389680215607415,754.156839966623
325,398.769718124363,19001.3864442116,58.4251671615772,25.3510717481007,3.46977746791501,11.6850334323154,17.5275501484732,0.611698898746308,0.0309294658163973,0.0197921801466977,0.0111372856696996,19.7772215782018,3772973.14132548,4529379.52139913,2622272.35449424,1907107.1669049,0.3,0.3,0.3,0.4,916208.638471354,14649.2794765573,2576.66813941377,2185.31150416717,911.394999337899,750.045642521628,1385.75832240358,163.275825850637,667.077073770202,2125.8185382592,632.106967654381,790.133709567976,253.391593640419,3720,22.6023385414202,1901.9735849841,458.104319235677,614.020611801729,0.305180777573096,0.367020857574201,800.717435903725
325,398.769718124363,18655.7207948274,57.3317466092359,25.1127300925565,3.44137476545174,11.4663493218472,17.1995239827708,0.611698898746308,0.0310590437997055,0.0199217581300059,0.0111372856696996,19.6947112310041,3702362.3655831,4444612.68377323,2573196.81692134,1871415.86685189,0.3,0.3,0.4,0.4,824926.229381199,14295.3769905837,2504.86712575616,2185.31150416717,894.338342558105,736.008390495956,1361.40824140693,161.808003412319,654.974801891165,1914.02197870638,640.343804243666,800.429755304583,267.285338447677,3720,22.2091462981448,1905.03694042027,412.4631146906,606.914354677207,0.304690388572009,0.347942766109506,844.621669494658
325,398.769718124363,18335.0291414914,56.3563799828264,24.898196316422,3.41581822874302,11.2712759965653,16.9069139948479,0.611698898746308,0.031178573364277,0.0200412876945774,0.0111372856696996,19.6192074473544,3639375.26151182,4368997.91297938,2529419.84435648,1839578.0686229,0.3,0.3,0.5,0.4,737382.053922051,13965.9260432615,2441.28755867318,2185.31150416717,879.123251031327,723.486713447361,1339.66543180097,160.486277215797,644.179182521041,1710.89899634924,649.103098229901,811.378872787377,281.056991888941,3720,21.8424241386166,1908.28838789707,368.691026961025,600.300001698716,0.304282480589859,0.330893742848954,888.140094369055
325,398.769718124363,19699.8519784432,60.5558880112741,25.8091992925781,3.52440008853517,12.1111776022548,18.1667664033822,0.611698898746308,0.0306894744486182,0.0195521887789186,0.0111372856696996,19.9318792431732,3910570.56599926,4694562.5042008,2717904.6076952,1976657.8965056,0.4,0.1,0.4,0.4,1105013.54262156,15366.2015144749,2718.63102151286,2185.31150416717,944.632873044418,777.39970417356,1433.13680357049,166.095495573585,690.66046349719,2563.89011770471,613.650463968277,767.063079960346,223.983714599042,3720,23.392442406486,1895.13395190155,552.506771310781,628.305498203824,0.306083859225745,0.415208758219236,707.788538132974
325,398.769718124363,19339.0444725126,59.4558144398272,25.5736966205142,3.49631648424628,11.8911628879654,17.8367443319482,0.611698898746308,0.0308113864408972,0.0196741007711976,0.0111372856696996,19.8530144016621,3839530.15242077,4609279.89486287,2668530.46544692,1940749.42941594,0.4,0.1,0.5,0.4,1007545.44460321,14995.7870978462,2645.02168218671,2185.31150416717,927.472433449136,763.277023960639,1408.68737906387,164.646308316365,678.484554218655,2337.74131168387,623.257374666471,779.071718333089,239.241148055942,3720,22.9850286043661,1898.70172910078,503.772722301606,620.93653636461,0.305622789607376,0.388729116022523,756.002027856777
325,398.769718124363,19680.8345978692,60.4979384913527,25.7968471601644,3.5229268651803,12.0995876982705,18.1493815474058,0.611698898746308,0.0306957938618179,0.0195585081921183,0.0111372856696996,19.9277758216637,3906828.30914596,4690069.99897474,2715303.68361695,1974766.31535779,0.4,0.15,0.3,0.4,1099930.69679185,15346.8013029219,2714.74526441298,2185.31150416717,943.728897835852,776.655751401663,1431.84947438492,166.019500099616,690.019062671272,2552.09672541587,614.033294947259,767.541618684074,224.667322228386,3720,23.3711397387548,1895.26532536328,549.965348395924,627.919977532184,0.306053032110469,0.413945379673242,709.9487382417
325,398.769718124363,19320.7470455911,59.3999922896718,25.5616884259704,3.49488476899183,11.8799984579344,17.8199976869015,0.611698898746308,0.0308176843905349,0.0196803987208353,0.0111372856696996,19.8489572089388,3835925.27658627,4604952.31282865,2666025.02321659,1938927.28961206,0.4,0.15,0.4,0.4,1002645.75120886,14977.1225823761,2641.31201826002,2185.31150416717,926.601643839527,762.560382697049,1407.44605601707,164.572399102459,677.86669969177,2326.37287592356,623.624463215061,779.530579018827,239.898182696608,3720,22.9644478640937,1898.82743634812,501.322875604428,620.564399088796,0.305592898557626,0.387664462292381,758.078257321282
325,398.769718124363,18974.1672961055,58.3420386572356,25.3330303207017,3.46762714462737,11.6684077314471,17.5026115971707,0.611698898746308,0.0309391584967127,0.0198018728270131,0.0111372856696996,19.771025731398,3767604.87916387,4522935.02900824,2618541.33258372,1904393.69642452,0.4,0.15,0.5,0.4,908815.068030949,14621.288310759,2571.17661254071,2185.31150416717,910.098248180135,748.97844463393,1383.90797314854,163.164739384012,666.15698519286,2108.66372390124,632.878985346494,791.098731683117,254.589775894532,3720,22.5713605172348,1902.26415927747,454.407534015475,613.461071531562,0.305148152996281,0.365293538097644,804.503691826721
325,398.769718124363,19661.8571336994,60.4401068654199,25.7845142579731,3.52145596124315,12.088021373084,18.132032059626,0.611698898746308,0.0307021116198081,0.0195648259501084,0.0111372856696996,19.9236751634913,3903093.6656359,4685586.63341645,2712708.05092531,1972878.58249114,0.4,0.2,0.2,0.4,1094857.94530907,15327.4416829112,2710.86921293304,2185.31150416717,942.826761697619,775.913312170988,1430.56469653328,165.943621340632,689.378966727632,2540.32675437514,614.415450788282,768.019313485352,225.349649173149,3720,23.3498770468997,1895.39647603535,547.428972654534,627.535197091962,0.306022267758961,0.412692011464117,712.104891387152
325,398.769718124363,19302.4873781637,59.3442820861151,25.5496986860367,3.49345527924985,11.868856417223,17.8032846258345,0.611698898746308,0.030823980674529,0.0196866950048293,0.0111372856696996,19.8449027465093,3832327.63002523,4600633.40939403,2663524.60543865,1937108.80395538,0.4,0.2,0.3,0.4,997755.613029616,14958.4964540445,2637.61147924008,2185.31150416717,925.732600524799,761.845178619735,1406.20715815352,164.498601950599,677.250084219858,2315.02661049932,623.99092411916,779.98865514895,240.554014014728,3720,22.9439050786061,1898.95293733219,498.877806514808,620.192964691792,0.305563067745502,0.386607558310402,760.15068428654
325,398.769718124363,18956.5863651305,58.2883419796208,25.3213696662686,3.46623736475306,11.6576683959242,17.4865025938863,0.611698898746308,0.030945433118217,0.0198081474485174,0.0111372856696996,19.7670168780483,3764137.26182939,4518772.2230845,2616131.28704892,1902640.93603558,0.4,0.2,0.4,0.4,904097.747663211,14603.3556528229,2567.64105562186,2185.31150416717,909.26061457399,748.289090493209,1382.71266649006,163.092939393869,665.56265596601,2097.7184362587,633.230712307641,791.538390384552,255.220611905297,3720,22.5515009400375,1902.38435664732,452.048873831605,613.102304854672,0.305119215422927,0.364390631719466,806.497133620739
325,398.769718124363,18612.8365246244,57.2013957355544,25.0841653855794,3.43797146846839,11.4402791471109,17.1604187206663,0.611698898746308,0.031074798431855,0.0199375127621553,0.0111372856696996,19.6847261966228,3693944.58315744,4434507.30271002,2567346.3331479,1867160.96956211,0.4,0.2,0.5,0.4,813257.574316422,14251.3947623482,2496.34410051857,2185.31150416717,892.304952835759,734.334956225879,1358.50366559445,161.632047198764,653.532043467074,1886.94796716394,641.441762276146,801.802202845182,269.054891918349,3720,22.1602691590939,1905.43812086599,406.628787158211,606.032406027517,0.304632073169491,0.345654373116631,850.213458461984
325,398.769718124363,19266.0808663413,59.2331962529068,25.5257744012199,3.49060295587573,11.8466392505814,17.769958875872,0.611698898746308,0.0308365682447145,0.0196992825750148,0.0111372856696996,19.8368020037754,3825153.94297496,4592021.54018603,2658538.78642349,1933482.75376254,0.4,0.3,0.1,0.4,988003.889011231,14921.3588949787,2630.23765441542,2185.31150416717,923.999733032896,760.419065771958,1403.73661107502,164.351342819263,676.020556429735,2292.40032776435,624.721971362619,780.902464203274,241.862081461313,3720,22.9029329436757,1899.20332325405,494.001944505616,619.452196615736,0.305503586206428,0.384516661057826,764.28417741775
325,398.769718124363,18921.5313063403,58.181266466412,25.298101334498,3.46346419264267,11.6362532932824,17.4543799399236,0.611698898746308,0.0309579773470632,0.0198206916773635,0.0111372856696996,19.7590072467812,3757222.55272272,4510471.25176798,2611325.46154988,1899145.7902181,0.4,0.3,0.2,0.4,894690.155842075,14567.5988845471,2560.59558277676,2185.31150416717,907.590305492627,746.914462708435,1380.32894641169,162.9496612691,664.377515473025,2075.89062078742,633.932421793118,792.415527241398,256.478903049898,3720,22.5118895522293,1902.62418059023,447.345077921038,612.386767395215,0.305061513135272,0.362602923258397,810.473333637677
325,398.769718124363,18579.2746109182,57.0993634891421,25.0617836232891,3.43530493512193,11.4198726978284,17.1298090467426,0.611698898746308,0.0310871770658542,0.0199498913961546,0.0111372856696996,19.6768879158922,3687355.55750352,4426597.3079274,2562766.86248428,1863830.44544311,0.4,0.3,0.3,0.4,804193.696714367,14217.1480219457,2489.69066108426,2185.31150416717,890.713315470064,733.025074353934,1356.22985025611,161.494171249023,652.40272320337,1865.91764914914,642.126588972568,802.65823621571,270.269982755508,3720,22.12218347026,1905.67195463428,402.096848357184,605.345162689922,0.304577076268028,0.344100366055559,854.053145507405
325,398.769718124363,18261.2633100149,56.1318344991763,24.8485448163658,3.40990469414154,11.2263668998353,16.8395503497529,0.611698898746308,0.0312066382901216,0.020069352620422,0.0111372856696996,19.6015633936431,3624874.59133873,4351590.14566474,2519341.66327959,1832248.48238515,0.4,0.3,0.4,0.4,717345.589131344,13890.4430529515,2426.74538209132,2185.31150416717,875.620486026707,720.604017868118,1334.65692692671,160.180306862335,641.693852895103,1664.40970722365,650.820257063492,813.525321329366,283.936254967164,3720,21.7581767824305,1908.8993711629,358.672794565672,598.781179990907,0.304172363149212,0.327538306127039,897.238565696239
325,398.769718124363,17954.2989554226,55.1966939856355,24.6406906121154,3.38515428483376,11.0393387971271,16.5590081956907,0.611698898746308,0.031325802816908,0.0201885171472084,0.0111372856696996,19.5269983125906,3564485.20415568,4279093.88253983,2477370.14252306,1801723.74001677,0.4,0.3,0.5,0.4,633375.023130933,13575.0758272332,2366.40834631052,2185.31150416717,861.032895967062,708.598768487937,1313.78647915176,158.89914201389,631.343466929027,1469.57833544176,659.223128189445,824.028910236806,297.147889234959,3720,21.4054033797565,1912.01827581658,316.687511565467,592.425593846045,0.30377976567204,0.312975469014568,938.98732998247
325,398.769718124363,22758.7045125639,69.9576208621463,27.7404727696485,3.75503432165615,13.9915241724293,20.9872862586439,0.611698898746308,0.0297932853468594,0.0186559996771598,0.0111372856696996,20.531434906382,4517714.4947476,5423426.76440288,2568991.62524347,2854435.13915941,0.1,0.1,0.1,0.5,1967178.63490262,18513.1822592911,3374.32063148092,2185.31150416717,1091.29385360608,898.098964269123,1529.61628621397,177.958301291829,794.72136380832,4564.3149764672,525.522253272832,656.90281659104,87.8450758514919,3720,26.5784728636915,1861.41768002976,983.58931745131,690.971662800043,0.309595373991393,1.05868199325393,277.590439690714
325,398.769718124363,22354.018654386,68.723098926049,27.494619258803,3.72564411767702,13.7446197852098,20.6169296778147,0.611698898746308,0.0298980309586691,0.0187607452889695,0.0111372856696996,20.4595044935206,4437991.69148388,5327721.11822795,2523657.37179219,2804063.74643576,0.1,0.1,0.2,0.5,1859656.90110133,18098.0918197705,3285.69599273358,2185.31150416717,1072.0361060669,882.250159012504,1504.36202824747,176.450223891281,781.05734397689,4314.83938173595,535.926834615478,669.908543269347,104.572058655205,3720,26.1396656180213,1865.29844791317,929.828450550666,682.909296348451,0.309088161572475,0.889338903680183,330.447705350448
325,398.769718124363,21964.3493674654,67.5332441278327,27.2555624672499,3.69707435929089,13.5066488255666,20.2599732383498,0.611698898746308,0.0300023156958083,0.0188650300261087,0.0111372856696996,20.3883895146057,4361153.39706648,5235478.26778689,2479963.39000432,2755514.87778257,0.1,0.1,0.3,0.5,1755877.450867,17698.368630302,3201.00838384532,2185.31150416717,1053.47513712635,866.974801542716,1479.99656765719,174.983268863265,767.887712005225,4074.04676099993,545.980737163419,682.475921454274,120.72223705981,3720,25.7154756936486,1869.04890499376,877.938725433498,675.120139151243,0.308598282206477,0.770363458009186,381.482269109
325,398.769718124363,21575.3700919723,66.3111725005581,27.0078302998619,3.66747631651934,13.2622345001116,19.8933517501674,0.611698898746308,0.0301130066762098,0.0189757210065102,0.0111372856696996,20.3134447955863,4282234.60828952,5140737.82507746,2435086.33819459,2705651.48688287,0.1,0.1,0.4,0.5,1654293.74150376,17300.2333676204,3114.86445926343,2185.31150416717,1034.41160639052,851.285855223691,1454.94533210419,173.462480498759,754.361495530452,3838.3487731379,555.136724351856,693.92090543982,136.173364099453,3720,25.2907874044827,1872.46955271197,827.146870751878,667.318973137145,0.308066941561328,0.682952944689521,430.307830554273
325,398.769718124363,21215.5021498807,65.2147673312964,26.7836226198821,3.64069657657421,13.0429534662593,19.5644301993889,0.611698898746308,0.0302155658289988,0.0190782801592992,0.0111372856696996,20.2444959067833,4211431.09232876,5055739.60663716,2394824.02419655,2660915.58244061,0.1,0.1,0.5,0.5,1557690.69833932,16930.8910121729,3038.14728566423,2185.31150416717,1017.30839150797,837.2102232959,1432.44718402225,172.085576143905,742.226189111001,3614.20709689934,564.611137707767,705.763922134708,151.265946217209,3720,24.8959059885174,1876.00396734775,778.84534916966,660.078100594237,0.307617361944815,0.614811213797305,478.000390046379
325,398.769718124363,20868.0412073455,64.1550694305267,26.5651230702173,3.61460586197788,12.8310138861053,19.246520829158,0.611698898746308,0.030317762110274,0.0191804764405744,0.0111372856696996,20.1762549795527,4142998.05376396,4973587.09935649,2355909.67864255,2617677.42071394,0.1,0.1,0.6,0.5,1464227.88301919,16574.2582549275,2964.59343911417,2185.31150416717,1000.77778638536,823.605847096982,1410.68120534107,170.743238555119,730.497168582442,3397.35148442997,573.782952418051,717.228690522564,165.870247511317,3720,24.5132101592471,1879.42563419762,732.113941509594,653.065151551777,0.307181752715899,0.560679213996198,524.149982135761
325,398.769718124363,22333.4807507916,68.6604137068316,27.4820769006847,3.72414497951658,13.7320827413663,20.5981241120495,0.611698898746308,0.0299034419676683,0.0187661562979687,0.0111372856696996,20.4558023590622,4433943.61323344,5322861.48047232,2521355.43811847,2801506.04235385,0.1,0.15,0.1,0.5,1854239.15671601,18077.1395681023,3281.22457620034,2185.31150416717,1071.05825699769,881.445405825501,1503.0789963589,176.373272592878,780.363527161264,4302.26894639375,536.341182689282,670.426478361603,105.310486340422,3720,26.1174656842294,1865.44311236671,927.119578358004,682.501464393802,0.309056240329285,0.883102939049887,332.781136835735
325,398.769718124363,21944.5663328071,67.472807842979,27.2433640777487,3.69561673987659,13.4945615685958,20.2418423528937,0.611698898746308,0.0300077029408629,0.0188704172711633,0.0111372856696996,20.3847292127559,4357250.55021824,5230792.97745286,2477744.04195136,2753048.93550151,0.1,0.15,0.2,0.5,1750647.22616246,17678.1868807594,3196.73402403912,2185.31150416717,1052.53236998557,866.198920716018,1478.75830989307,174.908399172043,767.218786998197,4061.91141521808,546.379452047722,682.974315059653,121.433591282654,3720,25.6940103592074,1869.18793090313,875.32361308123,674.726039028128,0.308567342649069,0.765850692692844,383.730148453186
325,398.769718124363,21556.4217399347,66.2534723184605,26.996077409562,3.66607234819994,13.2506944636921,19.8760416955382,0.611698898746308,0.0301183259500917,0.0189810402803921,0.0111372856696996,20.3098571866158,4278508.45314303,5136264.64963148,2432967.46561491,2703297.18401657,0.1,0.15,0.3,0.5,1649256.50028878,17280.8973958054,3110.81928401235,2185.31150416717,1033.5115206915,850.545100993494,1453.76187419075,173.39031616781,753.722854442427,3826.66119423191,555.52434412927,694.405430161588,136.859456183098,3720,25.2701454384635,1872.6046064256,824.62825014439,666.940282400316,0.308037389292773,0.679529223582327,432.475881538589
325,398.769718124363,21197.2120720213,65.1590117835687,26.7721708051337,3.63932895283273,13.0318023567137,19.5477035350706,0.611698898746308,0.0302208663219925,0.0190835806522929,0.0111372856696996,20.2409451876354,4207830.51753751,5051417.18792018,2392776.56269903,2658640.62522115,0.1,0.15,0.4,0.5,1552819.26851704,16912.2275603081,3034.27019688974,2185.31150416717,1016.43864085336,836.494434707327,1431.30249611635,172.015234673082,741.609071757645,3602.90423924313,564.984511713189,706.230639641487,151.927912183372,3720,24.8759080900893,1876.13387417594,776.409634258519,659.711454834015,0.307588646389171,0.612132416377527,480.092202499454
325,398.769718124363,20850.3763813531,64.1011668828855,26.5539608290692,3.61327319040281,12.8202333765771,19.2303500648656,0.611698898746308,0.030323043792445,0.0191857581227453,0.0111372856696996,20.1727406698768,4139517.14178065,4969408.33347017,2353930.26322271,2615478.07024746,0.1,0.15,0.5,0.5,1459514.11815459,16556.2335165438,2960.87511952737,2185.31150416717,999.936941339319,822.913847705812,1409.57349702111,170.674651052373,729.900560730934,3386.41444638711,574.14286480936,717.6785810117,166.509329468863,3720,24.4938260373859,1879.55067620513,729.757059077294,652.70998701141,0.307153839704969,0.558527262686448,526.169481121608
325,398.769718124363,20515.2974537702,63.0782195079335,26.341230316507,3.58787877349678,12.6156439015867,18.92346585238,0.611698898746308,0.0304248582854823,0.0192875726157827,0.0111372856696996,20.1052341150325,4073457.37407799,4890104.89084992,2316365.47461312,2573739.4162368,0.1,0.15,0.6,0.5,1369188.34867628,16212.2823186848,2890.46020284602,2185.31150416717,983.97962076309,809.781282118819,1388.54128523536,169.367264110458,718.578304876947,3176.83751469621,583.015135085393,728.768918856741,180.628002326412,3720,24.1233310268945,1882.8607878583,684.594174338139,645.925300479437,0.306732386640967,0.514870334622537,570.784487351461
325,398.769718124363,21924.8226554362,67.4124890925824,27.2311839628468,3.69416132512744,13.4824978185165,20.2237467277747,0.611698898746308,0.0300130885783456,0.018875802908646,0.0111372856696996,20.3810713165871,4353355.29349547,5226116.79891414,2475529.01001196,2750587.78890218,0.1,0.2,0.1,0.5,1745426.74590294,17658.0451407836,3192.46982801091,2185.31150416717,1051.59143630667,865.424548823095,1477.52239582685,174.833640172553,766.551162894059,4049.79867882997,546.777514652616,683.47189331577,122.143690586432,3720,25.6725834089902,1869.32673766012,872.713372951468,674.332656044714,0.308536463495679,0.761398313359385,385.974062253125
325,398.769718124363,21537.5096617133,66.1958792577078,26.984341234034,3.66467039666782,13.2391758515416,19.8587637773123,0.611698898746308,0.0301236438744295,0.0189863582047298,0.0111372856696996,20.3062717543793,4274789.21566535,5131799.77870991,2430852.52675733,2700947.25195258,0.1,0.2,0.2,0.5,1644228.34964347,17261.5983282066,3106.78332407934,2185.31150416717,1032.61310601651,849.80572201024,1452.58055333666,173.318253088394,753.085399002174,3814.99470757577,555.911333506683,694.889166883353,137.544369424861,3720,25.2495389232337,1872.73944795718,822.114174821733,666.562254080618,0.308007891636066,0.676145453200868,434.64020738256
325,398.769718124363,21178.9564602416,65.1033583464938,26.7607350760668,3.63796326972312,13.0206716692988,19.5310075039481,0.611698898746308,0.03022616546394,0.0190888797942404,0.0111372856696996,20.2373966183726,4204236.53683523,5047102.68527639,2390732.85092039,2656369.83435599,0.1,0.2,0.3,0.5,1547956.48466271,16893.5991660934,3030.40181398126,2185.31150416717,1015.5704830592,835.779957036052,1430.15984736888,171.944990685606,740.993084592376,3591.6214422567,565.357294148141,706.696617685177,152.588763283165,3720,24.8559439877526,1876.26358236782,773.978242331355,659.345440697418,0.307559983353284,0.609481314344333,482.180491974803
325,398.769718124363,20832.7443230849,64.0473617097019,26.542814070982,3.61194238652047,12.8094723419404,19.2142085129106,0.611698898746308,0.0303283241246478,0.0191910384549482,0.0111372856696996,20.1692284820044,4136042.5180329,4965237.11648607,2351954.42359867,2613282.69288741,0.1,0.2,0.4,0.5,1454808.58157606,16538.2421014528,2957.16502953185,2185.31150416717,999.09761527214,822.223098426512,1408.46773520554,170.606157420879,729.305030646034,3375.49649989429,574.502221632076,718.127777040095,167.147356363013,3720,24.4744741505147,1879.67553213319,727.404290788031,652.355425028723,0.307125977211306,0.556395279133348,528.185646107122
325,398.769718124363,20498.2580306666,63.0261762560132,26.3303615397918,3.58658151868326,12.6052352512026,18.907852876804,0.611698898746308,0.0304301198282129,0.0192928341585133,0.0111372856696996,20.1017578044231,4070096.53146132,4886070.26585993,2314454.33645997,2571615.92939996,0.1,0.2,0.5,0.5,1364632.43200598,16194.8962378736,2886.89972623989,2185.31150416717,983.167779533467,809.113152725875,1387.47072111355,169.300454964739,718.002276209057,3166.26672141855,583.361792792909,729.202240991136,181.244363619579,3720,24.104562869878,1882.98105304635,682.316216002988,645.581660224448,0.306705292072661,0.513119404889201,572.732189037868
325,398.769718124363,20162.409417122,61.964181934081,26.1075851291323,3.55999595760312,12.3928363868162,18.5892545802243,0.611698898746308,0.0305392712813376,0.019401985611638,0.0111372856696996,20.029911424904,4001515.19489776,4803739.72976923,2275455.66146963,2528284.06829959,0.1,0.2,0.6,0.5,1276298.21394958,15851.1045388829,2814.49953806815,2185.31150416717,966.601351718934,795.479312239301,1365.61335025237,167.930805387948,706.247838275276,2961.31065527599,591.30487823908,739.13109779885,194.669987540728,3720,23.7322271823511,1885.95059182999,638.149106974791,638.759460696961,0.306237978593547,0.477731576268492,615.157160628702
325,398.769718124363,21142.5482542595,64.9923567422538,26.7379117390419,3.63523770894797,12.9984713484508,19.4977070226761,0.611698898746308,0.0302367596952202,0.0190994740255205,0.0111372856696996,20.2303059227278,4197068.28911275,5038497.34587365,2386656.6375191,2651840.70835455,0.1,0.3,0.1,0.5,1538256.76155406,16856.4471629486,3022.69105939583,2185.31150416717,1013.83892948499,834.354920810337,1427.88064656226,171.804794345604,739.764489071061,3569.11581380645,566.101091310887,707.626364138609,153.90713325379,3720,24.8161168217908,1876.52240516734,769.12838077703,658.615300786448,0.307502814333284,0.604260491595571,486.346541081975
325,398.769718124363,20797.5781518129,63.9400424822982,26.5205668737544,3.6092863660747,12.7880084964596,19.1820127446895,0.611698898746308,0.0303388807401842,0.0192015950704846,0.0111372856696996,20.1622104646763,4129112.07038143,4956917.25135826,2348013.43485391,2608903.81650435,0.1,0.3,0.2,0.5,1445422.10555767,16502.3588767795,2949.7694388046,2185.31150416717,997.423504406218,820.845337308489,1406.26203140444,170.469450990216,728.117192658989,3353.71767802888,575.219275033327,719.024093791659,168.42025650552,3720,24.4358667517419,1879.92468789031,722.711052778835,651.648102589137,0.307070403289637,0.552190110201808,532.208010557444
325,398.769718124363,20464.2723623578,62.9223674927666,26.3086685793948,3.58399238751257,12.5844734985533,18.87671024783,0.611698898746308,0.0304406388756027,0.019303353205903,0.0111372856696996,20.0948114540582,4063392.78212535,4878022.54756945,2310642.259375,2567380.28819445,0.1,0.3,0.3,0.5,1355544.02338505,16160.2188147138,2879.80203225983,2185.31150416717,981.548429648703,807.780459623248,1385.33515063646,169.167107153268,716.853292980649,3145.17948569692,584.05354764398,730.066934554975,182.474099567713,3720,24.0671185296689,1883.22106208524,677.772011692526,644.896099255057,0.306651248273685,0.509661372328018,576.618154633973
325,398.769718124363,20129.7596561643,61.864852473621,26.0866513222727,3.55749818368955,12.3729704947242,18.5594557420863,0.611698898746308,0.0305496576294268,0.0194123719597271,0.0111372856696996,20.0231016061238,3995100.70941719,4796039.26700743,2271808.07384562,2524231.19316181,0.1,0.3,0.4,0.5,1267517.34961806,15817.7789418963,2807.76312950268,2185.31150416717,965.051876074306,794.204125036472,1363.56788232562,167.80207607943,705.148433171255,2940.93699430613,591.980714267946,739.975892834932,195.860502656982,3720,23.6961181329519,1886.18489435793,633.758674809032,638.098919026774,0.306186277364255,0.474827740858372,618.919188396064
325,398.769718124363,19819.9898821229,60.9218694014739,25.88707328796,3.53368861639775,12.1843738802948,18.2765608204422,0.611698898746308,0.0306498216156813,0.0195125359459816,0.0111372856696996,19.9576658688724,3934204.86646485,4722935.01376333,2237179.74336158,2485755.27040175,0.1,0.3,0.5,0.5,1183341.60692204,15499.6286024274,2743.94238965976,2185.31150416717,950.341947148671,782.098153844086,1344.13953991195,166.574572079615,694.711243663506,2745.62956455575,600.361279695491,750.451599619363,209.0774674028,3720,23.3508221506702,1889.31120879137,591.670803461022,631.786114340331,0.305799767898382,0.444811203977472,660.684796992847
325,398.769718124363,19519.9924539031,60.0076635853689,25.6921057805517,3.51043553782105,12.0015327170738,18.0022990756107,0.611698898746308,0.030749711273458,0.0196124256037584,0.0111372856696996,19.8928338970878,3875167.3975558,4652061.70174766,2203608.17451205,2448453.52723561,0.1,0.3,0.6,0.5,1101683.50617782,15191.5002832218,2682.52747007024,2185.31150416717,936.080924893323,770.361629923411,1325.2870929981,165.375022985047,684.592568542384,2556.16365354803,608.492170681364,760.615213351705,221.899266497643,3720,23.0152405132397,1892.34421806721,550.841753088908,625.65515650268,0.305423998211719,0.419109091561543,701.201682132552
325,398.769718124363,22261.0421885492,68.4392943177747,27.4377884949848,3.71885153555506,13.6878588635549,20.5317882953324,0.611698898746308,0.0299226018676121,0.0187853161979125,0.0111372856696996,20.4427041957339,4419664.1929687,5305719.31929015,2513235.46703218,2792483.85225797,0.2,0.1,0.1,0.5,1835037.66522568,18003.0194177611,3265.4521537438,2185.31150416717,1067.60893686334,878.606674130849,1498.5526131839,176.101536974956,777.916118469006,4257.71699080373,538.022770788167,672.528463485209,108.12961866051,3720,26.0389065339934,1866.05441284981,917.518832612839,681.0585031252,0.308955362956228,0.860078867863095,341.689594967213
325,398.769718124363,21874.7843353786,67.2596056211488,27.2002878998116,3.69046961629731,13.4519211242298,20.1778816863446,0.611698898746308,0.0300267788233949,0.0188894931536953,0.0111372856696996,20.371778882579,4343482.40378895,5214264.59038289,2469914.80597084,2744349.78441205,0.2,0.1,0.2,0.5,1732107.25108968,17606.7821136694,3181.65499611983,2185.31150416717,1049.20655256367,863.461831506198,1474.3895681383,174.643999994153,764.85900763583,4018.89433258684,548.002221709145,685.002777136432,124.153725603075,3720,25.6180404607836,1869.77763827648,866.053625544841,673.331481101019,0.308469717257826,0.749071359302781,392.325772905717
325,398.769718124363,21489.5723757282,66.049880987999,26.9545671615775,3.66111380813653,13.2099761975998,19.8149642963997,0.611698898746308,0.0301371631112417,0.0189998774415421,0.0111372856696996,20.297162559343,4265360.95765511,5120481.34172282,2425491.1618687,2694990.17985411,0.2,0.1,0.3,0.5,1631396.51839211,17212.468274771,3096.54509361156,2185.31150416717,1030.3356269884,847.931398185376,1449.58563858773,173.135426581249,751.469451002933,3785.22185496498,557.104100957247,696.380126196559,139.486916345937,3720,25.197072358704,1873.17851427125,815.698259196057,665.599940936022,0.307944423733474,0.666729198954787,440.778655653161
325,398.769718124363,21132.6804145468,64.9622698528362,26.7317221364655,3.63449856069142,12.9924539705672,19.4886809558509,0.611698898746308,0.030239637009307,0.0191023513396074,0.0111372856696996,20.2283810006728,4195125.34172905,5036164.87602528,2385551.78338039,2650613.09264488,0.2,0.1,0.4,0.5,1535544.51702315,16846.1697983466,3020.5878019002,2185.31150416717,1013.36959337706,833.968665981867,1427.26283186431,171.766772721627,739.431479311049,3562.8227715211,566.510616200202,708.138270250252,154.467006658979,3720,24.8051063434906,1876.68805136814,767.772258511574,658.413592801644,0.307498440172446,0.602070319167372,488.115741042373
325,398.769718124363,20788.046313287,63.9109519106584,26.5145332038345,3.60856603905714,12.7821903821317,19.1732855731975,0.611698898746308,0.0303417479210631,0.0192044622513634,0.0111372856696996,20.16030521174,4127233.46308263,4954662.02050736,2346945.16760875,2607716.85289861,0.2,0.1,0.5,0.5,1442795.90718649,16492.4281244662,2947.75176128515,2185.31150416717,996.969710214288,820.471873411018,1405.66410309519,170.432373923053,727.795210411309,3347.62428297868,575.618188820811,719.522736026014,168.964538760512,3720,24.4251889718306,1880.08616756813,721.397953593243,651.452619378622,0.307066278787059,0.550411350702509,533.927942483219
325,398.769718124363,20455.059892002,62.8942267564784,26.3027849156941,3.58329016442832,12.5788453512957,18.8682680269435,0.611698898746308,0.0304434959383178,0.0193062102686181,0.0111372856696996,20.0929255951973,4061575.51317516,4875840.95219107,2309608.87209051,2566232.08010056,0.2,0.1,0.6,0.5,1352999.72602073,16150.6175402393,2877.8652548373,2185.31150416717,981.109452276849,807.419189894537,1384.75619916946,169.130939117526,716.541823765344,3139.27612015678,584.442351762728,730.55293970341,183.003521898194,3720,24.0567580333021,1883.37856679017,676.499863010363,644.706553782639,0.306647361847257,0.508186941078306,578.291129198293
325,398.769718124363,21855.175051302,67.1996880606447,27.1881696454008,3.68902166729662,13.4399376121289,20.1599064181934,0.611698898746308,0.0300321599054866,0.0188948742357869,0.0111372856696996,20.3681287217227,4339613.05505691,5209619.51387384,2467714.50657182,2741905.00730202,0.2,0.15,0.1,0.5,1726920.1266988,17586.7773471423,3177.42568783364,2185.31150416717,1048.27187718884,862.692610181532,1473.16164801447,174.569615505063,764.195824009002,4006.85898962306,548.397704159737,685.497130199672,124.859197660735,3720,25.5967445102258,1869.91553371514,863.460063349401,672.940547014472,0.308439024607017,0.744839000589271,394.555064607922
325,398.769718124363,21470.7840602282,65.9926531910637,26.9428874677845,3.65971867449994,13.1985306382127,19.7977959573191,0.611698898746308,0.0301424773733384,0.0190051917036388,0.0111372856696996,20.2935840730652,4261665.30813857,5116044.78768136,2423389.63627012,2692655.15141124,0.2,0.15,0.2,0.5,1626399.46757336,17193.2954638637,3092.540746376,2185.31150416717,1029.44291019384,847.196708540032,1448.41159879594,173.063705460245,750.836038400557,3773.62752718735,557.488596364482,696.860745455602,140.167475228882,3720,25.1765867239075,1873.31247352788,813.199733786679,665.224172744875,0.307915093205306,0.663492010882972,442.929221723267
325,398.769718124363,21114.5423458245,64.9069644526574,26.7203407347143,3.63313943465502,12.9813928905315,19.4720893357972,0.611698898746308,0.0302449324809565,0.0191076468112569,0.0111372856696996,20.2248392894069,4191553.83650995,5031877.35475384,2383520.85225182,2648356.50250202,0.2,0.15,0.3,0.5,1530711.30067891,16827.6612987052,3016.74927520788,2185.31150416717,1012.50686473445,833.258656481044,1426.12712770387,171.696857790809,738.819344311474,3551.60857808026,566.88104711939,708.601308899238,155.123732061005,3720,24.785257427429,1876.81692794595,765.355650339457,658.049732833051,0.307469937557453,0.599521419220536,490.190993312777
325,398.769718124363,20770.5259559081,63.8574784939677,26.5034387096023,3.60724154247855,12.7714956987935,19.1572435481903,0.611698898746308,0.0303470245839529,0.0192097389142533,0.0111372856696996,20.1567997895176,4123780.26346421,4950516.52276616,2344981.51078397,2605535.01198219,0.2,0.15,0.4,0.5,1438118.4988492,16474.550629483,2944.06988564922,2185.31150416717,996.135559334846,819.785383286898,1404.56496747921,170.364196982699,727.203352296236,3336.77160059075,575.975326425089,719.969158031361,169.598653835568,3720,24.4059469001783,1880.21023894922,719.059249424602,651.100111566619,0.307038570294051,0.548353409043958,535.931746120396
325,398.769718124363,20438.126680121,62.8424998723807,26.2919664269561,3.58199897778941,12.5684999744761,18.8527499617142,0.611698898746308,0.0304487538210181,0.0193114681513184,0.0111372856696996,20.0894559541569,4058235.10092018,4871830.8534456,2307709.35163213,2564121.50181347,0.2,0.15,0.5,0.5,1348470.58520088,16133.339766946,2874.3314571624,2185.31150416717,980.30254618161,806.755122090272,1383.69195993032,169.064434814456,715.969296741349,3128.76745312076,584.786913175025,730.983641468782,183.616171510334,3720,24.0380946239488,1883.49809117927,674.235292600438,644.364873307172,0.306620415136781,0.506491335893942,580.227101972654
325,398.769718124363,20104.6384667412,61.7884191887199,26.0705314689962,3.55557484853249,12.357683837744,18.536525756616,0.611698898746308,0.030557670896927,0.0194203852272274,0.0111372856696996,20.0178508633596,3990164.81029965,4790113.81788673,2269001.28215687,2521112.53572986,0.2,0.15,0.6,0.5,1260681.19148132,15791.9400182434,2802.56975700159,2185.31150416717,963.859566030089,793.222877968231,1361.99377784077,167.702946359679,704.302449078034,2925.07550699053,592.698448497808,740.87306062226,196.969165053219,3720,23.6681211606383,1886.45597703922,630.340595740661,637.58693598314,0.306157057042526,0.4721551212083,622.422561568171
325,398.769718124363,21452.0315753548,65.9355312884275,26.9312243348256,3.6583255390155,13.1871062576855,19.7806593865282,0.611698898746308,0.0301477902855062,0.0190105046158066,0.0111372856696996,20.2900077568998,4257976.49705084,5111616.44303823,2421291.9993339,2690324.44370433,0.2,0.2,0.1,0.5,1621411.39852363,17174.159105056,3088.5454896044,2185.31150416717,1028.55184528219,846.463378388231,1447.23967209135,172.992084668715,750.20379786468,3762.05403921662,557.87247029888,697.340587873599,140.846870369853,3720,25.1561361348725,1873.44622364838,810.705699261816,664.849059434097,0.307885816744264,0.66029156172082,445.076110368735
325,398.769718124363,21096.4383267871,64.851760003224,26.7089752711605,3.63178223139955,12.9703520006448,19.4555280009672,0.611698898746308,0.0302502266018001,0.0191129409321004,0.0111372856696996,20.2212997211039,4187988.85047545,5027597.6596344,2381493.62824787,2646104.03138652,0.2,0.2,0.2,0.5,1525886.62808653,16809.1874320619,3012.91933766174,2185.31150416717,1011.64571085849,832.549943006096,1424.99344001265,171.62703945933,738.208326661819,3540.41420814392,567.250894725278,709.063618406597,155.779356696843,3720,24.7654419253152,1876.94560870158,762.943314043266,657.686497373632,0.307441486940605,0.596998228597029,492.262767162024
325,398.769718124363,20753.037974876,63.8041013550607,26.4923595571566,3.60591889649608,12.7608202710121,19.1412304065182,0.611698898746308,0.0303522998976915,0.0192150142279919,0.0111372856696996,20.1532964819194,4120333.28126046,4946378.48890812,2343021.38948279,2603357.09942533,0.2,0.2,0.3,0.5,1433449.22272998,16456.7060587766,2940.39613043587,2185.31150416717,995.302910326855,819.100129195069,1403.46775688882,170.296113066248,726.612559809489,3325.93778685259,576.331916099337,720.414895124172,170.231727018283,3720,24.3867367028655,1880.3341268511,716.724611364991,650.748199594831,0.307010911818905,0.546314142662794,537.932257377774
325,398.769718124363,20421.224271748,62.7908648480838,26.2811627088476,3.5807095726295,12.5581729696168,18.8372594544252,0.611698898746308,0.0304540103585377,0.019316724688838,0.0111372856696996,20.0859883983989,4054900.62077595,4867827.87608158,2305813.2044597,2562014.67162188,0.2,0.2,0.4,0.5,1343949.18979574,16116.0933122662,2870.8053414567,2185.31150416717,979.497073040135,806.092233598333,1382.62955915733,168.998020109013,715.397786446264,3118.27675726017,585.130959481778,731.413699352222,184.227834293142,3720,24.0194616359515,1883.61744353681,671.974594897868,644.02376160349,0.306593516549425,0.504809712152502,582.159956366329
325,398.769718124363,20088.3970970551,61.7389995806296,26.0601035183463,3.55433066360421,12.3477999161259,18.5216998741889,0.611698898746308,0.0305628618296764,0.0194255761599767,0.0111372856696996,20.0144509422986,3986973.39702626,4786282.5894673,2267186.48974767,2519096.09971963,0.2,0.2,0.5,0.5,1256312.12532236,15775.3625220596,2799.22216978064,2185.31150416717,963.088651955369,792.588431288804,1360.97594501453,167.63881779942,703.755459603597,2914.93825064343,593.034574995439,741.293218744299,197.561383764612,3720,23.650149131657,1886.57248931058,628.15606266118,637.258208982103,0.306131316181797,0.47073976820696,624.293972696175
325,398.769718124363,19779.940054167,60.799876573832,25.8611415508317,3.53059545924477,12.1599753147664,18.2399629721496,0.611698898746308,0.0306629899501285,0.0195257042804289,0.0111372856696996,19.9490949754476,3926326.82889152,4713477.5857041,2232699.90901773,2480777.67668637,0.2,0.2,0.6,0.5,1172474.0963847,15458.5575369186,2735.72519121628,2185.31150416717,948.438937564454,780.532016285542,1341.6248193581,166.415048520715,693.36099433423,2720.41439587588,601.382517248398,751.728146560498,210.726191618051,3720,23.3061555467705,1889.68669883384,586.237048192351,630.969782221466,0.305746295387264,0.44133099585725,665.89476551304
325,398.769718124363,20718.1587892002,63.6976349195873,26.4702471487416,3.60327914072456,12.7395269839175,19.1092904758762,0.611698898746308,0.0303628464788618,0.0192255608091622,0.0111372856696996,20.146296203558,4113457.90509966,4938124.736014,2339111.71705926,2599013.01895473,0.2,0.3,0.1,0.5,1424134.98071064,16421.1153311862,2933.07288333832,2185.31150416717,993.642102466101,817.73331638527,1401.27909135872,170.160223531627,725.434160752208,3304.32656477594,577.043458014012,721.304322517515,171.494759079138,3720,24.348411605787,1880.58135432278,712.067490355319,650.046157108356,0.306955744442109,0.542290624502899,541.923438690076
325,398.769718124363,20387.5115338003,62.687869441466,26.2595994610757,3.57813609181233,12.5375738882932,18.8063608324398,0.611698898746308,0.0304645193996332,0.0193272337299336,0.0111372856696996,20.0790595355223,4048249.39628267,4859843.21282434,2302030.99554837,2557812.21727597,0.2,0.3,0.2,0.5,1334929.55392629,16081.6940211473,2863.77606427488,2185.31150416717,977.89041099522,804.769982516365,1380.51025461207,168.865458749759,714.257805667128,3097.34909042262,585.817512652999,732.271890816248,185.448209995942,3720,23.9822866166671,1883.85563409858,667.464776963144,643.343238782895,0.306539863284698,0.501487719951758,586.016343587178
325,398.769718124363,20055.9995594269,61.6404109196133,26.039288010922,3.5518471666324,12.3280821839227,18.492123275884,0.611698898746308,0.0305732404031005,0.0194359547334008,0.0111372856696996,20.0076567181369,3980606.75079955,4778639.55678217,2263566.10584419,2515073.45093799,0.2,0.3,0.3,0.5,1247595.71333987,15742.2942402876,2792.54785404709,2185.31150416717,961.550732305208,791.322754599432,1358.94529587397,167.510805711481,702.664253866468,2894.7141342125,593.705319139266,742.131648924083,198.743028125285,3720,23.6142893822438,1886.8050087025,623.797856669936,636.602331321539,0.306079964391805,0.46794094302203,628.027968875902
325,398.769718124363,19748.5692116883,60.7043081558456,25.8408086118508,3.52817021015187,12.1408616311691,18.2112924467537,0.611698898746308,0.030673340207729,0.0195360545380293,0.0111372856696996,19.9423634532041,3920155.22354165,4706068.69572827,2229190.43481865,2476878.26090961,0.2,0.3,0.4,0.5,1164020.92257204,15426.5390926591,2729.30370768365,2185.31150416717,946.948131761426,779.305113996449,1339.65459427263,166.28996201283,692.303217456849,2700.8010536266,602.030119029203,752.537648786504,211.869347751486,3720,23.2713129251438,1889.91083906486,582.010461286021,630.332942401657,0.305696236455661,0.438949763082695,669.507138894696
325,398.769718124363,19450.8049690063,59.7966921269773,25.646902608244,3.50504524546011,11.9593384253955,17.9390076380932,0.611698898746308,0.0307731649081619,0.0196358792384623,0.0111372856696996,19.8776726596642,3861543.30908899,4635706.25340815,2195860.85687754,2439845.3965306,0.2,0.3,0.5,0.5,1082936.85154532,15120.696923899,2668.43653773961,2185.31150416717,932.789905945112,767.653190832425,1320.93409956836,165.096850709712,682.257479867944,2512.66702595171,610.108045107356,762.635056384195,224.604747634166,3720,22.9379523065583,1892.92438605147,541.468425772658,624.243563979054,0.305323149494444,0.414060704324369,709.751002523966
325,398.769718124363,19162.2702927653,58.9163644083163,25.457415589401,3.48245357421761,11.7832728816633,17.6749093224949,0.611698898746308,0.0308727117311655,0.0197354260614659,0.0111372856696996,19.8135785438248,3804693.61572163,4567459.32259499,2163533.36333447,2403925.95926052,0.2,0.3,0.6,0.5,1004232.7176262,14824.3192409015,2609.82806115323,2185.31150416717,919.057360202499,756.351599240053,1302.76032808787,163.930546106761,672.513776613899,2330.0550095424,617.951051863787,772.438814829734,236.967136054012,3720,22.6138013786933,1895.85006178607,502.1163588131,618.326622794922,0.304960320074176,0.39245948425018,748.816149930679
325,398.769718124363,21785.9999627602,66.988297991569,27.1453730478559,3.68390828547487,13.3976595983138,20.0964893974707,0.611698898746308,0.0300512152647901,0.0189139295950905,0.0111372856696996,20.3552133701233,4325961.93360167,5193231.61296719,2459951.81666867,2733279.79629852,0.3,0.1,0.1,0.5,1708531.06827156,17515.9918408629,3162.50421697117,2185.31150416717,1044.97432818342,859.978785804435,1468.82901680473,174.306908975794,761.856102039259,3964.19206894111,550.008121897316,687.510152371645,127.557751114426,3720,25.52136687814,1870.5008033701,854.265534135778,671.557061474722,0.308342203976548,0.729081527288564,403.082493521585
325,398.769718124363,21404.4937472136,65.7907122461948,26.9016325658526,3.65479095727824,13.158142449239,19.7372136738584,0.611698898746308,0.0301612980430113,0.0190240123733116,0.0111372856696996,20.2809208633528,4248624.39104513,5100389.42502417,2415973.93816934,2684415.48685483,0.3,0.1,0.2,0.5,1608680.23260257,17125.4373270911,3078.40937148543,2185.31150416717,1026.29276144363,844.604193746672,1444.26826358538,172.810361853189,748.60090187136,3732.51475373924,559.05642012246,698.820525153075,142.774613288471,3720,25.1040603220583,1873.88208863465,804.340116301285,663.894053222535,0.307822846836381,0.651376304638253,451.167777991569
325,398.769718124363,21050.5416653359,64.7117951093986,26.680137672122,3.6283386862116,12.9423590218797,19.4135385328196,0.611698898746308,0.0302636866437169,0.0191264009740172,0.0111372856696996,20.212306119463,4178950.21505878,5016746.95685328,2376353.82166734,2640393.13518594,0.3,0.1,0.3,0.5,1513570.37128325,16762.1457821259,3003.20176767925,2185.31150416717,1009.46234861046,830.753076960998,1422.11884414157,171.449883487778,736.659157684734,3511.83760895571,568.395883209988,710.494854012485,157.643557890384,3720,24.7149766312969,1877.36705109324,756.785185641627,656.761613973522,0.307380421410876,0.589938474140927,498.153642933613
325,398.769718124363,20708.7004938196,63.6687625847404,26.4642473619059,3.60256290568214,12.7337525169481,19.1006287754221,0.611698898746308,0.0303657121957044,0.0192284265260048,0.0111372856696996,20.1443949281993,4111593.3910692,4935886.42385258,2338051.46393017,2597834.95992241,0.3,0.1,0.4,0.5,1421527.60535259,16411.2604939284,2931.07400387689,2185.31150416717,993.191712627662,817.362654256765,1400.68551622112,170.123351596588,725.114594007873,3298.27684352295,577.439999891276,721.799999864095,172.03558025544,3720,24.3378065168734,1880.74189828429,710.763802676296,649.852035270936,0.306951671570125,0.540585847775864,543.632433607192
325,398.769718124363,20378.3689437807,62.6599366857784,26.2537483713005,3.57743780224914,12.5319873371557,18.7979810057335,0.611698898746308,0.0304673750020613,0.0193300893323616,0.0111372856696996,20.0771775942274,4046445.55827771,4857677.74102966,2301005.24575089,2556672.49527877,0.3,0.1,0.5,0.5,1332403.16773683,16072.1648898576,2861.85705473619,2185.31150416717,977.454677986857,804.411382883068,1379.93545559764,168.829487998381,713.948638436881,3091.48728300143,586.204053923085,732.755067403856,185.974331056528,3720,23.9719954151051,1884.01224468805,666.201583868417,643.154991432561,0.306536025862777,0.500069012060229,587.678886138629
325,398.769718124363,20047.2126796069,61.6136699247033,26.0336391841735,3.55117321773597,12.3227339849407,18.484100977411,0.611698898746308,0.0305760607700393,0.0194387751003397,0.0111372856696996,20.005811191535,3978879.8741731,4776566.47559796,2262584.12002009,2513982.35557788,0.3,0.1,0.6,0.5,1245152.65242593,15733.1284574912,2790.72514579361,2185.31150416717,961.133589997838,790.979454950735,1358.39447350863,167.47606554123,702.368277364084,2889.04566093809,594.084222115721,742.605277644651,199.255398189762,3720,23.6043566450529,1886.95854101071,622.576326212964,636.420801839872,0.306076568438357,0.466737668564598,629.647058279647
325,398.769718124363,21385.8635075843,65.7339514104905,26.890025390754,3.6534045762661,13.1467902820981,19.7201854231472,0.611698898746308,0.030166607290714,0.0190293216210143,0.0111372856696996,20.2773514718244,4244958.8968926,5095989.07189988,2413889.56037363,2682099.51152625,0.3,0.15,0.1,0.5,1603722.89018357,17106.4256746283,3074.44529883006,2185.31150416717,1025.40732894369,843.875499051139,1443.10353598594,172.73907988309,747.972657721107,3721.01255874532,559.437832955988,699.297291194984,143.449707987325,3720,25.0837292267122,1874.01496796163,801.861445091784,663.521174237869,0.307793735766791,0.648310835238627,453.301077239948
325,398.769718124363,21032.5537639717,64.6569347303675,26.6688260340429,3.6269879792836,12.9313869460735,19.3970804191102,0.611698898746308,0.0302689770942344,0.0191316914245348,0.0111372856696996,20.2087733867566,4175407.44835971,5012493.9356059,2374339.23265543,2638154.70295047,0.3,0.15,0.2,0.5,1508774.91567143,16743.7903541965,2999.4012857589,2185.31150416717,1008.6065620113,830.048780732822,1420.99202348122,171.380391205837,736.051948298555,3500.71102925436,568.76340977515,710.954262218938,158.295107223348,3720,24.6952750073544,1877.49491087887,754.387457835715,656.400508330769,0.30735212955228,0.587510262517342,500.21253882578
325,398.769718124363,20691.3228742869,63.6157134529047,26.4532199926956,3.60124650883592,12.7231426905809,19.0847140358714,0.611698898746308,0.0303709838421195,0.0192336981724199,0.0111372856696996,20.1408983629297,4108167.5908651,4931773.81856554,2336103.38774157,2595670.43082397,0.3,0.15,0.3,0.5,1416886.12810913,16393.5284756757,2927.428088421,2185.31150416717,992.364180318845,816.681611183381,1399.59485842798,170.055581489401,724.527431991349,3287.50752968464,577.794398611228,722.242998264035,172.664788738439,3720,24.3187049005509,1880.86501150926,708.443064054565,649.502154482817,0.306924165504594,0.538615896613878,545.620732413467
325,398.769718124363,20361.5714875566,62.6086144843896,26.2429944809712,3.57615440957683,12.5217228968779,18.7825843453169,0.611698898746308,0.0304726278833846,0.019335342213685,0.0111372856696996,20.0737166839438,4043131.27957213,4853699.01509259,2299120.58609649,2554578.4289961,0.3,0.15,0.4,0.5,1327908.2385791,16055.0254573931,2858.35726749565,2185.31150416717,976.654084681383,803.752510468696,1378.87931022501,168.763375374386,713.380590549627,3081.05799503093,586.546030163461,733.182537704326,186.582326237462,3720,23.9534660099364,1884.13086540432,663.954119289549,642.81581780399,0.306509273611379,0.498439492503914,589.600150910378
325,398.769718124363,20031.0683117129,61.5645352695528,26.0232566748492,3.54993451745724,12.3129070539106,18.4693605808658,0.611698898746308,0.0305812489067933,0.0194439632370937,0.0111372856696996,20.0024171874297,3975706.86255504,4772757.33800125,2260779.7916848,2511977.54631645,0.3,0.15,0.5,0.5,1240808.39319597,15716.6499891149,2787.40145909826,2185.31150416717,960.367121005554,790.34866654731,1357.38234018483,167.412212453788,701.824441825196,2878.96596247393,594.418322597993,743.022903247491,199.844139150911,3720,23.5864805092695,1887.07433610837,620.404196597985,636.093869210224,0.306050958237719,0.465362659095904,631.50747971688
325,398.769718124363,19724.4267545372,60.6307535637255,25.8251483868144,3.52630235528292,12.1261507127451,18.1892260691176,0.611698898746308,0.0306813269197082,0.0195440412500086,0.0111372856696996,19.9371722203248,3915405.22428665,4700366.41571026,2226489.35481012,2473877.06090014,0.3,0.15,0.6,0.5,1157437.01264297,15401.7044051222,2724.35177727996,2185.31150416717,945.800727471571,778.360824083809,1338.13807800103,166.193618690874,691.489095507263,2685.52484120756,602.722349415052,753.402936768815,212.937968569964,3720,23.2442880819599,1890.17235272383,578.718506321486,629.839156569587,0.305668062701331,0.436746910964558,672.883980681087
325,398.769718124363,21014.5995020456,64.6021741576893,26.657530188196,3.62563917747011,12.9204348315379,19.3806522473068,0.611698898746308,0.030274266194328,0.0191369805246283,0.0111372856696996,20.2052427900272,4171871.12694284,5008248.65179212,2372328.30874364,2635920.34304849,0.3,0.2,0.1,0.5,1503987.90310455,16725.4691409089,2995.60927812168,2185.31150416717,1007.752332327,829.345765838295,1419.86719689782,171.310994648195,735.445843595856,3489.60403939391,569.130361136758,711.412951420947,158.945569666987,3720,24.6756064204892,1877.62257760623,751.993951552273,656.040020180124,0.307323889175938,0.585105959196272,502.268000147678
325,398.769718124363,20673.9772454761,63.5627595168209,26.442207825464,3.59993194566735,12.7125519033642,19.0688278550463,0.611698898746308,0.0303762541403274,0.0192389684706277,0.0111372856696996,20.1374039050529,4104747.93820036,4927668.59327775,2334158.80734209,2593509.78593566,0.3,0.2,0.2,0.5,1412252.68842552,16375.8289885656,2923.79018594468,2185.31150416717,991.538133002479,816.001790250696,1398.50610446233,169.987903567438,723.941323626933,3276.7568648669,578.148256910455,722.685321138068,173.292968298632,3720,24.2996348028761,1880.9879438119,706.126344212758,649.152862909091,0.306896708963379,0.536663437143825,547.605779823678
325,398.769718124363,20344.8044722097,62.5573831195213,26.2322552273863,3.57487278218435,12.5114766239043,18.7672149358564,0.611698898746308,0.0304778794209846,0.0193405937512849,0.0111372856696996,20.0702578515073,4039822.86689602,4849727.3312077,2297239.26215102,2552488.06905669,0.3,0.2,0.3,0.5,1323420.96582674,16037.9169739598,2854.86506167388,2185.31150416717,975.854908367158,803.094804229352,1377.82498324742,168.697351544359,712.813548065341,3070.64647171338,586.887498249905,733.609372812381,187.189346711228,3720,23.934966690327,1884.24931645301,661.71048291337,642.477206689212,0.30648256901077,0.496823145301473,591.51833560748
325,398.769718124363,20014.9521259107,61.5154835371274,26.0128875542182,3.54869743227737,12.3030967074255,18.4546450611382,0.611698898746308,0.0305864359445572,0.0194491502748576,0.0111372856696996,19.9990250532985,3972539.20591034,4768954.62894399,2258978.50844715,2509976.12049684,0.3,0.2,0.4,0.5,1236471.31902642,15700.2002009458,2784.08466606479,2185.31150416717,959.601945554403,789.718942719669,1356.37186737169,167.348440588891,701.281524097264,2868.90293503205,594.751924964849,743.439906206061,200.43195691262,3720,23.5686322747261,1887.18996449532,618.235659513212,635.767458270142,0.3060253910947,0.46399786457478,633.364983843879
325,398.769718124363,19708.8201556091,60.5832016915336,25.8150192447511,3.52509423590735,12.1166403383067,18.1749605074601,0.611698898746308,0.0306864997701842,0.0195492141004845,0.0111372856696996,19.9338113935253,3912334.42542863,4696679.98250735,2224743.14960875,2471936.83289861,0.3,0.2,0.5,0.5,1153230.60669336,15385.775681617,2721.16037866083,2185.31150416717,945.058948874602,777.750355717592,1337.15761637631,166.131301793712,690.962778634591,2675.76499462716,603.044473992156,753.805592490196,213.506686789515,3720,23.2269449337269,1890.28382501991,576.615303346682,629.522199729533,0.305643138187201,0.435583547281046,674.681130254867
325,398.769718124363,19412.2954256614,59.6792454241496,25.6217036839014,3.50204053090339,11.9358490848299,17.9037736272449,0.611698898746308,0.0307862880781868,0.0196490024084871,0.0111372856696996,19.8691994693482,3853958.8505956,4626601.26121921,2191547.96584068,2435053.29537853,0.3,0.2,0.6,0.5,1072465.68357784,15081.2036871332,2660.59709326439,2185.31150416717,930.957812981649,766.145417157583,1318.51041601255,164.941771652546,680.957548267176,2488.37146482316,611.091738528209,763.864673160261,226.192887129146,3720,22.8948187815311,1893.2859859054,536.232841788919,623.455932835688,0.305271473476928,0.411153512298118,714.7695233281
325,398.769718124363,20311.3614372293,62.4551919742967,26.2108205082798,3.57231480845919,12.4910383948593,18.736557592289,0.611698898746308,0.0304883784667186,0.0193510927970189,0.0111372856696996,20.0633464129306,4033223.57989445,4841805.01788049,2293486.58741707,2548318.43046341,0.3,0.3,0.1,0.5,1314469.30941446,16003.792521504,2847.90330403991,2185.31150416717,974.260792282273,801.78287839959,1375.72176631747,168.565569532503,711.682469066971,3049.87653313138,587.568915725355,734.461144656693,188.400473991151,3720,23.8980580046084,1884.48571145151,657.234654707231,641.801666349789,0.306429302307379,0.493629331337926,595.345497812036
325,398.769718124363,19982.8040161211,61.4176280613596,25.9921893782528,3.54622809501121,12.2835256122719,18.4252884184079,0.611698898746308,0.0305968067215113,0.0194595210518117,0.0111372856696996,19.9922463907401,3966219.90722897,4761368.43604918,2255385.04865487,2505983.3873943,0.3,0.3,0.2,0.5,1227818.6544034,15667.3863751729,2777.47168431553,2185.31150416717,958.075463122167,788.462678789432,1354.35588800709,167.221139922331,700.198433451073,2848.8267273992,595.417640948117,744.272051185146,201.604832360979,3720,23.5330192463448,1887.42072299945,613.909327201702,635.11619655536,0.305974385612667,0.461298466464736,637.071270260695
325,398.769718124363,19677.6874330576,60.488335573456,25.7947996950551,3.52268266908492,12.0976671146912,18.1465006720368,0.611698898746308,0.0306968421473516,0.019559556477652,0.0111372856696996,19.9270952956665,3906208.17311447,4689325.53795254,2221259.46534594,2468066.0726066,0.3,0.3,0.3,0.5,1144838.32352522,15354.0001121055,2714.79716105121,2185.31150416717,943.579098498078,776.532469668545,1335.2014563967,166.006903085049,689.912775000925,2656.2929329285,603.687320952055,754.609151190069,214.641501617098,3720,23.1923385731842,1890.50630167548,572.41916176261,628.889780876048,0.305593413716898,0.433280606496614,678.267145110029
325,398.769718124363,19382.1321037833,59.5872426640976,25.6019465921065,3.49968477650671,11.9174485328195,17.8761727992293,0.611698898746308,0.0307966017405898,0.0196593160708901,0.0111372856696996,19.8625453515572,3848017.50785808,4619468.79694847,2188169.43013349,2431299.36681499,0.3,0.3,0.4,0.5,1064322.14535114,15050.4192180089,2654.47117475665,2185.31150416717,929.522629147176,764.964291353686,1316.61160733813,164.820177992785,679.93923704796,2469.47654962325,611.71288577438,764.641107217975,227.291438753011,3720,22.8611764270146,1893.50060370951,532.161072675569,622.841561435874,0.305222984846338,0.409166313127437,718.240946459514
325,398.769718124363,19095.7071592368,58.7131647090786,25.4134769718719,3.47721587873398,11.7426329418157,17.6139494127236,0.611698898746308,0.0308960829213288,0.0197587972516292,0.0111372856696996,19.7985906596602,3791571.41094592,4551706.37568538,2156071.44111413,2395634.93457125,0.3,0.3,0.5,0.5,986160.788077976,14756.2010452602,2596.37708855189,2185.31150416717,915.887575694394,753.742935158857,1298.56312095992,163.660046676879,670.264707853807,2288.123902104,619.506113976611,774.382642470764,239.572309394469,3720,22.5391315551216,1896.40797760684,493.080394038988,616.964055530808,0.304862718834289,0.388191774896949,757.048497686522
325,398.769718124363,18806.1165454185,57.7886751067728,25.2126045099371,3.45327533478733,11.5577350213546,17.3366025320319,0.611698898746308,0.0310043401402915,0.0198670544705919,0.0111372856696996,19.7294603264715,3731869.83697715,4480035.81870006,2122122.22991056,2357913.58878951,0.3,0.3,0.6,0.5,909638.063693262,14459.7995762195,2535.48387297902,2185.31150416717,901.466132994004,741.874403617716,1279.45627636689,162.423152343128,660.03220902937,2110.57326651238,626.316969199013,782.896211498767,251.169145489352,3720,22.2129121614793,1898.95616600593,454.819031846631,611.004564824499,0.304448940498876,0.370268409437029,793.694499746351
325,398.769718124363,21320.1254246498,65.5336419816905,26.8490234794228,3.64850739672107,13.1067283963381,19.6600925945071,0.611698898746308,0.0301854114588678,0.0190481257891681,0.0111372856696996,20.2647195841555,4232023.33963991,5080460.19164455,2406533.77498952,2673926.41665502,0.4,0.1,0.1,0.5,1586142.72254262,17039.1315474216,3060.45481223257,2185.31150416717,1022.28263079394,841.303930016491,1438.99273267823,172.487268151083,745.755579249259,3680.22245406002,560.993877228215,701.242346535269,146.036772009145,3720,25.0117432645068,1874.58034462923,793.071361271311,662.201160583655,0.307702201095267,0.636825908437472,461.476199548899
325,398.769718124363,20969.0776534264,64.4633201413492,26.628866321247,3.62221660142431,12.8926640282698,19.3389960424048,0.611698898746308,0.0302877147322986,0.019150429062599,0.0111372856696996,20.1962711334572,4162904.22963354,4997484.06918792,2367229.29593112,2630254.7732568,0.4,0.1,0.2,0.5,1491766.23079379,16678.8105334149,2985.98686433648,2185.31150416717,1005.58629905267,827.563161466911,1417.01477191574,171.134891031295,733.908970108664,3461.24689837188,570.26712001141,712.833900014263,160.795896364729,3720,24.6255092772964,1878.04103038789,745.883115396896,655.122023100221,0.307263296302725,0.578372969102711,508.115032512543
325,398.769718124363,20629.9959977924,63.4284797497958,26.4142627617686,3.59659612507878,12.6856959499592,19.0285439249387,0.611698898746308,0.0303896549459566,0.019252369276257,0.0111372856696996,20.1285239939092,4096076.43619151,4917258.62688057,2329227.77062764,2588030.85625293,0.4,0.1,0.3,0.5,1400421.06975726,16330.7474439023,2914.55799862037,2185.31150416717,989.44345507301,814.277911001815,1395.74501982896,169.816154890256,722.455079157765,3249.30473961238,579.248553890058,724.060692362573,175.083649278462,3720,24.2510556475243,1881.39288563065,700.210534878632,648.263266119671,0.306837922110456,0.531174672125368,553.26433171994
325,398.769718124363,20302.2879173786,62.4274649256252,26.2050017016194,3.57162041721926,12.485492985125,18.7282394776876,0.611698898746308,0.0304912326098965,0.0193539469401969,0.0111372856696996,20.0614683759216,4031433.02601145,4839655.49341111,2292468.39161579,2547187.10179532,0.4,0.1,0.4,0.5,1311960.6329259,15994.3346994359,2846.00183468709,2185.31150416717,973.828268170948,801.426919672433,1375.15107525004,168.529794322097,711.37557865714,3044.05581636236,587.953217942765,734.941522428456,188.923328838548,3720,23.8878353461308,1884.64143698752,655.980316462952,641.614703118654,0.306425513290656,0.4922631872503,596.99771912981
325,398.769718124363,19974.0808812344,61.3910740770159,25.9865698938351,3.54555769057227,12.2782148154032,18.4173222231048,0.611698898746308,0.0305996262100844,0.0194623405403847,0.0111372856696996,19.9904042796679,3964505.10734749,4759309.85275809,2254409.93025383,2504899.92250426,0.4,0.1,0.5,0.5,1225392.18188383,15658.2865145789,2775.66488254495,2185.31150416717,957.661238059253,788.121780017198,1353.80880069482,167.186577454342,699.904526831785,2843.19674308331,595.794366655431,744.742958319289,202.114094963643,3720,23.5231498781061,1887.57339484836,612.696090941917,634.935854505746,0.305971029319804,0.460136142492829,638.680540085111
325,398.769718124363,19669.2392946368,60.4625913136073,25.7893098870381,3.52202791678727,12.0925182627215,18.1387773940822,0.611698898746308,0.0306996539972904,0.0195623683275907,0.0111372856696996,19.9252701284613,3904545.66352021,4687329.72811549,2220314.08173892,2467015.64637658,0.4,0.1,0.6,0.5,1142483.52183461,15345.1844185273,2713.05828298791,2185.31150416717,943.177504616063,776.20196627635,1334.67057280285,165.973126863014,689.627830629478,2650.82924171492,604.054876109484,755.068595136855,215.137554981535,3720,23.1827442452274,1890.65536262934,571.241760917306,628.714588256147,0.305590244042591,0.432281569844847,679.83467374165
325,398.769718124363,20951.2381048502,64.4088997256575,26.617623804206,3.62087423582096,12.8817799451315,19.3226699176972,0.611698898746308,0.0302930001625278,0.0191557144928282,0.0111372856696996,20.1927473496988,4159389.874832,4993265.15586075,2365230.86330246,2628034.29255829,0.4,0.15,0.1,0.5,1487008.08985356,16660.606324566,2982.22391810445,2185.31150416717,1004.73737559839,826.864513576931,1415.89673582242,171.065817546591,733.306630354704,3450.2068974445,570.631780284145,713.289725355181,161.442333116367,3720,24.605953278557,1878.16788660825,743.504044926778,654.763640748344,0.307235213040475,0.576057086173091,510.15777264772
325,398.769718124363,20612.7594107578,63.3758501213487,26.4033019021265,3.59528775348311,12.6751700242697,19.0127550364046,0.611698898746308,0.0303949215792807,0.0192576359095811,0.0111372856696996,20.1250362548487,4092677.7266248,4913178.5433671,2327295.09948968,2585883.44387742,0.4,0.15,0.2,0.5,1395815.10441668,16313.1591617405,2910.94756721353,2185.31150416717,988.622466747018,813.602253592613,1394.66274621607,169.748787925066,721.872560317237,3238.61782170258,579.600249017307,724.500311271634,175.708010530401,3720,24.2320929135711,1881.5150529597,697.90755220834,647.915983056018,0.306810616405611,0.529287194814086,555.237313276068
325,398.769718124363,20285.6246134787,62.3765428858597,26.1943118204021,3.57034474720865,12.4753085771719,18.7129628657579,0.611698898746308,0.0304964804955429,0.0193591948258433,0.0111372856696996,20.0580161647082,4028144.58889316,4835707.7897877,2290598.42674154,2545109.36304616,0.4,0.15,0.3,0.5,1307499.52133143,15977.3319717327,2842.53561235986,2185.31150416717,973.033917129213,800.773184604365,1374.10293509476,168.464069840633,710.811959866037,3033.70499305579,588.292641746014,735.365802182517,189.52672511154,3720,23.8694384604501,1884.75916539814,653.749760665715,641.27800866928,0.306398953521141,0.490695968841691,598.904451352467
325,398.769718124363,19958.0606221801,61.3423043683809,25.9762458421572,3.54432604494195,12.2684608736762,18.4026913105143,0.611698898746308,0.0306048104434311,0.0194675247737315,0.0111372856696996,19.9870180498896,3961355.66319988,4755529.00744284,2252619.00352555,2502910.00391728,0.4,0.15,0.4,0.5,1221079.64341503,15641.9346542767,2772.37169815178,2185.31150416717,956.900461997694,787.495676859878,1352.80397005991,167.123078831384,699.364730618793,2833.1906442113,596.125967903375,745.157459879219,202.698474525721,3720,23.5053965445892,1887.68831479896,610.539821707515,634.611219445461,0.305945591653722,0.458809570311782,640.52717950128
325,398.769718124363,19653.724268601,60.4153095683444,25.7792242949975,3.52082505300404,12.0830619136689,18.1245928705033,0.611698898746308,0.0307048240110622,0.0195675383413625,0.0111372856696996,19.9219151533299,3901492.30888523,4683664.23635682,2218577.79616902,2465086.4401878,0.4,0.15,0.5,0.5,1138300.55123922,15329.3491623272,2709.88931159455,2185.31150416717,942.439939825305,775.594965843513,1333.69552043247,165.911074106054,689.104503594092,2641.12377064284,604.375106273868,755.468882842335,215.703001094746,3720,23.1654919688281,1890.76616463992,569.150275619609,628.39933218692,0.305565444522515,0.431148382396175,681.621483459396
325,398.769718124363,19358.913863433,59.5164175621824,25.5867268947008,3.49787008873365,11.9032835124365,17.8549252686547,0.611698898746308,0.0308045615094602,0.0196672758397606,0.0111372856696996,19.8574129535476,3843443.77328033,4613978.11918407,2185568.5827714,2428409.53641267,0.4,0.15,0.6,0.5,1057976.64436392,15026.532746888,2649.74588481746,2185.31150416717,928.417803147541,764.055043071518,1315.14975734116,164.726506598901,679.155325827887,2454.75350176412,612.381116544995,765.476395681243,228.32226282826,3720,22.8350730886685,1893.7531037267,528.988322181962,622.36502903441,0.305195810547875,0.407319018513551,721.498350537302
325,398.769718124363,20595.5544344726,63.3233146210407,26.3923561061048,3.59398119882267,12.6646629242081,18.9969943863122,0.611698898746308,0.0304001868654675,0.0192629011957679,0.0111372856696996,20.1215506158995,4089285.09565328,4909105.75708678,2325365.88493584,2583739.87215093,0.4,0.2,0.1,0.5,1391217.08336448,16295.6030233715,2907.34504303813,2185.31150416717,987.802946759407,812.92780461764,1393.58235550913,169.68151231499,721.291083312193,3227.94933640171,579.951411101057,724.939263876321,176.331355625738,3720,24.2131613474557,1881.63704187821,695.608541682242,647.569282671184,0.30678335973701,0.527416123297956,557.207083777332
325,398.769718124363,20268.9913931056,62.3257106729143,26.1836364434365,3.56907082644778,12.4651421345829,18.6977132018743,0.611698898746308,0.0305017270390381,0.0193644413693384,0.0111372856696996,20.0545660238654,4024861.95260002,4831767.04994,2288731.7604979,2543035.28944211,0.4,0.2,0.2,0.5,1303045.9784282,15960.3598288795,2839.07687247538,2185.31150416717,972.240967328049,800.120602748379,1373.05659352425,168.398433357721,710.249335302268,3023.37173088483,588.631564226108,735.789455282635,190.129158611653,3720,23.8510713291177,1884.8767264641,651.5229892141,640.94187056054,0.306372440935397,0.489141174762975,600.808141212824
325,398.769718124363,19942.0682348004,61.2936167340963,25.9659350703005,3.54309600122636,12.2587233468193,18.3880850202289,0.611698898746308,0.0306099935757172,0.0194727079060176,0.0111372856696996,19.9836336859465,3958211.51923941,4751754.52489725,2250831.0907408,2500923.43415645,0.4,0.2,0.3,0.5,1216774.21186958,15625.6111571432,2769.08532346572,2185.31150416717,956.140966243169,786.870627386551,1351.80078331894,167.059660778368,698.825842826718,2823.20103506528,596.457077657256,745.57134707157,203.281941771213,3720,23.4876708255074,1887.80307030519,608.387105934788,634.287100728476,0.305920196671676,0.457492678344585,642.370935997032
325,398.769718124363,19638.2358637046,60.3681064713702,25.7691515418159,3.5196237377376,12.073621294274,18.110431941411,0.611698898746308,0.030709992915758,0.0195727072460583,0.0111372856696996,19.9185620271645,3898444.03318961,4680004.84176424,2216844.39873043,2463160.44303381,0.4,0.2,0.4,0.5,1134124.37220232,15313.5409902329,2706.7268117272,2185.31150416717,941.703601897223,774.988975109469,1332.72204483071,165.849099275489,688.582047059054,2631.43405757646,604.694873471658,755.868591839573,216.267580584205,3720,23.148266148592,1890.87681220362,567.062186101161,628.084570866118,0.305540686279755,0.430022843686412,683.405554646086
325,398.769718124363,19343.9066486423,59.4706364901535,25.5768841220288,3.49669652850778,11.8941272980307,17.8411909470461,0.611698898746308,0.0308097160359347,0.019672430366235,0.0111372856696996,19.8540907690567,3840487.32893386,4610428.96630716,2183887.40509286,2426541.56121429,0.4,0.2,0.5,0.5,1053923.95090632,15011.2165288044,2646.7010856494,2185.31150416717,927.703647893247,763.467308517223,1314.20476815117,164.665926806924,678.648608646268,2445.35030415137,612.690119837858,765.862649797322,228.86884490478,3720,22.8183260093075,1893.85985270063,526.96197545316,622.059230604333,0.305171666586065,0.406346263680809,723.225549899106
325,398.769718124363,19058.6528597612,58.6000298204672,25.3889804447744,3.47429592398936,11.7200059640934,17.5800089461402,0.611698898746308,0.0309091604633184,0.0197718747936187,0.0111372856696996,19.7902139552527,3784265.40025198,4542935.6545642,2151916.88900409,2391018.76556011,0.4,0.2,0.6,0.5,976064.42003159,14718.1983633542,2588.89241923937,2185.31150416717,914.122744257182,752.290517194648,1296.22587976943,163.509229708583,669.012500569018,2264.69796453818,620.454496407011,775.568120508763,241.103264467834,3720,22.4974518693846,1896.75650436458,488.032210015795,616.203647460739,0.30481275915659,0.385726838685783,761.886315718357
325,398.769718124363,19910.1667943574,61.1964869186078,25.9453532661378,3.54064070744236,12.2392973837216,18.3589460755823,0.611698898746308,0.0306203565356251,0.0194830708659254,0.0111372856696996,19.9768705512828,3951939.08215684,4744224.58842357,2247264.27872696,2496960.30969662,0.4,0.3,0.1,0.5,1208184.59903516,15593.0489661707,2762.5329276339,2185.31150416717,954.625803644182,785.623679606681,1349.79932642288,166.933065782887,697.750783983087,2803.27112234328,597.117828186666,746.397285233332,204.446148698615,3720,23.4523019708542,1888.03208981587,604.092299517578,633.640407480637,0.305869534394298,0.454887512393772,646.049829887623
325,398.769718124363,19607.3386516419,60.2739354889192,25.749044455632,3.51722574108564,12.0547870977838,18.0821806466758,0.611698898746308,0.0307203273969282,0.0195830417272286,0.0111372856696996,19.91186131719,3892362.67125705,4672704.28722336,2213386.24131633,2459318.04590703,0.4,0.3,0.2,0.5,1125792.32210581,15282.0056275588,2700.42115533479,2185.31150416717,940.234595189015,773.780013322489,1330.77980953711,165.725382814965,687.539737372908,2612.10175070536,605.333024083086,756.666280103858,217.394148510502,3720,23.1138936297387,1891.09764568876,562.896161052904,627.456527865123,0.305491293273665,0.427794403102378,686.965509293188
325,398.769718124363,19313.9682814641,59.3792998064334,25.5572357243652,3.49435388787392,11.8758599612867,17.81378994193,0.611698898746308,0.0308200217438419,0.0196827360741423,0.0111372856696996,19.8474518879446,3834588.99999044,4603348.13924422,2180533.32911568,2422814.81012854,0.4,0.3,0.3,0.5,1045837.98099147,14980.6614593513,2640.6298787977,2185.31150416717,926.278854420797,762.2947339005,1312.31931438246,164.544992789532,677.637669738504,2426.58896091248,613.306822112759,766.633527640948,229.959546410282,3720,22.7849076838144,1894.0729168473,522.918990495735,621.449052049131,0.305123498079104,0.404418957385114,726.672166656492
325,398.769718124363,19029.6304051166,58.5114088847092,25.3697752794896,3.47200676802011,11.7022817769418,17.5534226654128,0.611698898746308,0.0309194371869001,0.0197821515172005,0.0111372856696996,19.7836362624825,3778542.44854096,4536065.36439491,2148662.54102917,2387402.82336574,0.4,0.3,0.4,0.5,968213.67425639,14688.5795773797,2583.04408244538,2185.31150416717,912.740314704809,751.152807746773,1294.39488188687,163.390985417426,668.031620287939,2246.48239637248,621.050827736861,776.313534671077,242.159768950041,3720,22.4649477137788,1896.96218918391,484.106837128195,615.610586759228,0.304765771896807,0.384043973956658,765.224869882131
325,398.769718124363,18742.4730905039,57.5953470404977,25.1703956553224,3.44824569992064,11.5190694080995,17.2786041121493,0.611698898746308,0.0310273869392187,0.0198901012695191,0.0111372856696996,19.7148055021391,3719385.12128086,4465048.16480296,2115022.81490666,2350025.34989629,0.4,0.3,0.5,0.5,892244.651058377,14394.6377905669,2522.80348101558,2185.31150416717,898.450339605727,739.392472494221,1275.45838115622,162.163191649226,657.892402150031,2070.21647716304,627.835299937016,784.794124921269,253.686178882035,3720,22.1411970617114,1899.50062345044,446.122325529189,609.697411243975,0.304356428282378,0.366594665936631,801.648325267231
325,398.769718124363,18476.7231304681,56.7874896452136,24.9932468098354,3.4271401352642,11.3574979290427,17.0362468935641,0.611698898746308,0.0311252703777315,0.0199879847080318,0.0111372856696996,19.6528059458705,3667215.40739714,4402419.45665923,2085356.58473332,2317062.87192591,0.4,0.3,0.6,0.5,819130.468365386,14121.4903793461,2469.9725685671,2185.31150416717,885.848284258519,729.021263202053,1258.743717241,161.071937610542,648.95081986837,1900.57445628256,635.232751122064,794.04093890258,265.230706720802,3720,21.8400143967193,1902.25921025685,409.565234182693,604.210956176483,0.304025547965525,0.35063813368298,838.129033237735
350,398.769718124363,21384.7344134872,61.0375221156628,25.9116333578625,3.53661826413018,12.2075044231326,18.3112566346989,0.658752660188332,0.0327901965885943,0.0198735812556882,0.0129166153329061,20.0899271344251,4825767.85583808,5793238.7224947,4268702.21657504,1524536.50591966,0.1,0.1,0.2,0.25,1486158.75152457,17057.0733838992,2952.88361549408,2185.31150416717,952.146055044163,843.859640470502,1924.80337797824,166.725651107623,695.991318916954,3448.2362336795,607.66102958798,759.576286984975,176.880975824977,3720,25.7361458820179,1889.76738791325,743.079375762284,664.404433412724,0.309811582031206,0.525777289311333,558.943883606928
350,398.769718124363,20771.343730912,59.3001396825911,25.5401945276167,3.49232215357845,11.8600279365182,17.7900419047773,0.658752660188332,0.0329826400187229,0.0200660246858168,0.0129166153329061,19.9727086677836,4688406.37705905,5628338.98806609,4147197.14910133,1481141.83896476,0.1,0.1,0.3,0.25,1323728.67532986,16428.7248979801,2827.94142566477,2185.31150416717,925.044007444367,819.839436210914,1872.96438570775,164.440102533037,676.761504260668,3071.36042979964,622.618832931859,778.273541164824,201.881575908978,3720,25.0428666807096,1895.44059059325,661.864337664931,652.020841697083,0.308997636694476,0.460666108738575,637.945779872369
350,398.769718124363,20740.304721168,59.2121463432163,25.52123840599,3.49006217257833,11.8424292686433,17.7636439029649,0.658752660188332,0.0329926647898578,0.0200760494569517,0.0129166153329061,19.9666399905605,4681449.41986347,5619987.29875567,4141043.27276734,1478944.02598833,0.1,0.15,0.2,0.25,1315575.94532868,16397.1298213675,2821.6738411699,2185.31150416717,923.671367991588,818.622883796045,1870.33696631209,164.323422105933,675.787570384651,3052.44418753102,623.174899800523,778.968624750654,202.951454127135,3720,25.0078734304824,1895.63512320876,657.787972664342,651.39611144166,0.308945455314078,0.458237662794681,641.326595041745
350,398.769718124363,20152.5608299944,57.5123739445998,25.1522586141006,3.44608457906716,11.50247478892,17.2537121833799,0.658752660188332,0.033191887702395,0.0202752723694889,0.0129166153329061,19.8467970877354,4547061.4775099,5458657.23590625,4022168.48961513,1436488.74629112,0.1,0.15,0.3,0.25,1161742.08292652,15795.9457640941,2701.32219606717,2185.31150416717,897.156012719647,795.122683781192,1819.54562514867,162.051481287058,656.974033675018,2695.51361214139,636.615065900293,795.768832375367,226.255303429181,3720,24.3391492188356,1900.74519192305,580.871041463261,639.463153012172,0.308117864061588,0.411040088742535,714.966758836213
350,398.769718124363,20123.5866705592,57.4304961875873,25.1343481726394,3.44395051846007,11.4860992375175,17.2291488562762,0.658752660188332,0.0332017602694509,0.0202851449365448,0.0129166153329061,19.8408956284903,4540588.03241902,5450885.99330015,4016442.31085274,1434443.68244741,0.1,0.2,0.2,0.25,1154076.99653068,15766.4437614136,2695.57601438321,2185.31150416717,895.878772415109,793.990683632186,1817.09719912677,161.941163128616,656.067788704509,2677.7288172012,637.142909145569,796.428636431961,227.26143149416,3720,24.306266705342,1900.92935787971,577.038498265341,638.87682149749,0.308069082868901,0.409220338834264,718.146123521546
350,398.769718124363,19585.2432479761,55.907698944151,24.7988848214121,3.40399062327205,11.1815397888302,16.7723096832453,0.658752660188332,0.0333902637004692,0.0204736483675631,0.0129166153329061,19.7288846263013,4420192.15569244,5306353.12808216,3909944.4101658,1396408.71791636,0.1,0.2,0.3,0.25,1009973.84854429,15214.6184037674,2589.20166752811,2185.31150416717,872.124115644763,772.937275287368,1771.52920527891,159.874257251467,639.213060469108,2343.37577734983,650.624844208622,813.281055260777,249.552592972708,3720,23.6895272157298,1906.03915129903,504.986924272144,627.88682856216,0.307355836446125,0.372666935222632,788.586193793758
350,398.769718124363,19024.4302206665,54.3184893447715,24.4438823183325,3.3617270735863,10.8636978689543,16.2955468034315,0.658752660188332,0.033597448857204,0.020680833524298,0.0129166153329061,19.6072226492007,4294545.56429998,5155516.88391354,3798801.91446261,1356714.96945093,0.1,0.3,0.2,0.25,859556.068324355,14640.0841432205,2479.7111292614,2185.31150416717,847.333468871453,750.96570510657,1723.90942251934,157.685623283221,621.623262469352,1994.37131237465,664.346077446094,830.432596807617,272.483616725869,3720,23.0433092890311,1911.20821254159,429.778034162178,616.385732870372,0.306587784119414,0.34130492364083,861.048228853746
350,398.769718124363,18535.0398863811,52.8976449386536,24.1220665434201,3.32343662702376,10.5795289877307,15.8692934815961,0.658752660188332,0.0337924836877508,0.0208758683548447,0.0129166153329061,19.4940586869949,4182210.31500532,5020660.64226329,3699434.15745716,1321226.48480613,0.1,0.3,0.3,0.25,730069.07923208,14139.2911468691,2383.19014211143,2185.31150416717,825.169210736052,731.32188116094,1681.27696173493,155.70038113445,605.89697557651,1693.93118300085,675.74873951203,844.685924390037,292.148606759099,3720,22.4755774143681,1915.54120770067,365.03453961604,606.29223518573,0.305889056498257,0.318331143289299,923.189597358754
350,398.769718124363,20631.6869323769,58.9041667625288,25.4547801873797,3.48213941187735,11.7808333525058,17.6712500287586,0.658752660188332,0.0330279703698493,0.0201113550369432,0.0129166153329061,19.9452964506017,4657099.8409615,5590756.11159844,4119504.50328306,1471251.60831538,0.2,0.1,0.2,0.25,1286880.70305262,16286.1799010023,2799.74744606901,2185.31150416717,918.86708477986,814.364910868908,1861.13942835167,163.914322353627,672.378769799468,2985.86450750084,625.507031374579,781.883789218224,207.072661163435,3720,24.8849289158996,1896.49338176268,643.440351526308,649.20153380704,0.308783364758919,0.44911771296839,654.349609276453
350,398.769718124363,20050.8149593715,57.2248145831905,25.0892997195038,3.4385831793746,11.4449629166381,17.1674443749572,0.658752660188332,0.0332266764147568,0.0203100610818507,0.0129166153329061,19.8260172629172,4524326.36843545,5431364.18779766,4002057.82258775,1429306.36520991,0.2,0.1,0.3,0.25,1134670.73457186,15691.9726289108,2681.13462360611,2185.31150416717,892.670271784129,791.147034823813,1810.9458666587,161.663674917326,653.791249552582,2632.70174618471,638.842330460679,798.552913075848,230.153262764055,3720,24.2232439405719,1901.56374169868,567.335367285929,637.396644737705,0.307966491317747,0.404078564357961,727.284310334415
350,398.769718124363,20022.1455056668,57.1437686464384,25.0715267806096,3.43646571039118,11.4287537292877,17.1431305939315,0.658752660188332,0.0332365400107799,0.0203199246778738,0.0129166153329061,19.820133502906,4517918.68898078,5423671.89553515,3996389.81776274,1427282.07777241,0.2,0.15,0.2,0.25,1127082.50259776,15662.7810345729,2675.46073988041,2185.31150416717,891.406007340209,790.026535196491,1808.52172679397,161.55419163299,652.894211391771,2615.09527149564,639.364471093857,799.205588867321,231.148909118147,3720,24.1906706320421,1901.74586300311,563.54125129888,636.815947620911,0.307918145547914,0.402338044141342,730.430552813343
350,398.769718124363,19489.3475270845,55.6361520472141,24.7385867122468,3.39681028998786,11.1272304094428,16.6908456141642,0.658752660188332,0.0334248847009165,0.0205082693680104,0.0129166153329061,19.7084497398511,4398723.02914259,5280579.86691787,3890953.58615001,1389626.28076786,0.2,0.15,0.3,0.25,984386.008869817,15116.6243037098,2570.39977371646,2185.31150416717,867.888158847762,769.183010190976,1763.39717889941,159.502609743609,636.207506597268,2284.00599884092,652.723223374716,815.904029218395,253.23010746517,3720,23.5795862422471,1906.80943841639,492.193004434909,625.929045382311,0.307211797571879,0.36725490871101,800.207139589936
350,398.769718124363,19462.3249815386,55.5596172892034,24.7215652858236,3.39478349736276,11.1119234578407,16.667885186761,0.658752660188332,0.0334346993886195,0.0205180840557134,0.0129166153329061,19.7026643646917,4392672.01392669,5273315.74300923,3885601.07379628,1387714.66921296,0.2,0.2,0.2,0.25,977214.2952888,15089.11277185,2565.11516214169,2185.31150416717,866.694265888353,768.124880847451,1761.10484063347,159.397690940487,635.360399372461,2267.36594433647,653.212209688663,816.515262110829,254.16672481555,3720,23.5486909916491,1906.97940802166,488.6071476444,625.378934891994,0.307165687890453,0.365901555632393,803.166850417138
350,398.769718124363,18959.6740849228,54.1348111961183,24.4025187871519,3.35680433422617,10.8269622392237,16.2404433588355,0.658752660188332,0.0336221245084063,0.0207055091755002,0.0129166153329061,19.5928326903801,4280023.54448549,5138083.4867773,3785956.25341486,1352127.23336245,0.2,0.2,0.3,0.25,842185.798607978,14573.8104245147,2467.16051085119,2185.31150416717,844.468207986409,748.426269699721,1718.4012601556,157.43052144302,619.590263465922,1954.06822001433,665.863660408136,832.32957551017,275.067856541667,3720,22.9684863424425,1911.77395009943,421.092899303989,615.055054548804,0.306494999637888,0.338098392044991,869.214426671669
350,398.769718124363,18425.9822902371,52.5895367953143,24.0517131354184,3.31506871073899,10.5179073590629,15.7768610385943,0.658752660188332,0.0338360722209191,0.020919456888013,0.0129166153329061,19.4689459192329,4157850.57164236,4991417.25287198,3677886.39685304,1313530.85601894,0.2,0.3,0.2,0.25,700713.072029956,14027.8928869865,2362.43335406248,2185.31150416717,820.362922029713,727.062147394017,1672.02481002577,155.266224851453,602.486752025424,1625.8183736481,678.089403250557,847.611754063197,296.285084858508,3720,22.3490551566992,1916.38897989478,350.356536014978,604.045139518694,0.305719323743672,0.313886877040782,936.260868152884
350,398.769718124363,17978.8740750927,51.3249208985706,23.7607687140858,3.28047488578658,10.2649841797141,15.3974762695712,0.658752660188332,0.03402009078236,0.0211034754494539,0.0129166153329061,19.3636361643663,4057867.11010991,4871389.08776699,3589444.59098621,1281944.49678079,0.2,0.3,0.3,0.25,579407.084651835,13569.2401597482,2277.74138337034,2185.31150416717,800.635728075984,709.578271880876,1634.02164792359,153.470189189118,588.489644167726,1344.36008353582,689.633915344491,862.042394180613,315.156286116126,3720,21.8264506621643,1920.75892928959,289.703542325917,594.771004881162,0.305124464237378,0.295091686560021,995.893864126957
350,398.769718124363,22143.0082476843,63.2178777036925,26.3703745658005,3.59135740968301,12.6435755407385,18.9653633111077,0.658752660188332,0.0325625643635049,0.0196459490305988,0.0129166153329061,20.2303680027929,4998151.8181338,6000182.25466242,4105387.85845324,1894794.39620919,0.1,0.1,0.1,0.3,1712744.13543608,17839.3846590057,3112.51542211439,2185.31150416717,986.158198718704,874.004212507484,1928.06376579882,169.546404541418,720.124079237591,3973.9673710996,583.623588678668,729.529485848335,140.381192477798,3720,26.4782552957784,1880.09138862088,856.372067718039,680.279094609652,0.310563456762222,0.662481906290319,443.604568229843
350,398.769718124363,21513.8220618495,61.4027584329553,25.989042744251,3.54585270095958,12.2805516865911,18.4208275298866,0.658752660188332,0.0327510241488586,0.0198344088159526,0.0129166153329061,20.1139560458994,4854644.28493746,5827904.30364641,3987513.47091596,1840390.83273044,0.1,0.1,0.2,0.3,1548737.78259426,17195.8631402394,2979.8136828928,2185.31150416717,957.843506490666,848.909223377867,1875.7673880273,167.201786686123,700.033852416535,3593.43423637047,597.958921610073,747.448652012591,165.229439315164,3720,25.7756891567342,1885.55799832707,774.368891297132,667.644632209585,0.309694022778057,0.562853692329057,522.125028235919
350,398.769718124363,20935.8556213764,59.7663897110444,25.6404034059819,3.50427027137802,11.9532779422089,17.9299169133133,0.658752660188332,0.03292997841661,0.0200133630837039,0.0129166153329061,20.0046490117362,4725269.18410141,5672592.05774479,3881247.19740433,1791344.86034046,0.1,0.1,0.3,0.3,1395057.13551324,16603.6437080864,2861.72231395649,2185.31150416717,932.317207762276,826.285579738429,1828.55551381759,165.056854003044,681.922084602666,3236.8591563957,612.211913289933,765.264891612416,188.935387572707,3720,25.1261113588102,1890.97807604889,697.528567756622,655.977271780903,0.308936250523798,0.492231768726817,597.035824729753
350,398.769718124363,21482.790286098,61.3149687303609,25.9704573705195,3.5436354957119,12.2629937460722,18.3944906191083,0.658752660188332,0.0327604003898301,0.0198437850569241,0.0129166153329061,20.1081993000559,4847703.42773734,5819571.94206164,3981812.38141059,1837759.56065104,0.1,0.15,0.1,0.3,1540577.190559,17164.2625623313,2973.45183866309,2185.31150416717,956.474043640579,847.695484769095,1873.23611195704,167.087476046256,699.06217244701,3574.49975234216,598.527723766673,748.159654708342,166.309990277288,3720,25.7411115062898,1885.75877004475,770.288595279499,667.023238358121,0.309643002871089,0.55919671358853,525.539569276231
350,398.769718124363,20906.5465836717,59.6833375963378,25.6225821017265,3.50214527140986,11.9366675192676,17.9050012789013,0.658752660188332,0.0329393031102855,0.0200226877773794,0.0129166153329061,19.998985952518,4718702.89157153,5664709.35362729,3875853.7682713,1788855.58535599,0.1,0.15,0.2,0.3,1387327.1159311,16573.8000795416,2855.7829245421,2185.31150416717,931.021648233646,825.137341921147,1826.15762915539,164.947177718696,681.00284152629,3218.92370126153,612.746504130126,765.933130162658,189.954585460375,3720,25.0932603572839,1891.1662299209,693.663557965548,655.387485765693,0.308887534032356,0.489590708087435,600.256490054784
350,398.769718124363,20361.8636783013,58.1387232781469,25.2888504297767,3.46236167628769,11.6277446556294,17.4416169834441,0.658752660188332,0.0331172188783548,0.0202006035454487,0.0129166153329061,19.8915453199148,4596582.10638848,5518105.76997416,3775546.05314022,1742559.71683395,0.1,0.15,0.3,0.3,1242009.45621671,16015.6188005011,2745.82614464279,2185.31150416717,906.926659140818,803.782272413786,1781.5308971204,162.892695872057,663.906636057157,2881.75270986737,626.24487780016,782.8060972502,212.382280868318,3720,24.4772070736359,1896.29909782691,621.004728108355,644.333974318805,0.308169381899156,0.437889637590163,671.128007543885
350,398.769718124363,20877.3273214723,59.6005333130879,25.6048016286783,3.50002519512917,11.9201066626176,17.8801599939264,0.658752660188332,0.0329486239419742,0.0200320086090681,0.0129166153329061,19.9933284421365,4712156.19317057,5656850.17187344,3870476.43338709,1786373.73848635,0.1,0.2,0.1,0.3,1379619.43469426,16544.0475673743,2849.86525477966,2185.31150416717,929.72995471621,823.992530558673,1823.76673466352,164.837749373723,680.086341514933,3201.04007631821,613.27975409794,766.599692622425,190.971010232151,3720,25.0604996408974,1891.35392915187,689.80971734713,654.799351227517,0.308838962712685,0.486984908792941,603.468392333599
350,398.769718124363,20334.2229878498,58.0602825101454,25.2717848125454,3.4603278487694,11.6120565020291,17.4180847530436,0.658752660188332,0.0331264881069215,0.0202098727740154,0.0129166153329061,19.8859794030111,4590380.39760856,5510660.74142684,3770452.08623942,1740208.65518742,0.1,0.2,0.2,0.3,1234697.00021713,15987.475912542,2740.29186292713,2185.31150416717,905.703033652453,802.697789903142,1779.26303441534,162.787606483544,663.038432602665,2864.78610000213,626.747075307774,783.433844134717,213.342623191362,3720,24.4460374673333,1896.47533729826,617.348500108567,643.774975222455,0.308122954574272,0.435918517400913,674.162689284703
350,398.769718124363,19810.0823631589,56.5440293049564,24.9396135165427,3.42075141275443,11.3088058609913,16.9632087914869,0.658752660188332,0.0333103464507185,0.0203937311178124,0.0129166153329061,19.7762176134353,4470501.9077012,5366748.98883698,3671986.15025688,1694762.8385801,0.1,0.2,0.3,0.3,1096417.78566881,15451.1109045885,2633.87145430509,2185.31150416717,882.050459666356,781.734847860238,1735.39505473271,160.741484320227,646.2561355374,2543.94594918976,638.971458570418,798.714323213023,234.364883239145,3720,23.8496572334084,1901.13542335584,548.208892834407,633.083473323865,0.307391366171334,0.39681712855037,740.593031035697
350,398.769718124363,19758.2244615574,56.3973039712753,24.9072347659075,3.41689476642129,11.2794607942551,16.9191911913826,0.658752660188332,0.0333286250741334,0.0204120097412273,0.0129166153329061,19.7653716204331,4458901.46301779,5352822.88477526,3662457.76326729,1690365.12150798,0.1,0.3,0.1,0.3,1082607.96580451,15398.2960803202,2623.66112105811,2185.31150416717,879.761638908287,779.706299411346,1731.14691740497,160.541972493712,644.632140199149,2511.90393403638,639.928381237244,799.910476546555,236.17908255236,3720,23.7908135938305,1901.47039342521,541.303982902254,632.029442749767,0.307304146795298,0.393768995098802,746.325900865459
350,398.769718124363,19275.821883029,55.0312100060906,24.6037255322643,3.3807535284995,11.0062420012181,16.5093630018272,0.658752660188332,0.0335031541787201,0.020586538845814,0.0129166153329061,19.6624072072219,4350894.91038037,5223163.15771954,3573743.21317652,1649419.94454301,0.1,0.3,0.2,0.3,952610.380797978,14903.6350045006,2529.00740704202,2185.31150416717,858.451452408489,760.819400804991,1691.56753358688,158.671248188769,629.511845868137,2210.279102604,652.186878528433,815.233598160542,256.340419401549,3720,23.2382356553211,1906.12825544361,476.305190398989,622.138237688557,0.306669361666957,0.362798813457188,810.035725308896
350,398.769718124363,18805.8523806047,53.6621017758778,24.2957428273896,3.34409838497918,10.7324203551756,16.0986305327633,0.658752660188332,0.0336863525667842,0.0207697372338781,0.0129166153329061,19.5554760309041,4242650.04296907,5093217.33849829,3484832.91581462,1608384.42268367,0.1,0.3,0.3,0.3,828240.767251021,14422.7649327193,2435.37780192491,2185.31150416717,837.094245314541,741.890844530616,1651.85107539004,156.771912652972,614.358188843506,1921.71248254313,663.087447885381,828.859309856726,275.201297767595,3720,22.697040897824,1910.28524699372,414.120383625511,612.457629044967,0.30599936737136,0.337934452905588,869.6361009456
350,398.769718124363,21374.1726118253,61.0076237179458,25.9052863504228,3.53586115171739,12.2015247435892,18.3022871153837,0.658752660188332,0.0327934224683101,0.019876807135404,0.0129166153329061,20.087950893961,4823404.01927259,5790400.98352052,3961853.30451404,1828547.67900648,0.2,0.1,0.1,0.3,1511854.60218851,17053.2824972386,2951.1896711588,2185.31150416717,951.679659285429,843.446279551804,1864.37289272532,166.686608674737,695.660395433629,3507.85662297083,600.890114586714,751.112643233392,170.455053903635,3720,25.619616366488,1886.63226917638,755.927301094254,664.840183686742,0.309484158634323,0.54559837253389,538.637970335488
350,398.769718124363,20803.9396638389,59.3925321500477,25.5600832089906,3.49469338379617,11.8785064300095,17.8177596450143,0.658752660188332,0.0329721436997892,0.0200555283668831,0.0129166153329061,19.9790667596946,4695711.13950876,5637108.21069479,3856968.77573854,1780139.43495625,0.2,0.1,0.2,0.3,1360110.94755039,16468.9599547055,2834.99413896244,2185.31150416717,926.485270463497,821.116808867258,1817.76017040003,164.56251903976,677.78412886594,3155.77581894008,614.979709133465,768.724636416832,193.875935268759,3720,24.9778012989071,1891.99117091431,680.055473775195,653.314937566089,0.308736203899012,0.479688208188805,612.64795544928
350,398.769718124363,20252.1260067572,57.7936596751181,25.2136918444384,3.45340490660957,11.5587319350236,17.3380979025354,0.658752660188332,0.0331581690430407,0.0202415537101346,0.0129166153329061,19.8669793658764,4569300.57879696,5485354.83649095,3753137.51970433,1732217.31678662,0.2,0.1,0.3,0.3,1215258.25107428,15904.4600966513,2721.55941357025,2185.31150416717,901.543889051615,799.011597402765,1771.55334583928,162.429848889374,660.08737956845,2819.68365111298,627.665910105943,784.582387632428,215.838172273168,3720,24.3531300491775,1896.83031455238,607.629125537139,642.105750450516,0.307963541217944,0.430878370681798,682.048624383212
350,398.769718124363,20775.0230716633,59.3105631010236,25.5424390791338,3.49258975700378,11.8621126202047,17.7931689303071,0.658752660188332,0.0329814543415717,0.0200648390086656,0.0129166153329061,19.9734266829466,4689230.47666001,5629328.30331334,3851645.68121439,1777682.62209895,0.2,0.15,0.1,0.3,1352478.81973616,16439.5155689025,2829.15011362381,2185.31150416717,925.206606062341,819.983545246217,1815.39281755576,164.45391814633,676.876873450965,3138.06749562528,615.507502760806,769.384378451007,194.88210169661,3720,24.9453448257249,1892.17690447885,676.239409868078,652.732372455191,0.308688069702184,0.477211602247502,615.827441361289
350,398.769718124363,20224.942353421,57.7168696123933,25.1969356417864,3.45140818389572,11.5433739224787,17.315060883718,0.658752660188332,0.0331673438482613,0.0202507285153552,0.0129166153329061,19.8614837293601,4563229.3785991,5478066.48091129,3748150.7500972,1729915.73081409,0.2,0.15,0.2,0.3,1208034.4686877,15876.7719822458,2716.1564087389,2185.31150416717,900.346013503006,797.949936936627,1769.33254834215,162.326651372606,659.237446562605,2802.9227847896,628.170371175213,785.212963969017,216.790902939934,3720,24.3224381720516,1897.00738260228,604.017234343849,641.555466244155,0.307918271480447,0.428984790131011,685.059253290192
350,398.769718124363,19718.8646895668,56.2859237309867,24.8826276956605,3.41396394220864,11.2571847461973,16.885777119296,0.658752660188332,0.0333425596368081,0.020425944303902,0.0129166153329061,19.7571112525239,4450095.48327402,5342251.48052103,3655224.6971986,1687026.78332243,0.2,0.15,0.3,0.3,1071987.40063562,15357.8693925864,2615.89706239628,2185.31150416717,878.024178855439,778.166414034992,1727.92175578702,160.390340681942,643.399353832512,2487.26173642462,640.995296980372,801.244121225466,237.888456489727,3720,23.7457733748892,1901.88127494149,535.99370031781,631.222834140069,0.307256146564522,0.390939524230408,751.727522507538
350,398.769718124363,20197.8375952303,57.6402948828048,25.1802153229644,3.44941578868821,11.528058976561,17.2920884648415,0.658752660188332,0.033176515519062,0.0202599001861559,0.0129166153329061,19.8559930083627,4557175.20313771,5470798.56319052,3743177.96428825,1727620.59890227,0.2,0.2,0.1,0.3,1200830.61237627,15849.1640044599,2710.77203499622,2185.31150416717,899.151497012714,796.891253607347,1767.1178311829,162.223671845968,658.389896921656,2786.20815162554,628.673590770423,785.841988463028,217.741148796049,3720,24.2918260136494,1897.18403024877,600.415306188135,641.00664096277,0.307873127711771,0.427112654242079,688.062030195515
350,398.769718124363,19693.1485564872,56.21314406591,24.8665354387178,3.41204733735296,11.242628813182,16.863943219773,0.658752660188332,0.0333516926834822,0.0204350773505761,0.0129166153329061,19.7517009538345,4444341.35440195,5335343.76278745,3650498.36401247,1684845.39877498,0.2,0.2,0.2,0.3,1065136.49620299,15331.6789284451,2610.84218499662,2185.31150416717,876.888862928642,777.160200228243,1725.81415154749,160.291174635436,642.593808983244,2471.36603425026,641.469628042152,801.83703505269,238.788078217072,3720,23.7165673362775,1902.04726040154,532.568248101497,630.699772555254,0.307212834553093,0.38946667980408,754.570327165949
350,398.769718124363,19214.0065728145,54.8560065431673,24.5645287350448,3.37608738007036,10.9712013086335,16.4568019629502,0.658752660188332,0.0335261225121112,0.0206095071792051,0.0129166153329061,19.6489367343438,4337042.9188463,5206534.11626207,3562365.44796878,1644168.66829328,0.2,0.2,0.3,0.3,935971.525229404,14840.3537891552,2516.95701455239,2185.31150416717,855.718391165662,758.397130778237,1686.48786684667,158.429579119986,627.572646958892,2171.67306230067,653.652783659239,817.065979574049,258.822913524997,3720,23.1673137321206,1906.67655719302,467.985762614702,620.869495819997,0.306581974948801,0.359319036840292,817.88040673899
350,398.769718124363,19165.352338969,54.7180820499531,24.5336279940306,3.37240904546394,10.9436164099906,16.4154246149859,0.658752660188332,0.0335443000598756,0.0206276847269695,0.0129166153329061,19.6382890390462,4326138.28899216,5193443.32412023,3553408.59018753,1640034.73393271,0.2,0.3,0.1,0.3,922976.100277629,14790.8068550671,2507.50050048883,2185.31150416717,853.566857853759,756.490260171879,1682.48845206989,158.239047683293,626.046061682914,2141.52063400537,654.545483901951,818.181854877438,260.522379345086,3720,23.1117296538461,1906.98797356085,461.488050138814,619.875194722329,0.306499143560274,0.356975090715001,823.250718730472
350,398.769718124363,18701.4789831315,53.3675787357429,24.2289778177531,3.33615479633675,10.6735157471486,16.0102736207229,0.658752660188332,0.033726906040501,0.020810290707595,0.0129166153329061,19.5319623862701,4219364.36932732,5065263.3485322,3465706.50162729,1599556.84690491,0.2,0.3,0.2,0.3,800043.329651005,14316.1155764253,2415.39154198911,2185.31150416717,832.499875473436,737.818928991877,1643.30060055224,156.360032217298,611.098328857593,1856.2878259043,665.363406706249,831.704258382811,279.19218652476,3720,22.5768423378818,1911.11342875358,400.021664825502,610.310064789631,0.305839331161259,0.333103877861396,882.247309418243
350,398.769718124363,18272.8019481804,52.156529733252,23.9524910409287,3.30326893426233,10.4313059466504,15.6469589199756,0.658752660188332,0.0338981423131175,0.0209815269802114,0.0129166153329061,19.433296789642,4123616.03051057,4950319.36435843,3387060.61771892,1563258.7466395,0.2,0.3,0.3,0.3,683342.833603345,13876.2538016991,2333.66330643747,2185.31150416717,813.608290588947,721.075631225728,1608.11659534784,154.653822666436,597.694113749693,1585.51535388736,676.548146481361,845.685183101701,297.386801237848,3720,22.0795903364903,1915.35844861986,341.671416801673,601.432569447667,0.305277429043376,0.312724033524337,939.7422919116
350,398.769718124363,20129.72969897,57.4478479790983,25.1381448752703,3.44440289729278,11.4895695958197,17.2343543937295,0.658752660188332,0.0331996658621982,0.0202830505292922,0.0129166153329061,19.842147295175,4541959.90524106,5452532.89944905,3730680.40488619,1721852.49456286,0.3,0.1,0.2,0.3,1182585.3723621,15779.4436460648,2697.23283027653,2185.31150416717,896.149449193302,794.230580655523,1761.55117404925,161.964548951692,656.259842985915,2743.87492333181,630.286052905196,787.857566131496,220.468624967405,3720,24.2145032450742,1897.787925033,591.292686181052,639.620592855229,0.307778255410517,0.421828729660511,696.680854897
350,398.769718124363,19628.5218403937,56.030215753445,24.8260422397106,3.40722477504963,11.206043150689,16.8090647260335,0.658752660188332,0.0333747455516976,0.0204581302187915,0.0129166153329061,19.7380579027313,4429878.61837306,5317981.53466154,3638618.94476842,1679362.58989312,0.3,0.1,0.3,0.3,1047779.49817462,15265.5207599425,2598.12924291531,2185.31150416717,874.035299005465,774.631128695319,1720.51618019605,160.041629057697,640.569109367818,2431.09373531319,643.001080451143,803.751350563929,241.380231776726,3720,23.6427781092335,1902.62046635824,523.88974908731,629.378475673245,0.307122093894559,0.385284243516777,762.761532414454
350,398.769718124363,20102.8906324684,57.371997953666,25.1215440904879,3.4424249260113,11.4743995907332,17.2115993860998,0.658752660188332,0.0332088298284687,0.0202922144955626,0.0129166153329061,19.8366718607955,4535963.02656859,5445333.76538847,3725754.68158158,1719579.08380688,0.3,0.15,0.1,0.3,1175448.86101075,15752.1064289898,2691.91158336718,2185.31150416717,894.966237621352,793.181916891832,1759.35690437031,161.862295126442,655.420314564898,2727.3165462415,630.78420347858,788.480254348225,221.409641054528,3720,24.1841593940033,1897.96274642598,587.724430505375,639.07668214211,0.307733486242981,0.420035909714954,699.654465732309
350,398.769718124363,19603.0520030848,55.9581115574485,24.8100630215228,3.4053218074562,11.1916223114897,16.7874334672345,0.658752660188332,0.03338387071821,0.0204672553853039,0.0129166153329061,19.7326626905789,4424177.89365079,5311137.92755196,3633936.47674608,1677201.45080588,0.3,0.15,0.2,0.3,1040991.06587618,15239.581214577,2593.13241181002,2185.31150416717,872.910519961516,773.634253729995,1718.42765911346,159.943149737136,639.771040791458,2415.34298311572,643.470788507827,804.338485634784,242.271347040489,3720,23.613822069554,1902.78478779525,520.495532938089,628.859994174033,0.307079135590718,0.383867102470263,765.577456647944
350,398.769718124363,19128.408198736,54.6133398952435,24.510135431035,3.36961268749919,10.9226679790487,16.3840019685731,0.658752660188332,0.0335581614944091,0.020641546161503,0.0129166153329061,19.6301773056931,4317857.13166747,5183501.95878448,3546606.60337885,1636895.35540562,0.3,0.15,0.3,0.3,912973.675583551,14752.8548750983,2500.30584361086,2185.31150416717,851.932947662999,755.042151018466,1679.45089010909,158.094187400323,624.8867474275,2118.31266701033,655.553323637745,819.441654547181,262.134836635778,3720,23.0691556764534,1907.37618788369,456.486837791776,619.113791782788,0.306453877163248,0.354779247175065,828.346083769058
350,398.769718124363,19577.6540506895,55.8862048597316,24.7941173155458,3.40342288017552,11.1772409719463,16.7658614579195,0.658752660188332,0.0333929926942571,0.020476377361351,0.0129166153329061,19.7272723118831,4418492.78359989,5304313.06554609,3629266.83432101,1675046.23122508,0.3,0.2,0.1,0.3,1034220.80342214,15213.7146493125,2588.15238215372,2185.31150416717,871.7888217636,772.64010931695,1716.34472387063,159.844874169026,638.975158179018,2399.63438921106,643.939401377011,804.924251721264,243.160224630727,3720,23.5849391284509,1902.9487406679,517.110401711069,628.34285064833,0.307036294872616,0.382463867769631,768.386309833096
350,398.769718124363,19104.2750349025,54.544912302195,24.4947756740931,3.36778445091739,10.908982460439,16.3634736906585,0.658752660188332,0.0335672438779868,0.0206506285450807,0.0129166153329061,19.6248659134132,4312447.08768895,5177007.30815,3542162.89505,1634844.4131,0.3,0.2,0.2,0.3,906525.235221205,14728.2790669131,2495.62296521132,2185.31150416717,850.865521258404,754.096107672133,1677.46630532117,157.999472476117,624.129372478467,2103.35077570137,655.995967989387,819.994959986734,262.977788979482,3720,23.0415615004122,1907.53055094704,453.262617610603,618.620267445357,0.306412738156856,0.353642033271699,831.009813175164
350,398.769718124363,18643.7463096838,53.2046091043829,24.1919552774928,3.3317503198418,10.6409218208766,15.9613827313149,0.658752660188332,0.0337495255161039,0.0208329101831978,0.0129166153329061,19.5188717504784,4206479.61284909,5049795.45360035,3455123.20509497,1594672.24850537,0.3,0.2,0.3,0.3,784383.402660917,14256.9817460308,2404.3466592167,2185.31150416717,829.957654128057,735.565799728122,1638.56830463521,156.131614718157,609.294537276648,1819.95312908365,666.764563652973,833.455704566217,281.538917702263,3720,22.5101398519718,1911.63689866019,392.191701330458,609.118594966553,0.305758305245466,0.330327333638296,889.66297993915
350,398.769718124363,18598.2991976538,53.076290228921,24.1627645876487,3.3282777825139,10.6152580457842,15.9228870686763,0.658752660188332,0.0337674267541147,0.0208508114212086,0.0129166153329061,19.5085241462191,4196334.42538018,5037616.35699901,3446790.13899932,1590826.21799969,0.3,0.3,0.1,0.3,772154.658924225,14210.6847502187,2395.67767339758,2185.31150416717,827.955962269937,733.791733081532,1634.84167679584,155.951506444124,607.874269553742,1791.57958069793,667.614447435056,834.51805929382,283.139609144415,3720,22.4578659401769,1911.93253146108,386.077329462112,608.184906604073,0.305680911469014,0.328459872785109,894.721164896351
350,398.769718124363,18174.4181986057,51.8782799379828,23.8885135434964,3.29566168532902,10.3756559875966,15.5634839813948,0.658752660188332,0.0339385387747058,0.0210219234417998,0.0129166153329061,19.4101656692213,4101616.95729526,4923909.9127194,3368990.99291327,1554918.91980613,0.3,0.3,0.2,0.3,656699.164701562,13775.7306419263,2315.04214663007,2185.31150416717,809.267772892629,717.228704285084,1600.02690899492,154.258892183515,594.614370401698,1523.69580438699,678.687556679337,848.359445849171,301.148074362136,3720,21.9655440420968,1916.13568866887,328.349582350781,599.397832078945,0.305124899275893,0.308818179219588,951.62791498435
350,398.769718124363,17769.9988208324,50.7333628669623,23.6234415684207,3.26415299308664,10.1466725733925,15.2200088600887,0.658752660188332,0.0341091095481584,0.0211924942152523,0.0129166153329061,19.3131004859052,4011097.16213612,4815242.69164001,3294639.73638527,1520602.95525474,0.3,0.3,0.3,0.3,546312.145555726,13360.7291852791,2238.82607152856,2185.31150416717,791.407803569839,701.399724477762,1566.71678725601,152.622116347192,581.942121244893,1267.5720768538,689.269635553208,861.58704444151,318.362816832145,3720,21.4933192200967,1920.15114375094,273.156072777863,590.979405381447,0.304590835126243,0.292119541237235,1006.02650118958
350,398.769718124363,22324.4260539794,63.7322923034803,26.4774472964877,3.60413867834762,12.7464584606961,19.1196876910441,0.658752660188332,0.0325109587563623,0.0195943434234562,0.0129166153329061,20.2624802647328,5038822.62773065,6049006.75597918,3502056.54293531,2546950.21304386,0.1,0.1,0.1,0.4,1819629.84411135,18038.7963684924,3151.41902219363,2185.31150416717,994.182735345814,881.11627300915,1818.47513056218,170.204471848234,725.817757970672,4221.96723863628,565.629685487078,707.037106858847,119.750652209626,3720,26.4591687096105,1872.16226889658,909.814922055673,685.228771764107,0.310202061413472,0.776613724301069,378.41206098242
350,398.769718124363,21791.2898135591,62.2199324878058,26.1614077863915,3.5664182815399,12.4439864975612,18.6659797463417,0.658752660188332,0.0326649215630398,0.0197483062301337,0.0129166153329061,20.1669751117268,4919251.95821505,5905464.53567233,3418953.15223135,2486511.38344098,0.1,0.1,0.2,0.4,1677608.96171473,17492.4667076816,3040.18046777051,2185.31150416717,970.59089572996,860.207085748629,1777.87649638316,168.261758913693,709.078553984583,3892.44554244012,578.823105877467,723.528882346834,141.670170272297,3720,25.8700575028223,1877.20770942698,838.804480857366,674.518474315754,0.309514935250276,0.656454353243521,447.677738060458
350,398.769718124363,21273.2591034683,60.7219772349059,25.8445690539418,3.528618738616,12.1443954469812,18.2165931704718,0.658752660188332,0.0328243903576791,0.019907775024773,0.0129166153329061,20.0689990890941,4800820.14679207,5763289.49194726,3336641.28481157,2426648.20713569,0.1,0.1,0.3,0.4,1541133.96187988,16962.3550460914,2931.36269837875,2185.31150416717,947.223758021148,839.497068551584,1737.61297384348,166.31309625842,692.498783561932,3575.7915921544,590.904057376893,738.630071721116,162.424494570125,3720,25.2947927688516,1881.84082777203,770.56698093994,664.063846759158,0.308808807744061,0.572573738007529,513.261402841594
350,398.769718124363,20793.3817335763,59.3625928833634,25.5536400874122,3.49392519432078,11.8725185766727,17.808777865009,0.658752660188332,0.0329755416577716,0.0200589263248655,0.0129166153329061,19.9770080208244,4693344.07174807,5634266.59273477,3261943.81684645,2372322.77588833,0.1,0.1,0.4,0.4,1412143.2753558,16470.3375328429,2833.6613897421,2185.31150416717,926.018237175181,820.702883334112,1701.02837367693,164.522861543615,677.452753033927,3276.50300093006,603.044200733489,753.805250916861,182.412367099751,3720,24.75884889165,1886.48041475004,706.071637677902,654.337039896729,0.308191746813635,0.509833853255924,576.423080035212
350,398.769718124363,21764.1685997845,62.142949340379,26.1452183533465,3.56448644739202,12.4285898680758,18.6428848021137,0.658752660188332,0.0326729436684775,0.0197563283355714,0.0129166153329061,20.1620235652011,4913165.49229349,5898157.85389374,3414722.96804375,2483434.88585,0.1,0.15,0.1,0.4,1670439.49168569,17464.8399444078,3034.56436028953,2185.31150416717,969.390008184289,859.142752883402,1775.8085312967,168.162213842802,708.226483865479,3875.8106935015,579.328655376653,724.160819220816,142.624134241873,3720,25.8401747178523,1877.38805830319,835.219745842846,673.97534980308,0.309470931909187,0.652063554982102,450.692264204317
350,398.769718124363,21247.6034944607,60.6493466628455,25.8291078686683,3.52677461389419,12.1298693325691,18.1948039988537,0.658752660188332,0.0328323075137617,0.0199156921808556,0.0129166153329061,20.0641596668835,4795077.80555915,5756395.925041,3332650.27239216,2423745.65264884,0.1,0.15,0.2,0.4,1534312.1321665,16936.2147872247,2926.1262694806,2185.31150416717,946.090767849434,838.492913277683,1735.65940625323,166.217978074954,691.694888914148,3559.96335013548,591.388707235967,739.235884044958,163.332323361188,3720,25.2663760363788,1882.01334901313,767.15606608325,663.547838567445,0.308767144049125,0.569391275934664,516.130141821355
350,398.769718124363,20768.926323207,59.2932684098657,25.5387147779312,3.49214573303524,11.8586536819732,17.7879805229597,0.658752660188332,0.0329834218460362,0.0200668065131301,0.0129166153329061,19.9722352417931,4687863.11832414,5627686.81671565,3258134.47283538,2369552.34388027,0.1,0.15,0.3,0.4,1405624.62218694,16445.421928729,2828.71846662621,2185.31150416717,924.936820012902,819.744437388322,1699.16148115691,164.430994381652,676.68545117158,3261.3781994722,603.504394477991,754.380493097489,183.276808435417,3720,24.7316270271463,1886.64385090244,702.812311093469,653.843142684113,0.308151663110961,0.50742917663132,579.154714655919
350,398.769718124363,20299.4042289584,57.9271795459319,25.2428004588487,3.45687370465626,11.5854359091864,17.3781538637796,0.658752660188332,0.0331422699757466,0.0202256546428405,0.0129166153329061,19.8765099877107,4579856.96900343,5498027.57383365,3183068.59537738,2314958.97845627,0.1,0.15,0.4,0.4,1281535.81298579,15964.9934850863,2731.77165210893,2185.31150416717,903.626713089335,800.857575547045,1662.34901945431,162.609114836071,661.565213302582,2973.46311123376,614.410743872142,768.013429840177,202.107030622359,3720,24.2047019267908,1890.8290118176,640.767906492897,644.282600065051,0.307499649219099,0.460152225845979,638.658216766655
350,398.769718124363,21222.0154298689,60.5769020032465,25.8136770343884,3.52493414958143,12.1153804006493,18.173070600974,0.658752660188332,0.0328402219048382,0.0199236065719321,0.0129166153329061,20.0593242669679,4789350.16299598,5749520.00359662,3328669.47576646,2420850.52783015,0.1,0.2,0.1,0.4,1527507.26616928,16910.1431358741,2920.90627959369,2185.31150416717,944.960677792444,837.49132838469,1733.71071521167,166.123044114806,690.893051995339,3544.17446790948,591.872293994876,739.840367493596,164.238016548905,3720,25.2380264374633,1882.18550404116,763.753633084638,663.033071473491,0.308725586474462,0.566251358572073,518.992132294539
350,398.769718124363,20744.5339232757,59.2241180829266,25.523818266713,3.49036974423629,11.8448236165853,17.767235424878,0.658752660188332,0.032991299269266,0.02007468393636,0.0129166153329061,19.9674664162745,4682395.93333043,5621123.56942429,3254334.69808775,2366788.87133654,0.1,0.2,0.2,0.4,1399121.81380625,16420.5703072312,2823.79075641471,2185.31150416717,923.858119424838,818.788399147735,1697.29916223547,164.339302121118,675.920076810041,3246.2901616324,603.963616044484,754.954520055605,184.139271726061,3720,24.7044680726401,1886.80695338215,699.560906903125,653.350408759187,0.308111680037514,0.505052502533809,581.880098654351
350,398.769718124363,20276.2812090097,57.8618721045831,25.2285670054883,3.45517752156453,11.5723744209166,17.3585616313749,0.658752660188332,0.033150038043333,0.0202334227104269,0.0129166153329061,19.8718523136301,4574693.61144427,5491829.06535927,3179479.985208,2312349.08015127,0.1,0.2,0.3,0.4,1275332.32391227,15941.4277459001,2727.16984262065,2185.31150416717,902.607959042808,799.954667903471,1660.58800174396,162.521458984188,660.842373029244,2959.06956426133,614.853463109538,768.566828886922,202.930628004655,3720,24.1788254608462,1890.98590593047,637.666161956136,643.813603549416,0.307461792353578,0.458284690263053,641.260784494709
350,398.769718124363,19844.0861996317,56.6402110059094,24.9608157131333,3.42327692335753,11.3280422011819,16.9920633017728,0.658752660188332,0.0332984121712419,0.0203817968383358,0.0129166153329061,19.7833054861776,4478106.25572666,5375877.85801519,3112350.3388509,2263527.51916429,0.1,0.2,0.4,0.4,1158073.51056863,15498.0323165796,2641.36672629279,2185.31150416717,883.550832288893,783.064606328066,1627.6260575154,160.872122128127,647.320700395111,2687.00166540798,626.053883052093,782.567353815116,221.186739841742,3720,23.6908997969895,1895.26280545082,579.036755284314,634.975671715966,0.306908556026713,0.420459201426547,698.950097899904
350,398.769718124363,20230.2057777016,57.7317226505913,25.2001775620035,3.45179449745479,11.5463445301183,17.3195167951774,0.658752660188332,0.0331655674539591,0.020248952121053,0.0129166153329061,19.8625475382811,4564403.69419733,5479476.22352621,3172328.33993623,2307147.88358998,0.1,0.3,0.1,0.4,1262968.86159027,15894.4696627063,2718.00655220514,2185.31150416717,900.577711337968,798.155287506687,1657.07819865039,162.346617833358,659.401843972291,2930.38343721822,615.736114995309,769.670143744137,204.572351491708,3720,24.1272433882156,1891.29873852647,631.484430795133,642.878770856975,0.307386346045585,0.45460688759678,646.448630713798
350,398.769718124363,19800.0235294566,56.5155575973383,24.9333337837266,3.42000341555694,11.3031115194677,16.9546672792015,0.658752660188332,0.0333138864769931,0.0203972711440871,0.0129166153329061,19.7741161375234,4468250.86855902,5364046.6609352,3105500.69843617,2258545.96249903,0.1,0.3,0.2,0.4,1146226.63711025,15453.1300827387,2632.68175669762,2185.31150416717,881.606319354802,781.341212766796,1624.26061738494,160.702790668369,645.941003042664,2659.51414546901,626.893446717832,783.61680839729,222.753931663039,3720,23.641337046966,1895.55963249774,573.113318555123,634.078232301638,0.306835703971036,0.417501048379615,703.902424055204
350,398.769718124363,19388.432539355,55.3502854254592,24.6749496388554,3.38923312298224,11.0700570850918,16.6050856276378,0.658752660188332,0.0334616727080647,0.0205450573751586,0.0129166153329061,19.6867821263927,4376121.75198544,5253447.48137507,3041469.59448031,2211977.88689477,0.1,0.3,0.3,0.4,1034281.76170694,15030.8390346309,2551.76452586825,2185.31150416717,863.428823561232,765.230768763255,1592.78068366362,159.110339289653,633.043458171243,2399.77582670297,637.593504724147,796.991880905184,240.188381979497,3720,23.1741754980859,1899.64520009658,517.14088085347,625.624883082048,0.306305908237408,0.387196080149867,758.995287055209
350,398.769718124363,18994.2856468347,54.2329762738303,24.4246338562553,3.35943624010865,10.8465952547661,16.2698928821491,0.658752660188332,0.0336089174649406,0.0206923021320345,0.0129166153329061,19.600531938451,4287784.70287084,5147400.60368648,2980074.03371323,2167326.56997326,0.1,0.3,0.4,0.4,926842.121178357,14626.4188914822,2474.95500543153,2185.31150416717,845.999520009684,749.783447291648,1562.56285003458,157.566914359178,620.676780869453,2150.49070758356,647.866755352424,809.83344419053,256.92258290403,3720,22.7246773255373,1903.56695322555,463.421060589178,617.498766571184,0.3057959345309,0.361976743923437,811.875361976734
350,398.769718124363,21655.6362403463,61.8038318543282,26.0737828171827,3.55596277867951,12.3607663708656,18.5411495562985,0.658752660188332,0.0327085015418264,0.0197918862089203,0.0129166153329061,20.1401051450169,4886354.07848093,5865971.28269019,3396088.63734695,2469882.64534324,0.2,0.1,0.1,0.4,1643850.08347268,17354.8115656245,3009.91462029948,2185.31150416717,964.099993692418,854.454274284004,1766.69734555558,167.722940879986,704.473040593964,3814.11704150225,580.824674721834,726.030843402292,146.113555259544,3720,25.720358883824,1877.95471258151,821.92504173634,671.792879432682,0.309274939401722,0.636491253907294,461.71883462016
350,398.769718124363,21157.7092861453,60.3948162142159,25.7748516650703,3.52030355422666,12.0789632428432,18.1184448642648,0.658752660188332,0.032860191883969,0.0199435765510629,0.0129166153329061,20.0471337025183,4774954.03882102,5732237.7416819,3318663.95571057,2413573.78597133,0.2,0.1,0.2,0.4,1510277.49569489,16844.3111242051,2907.77886688355,2185.31150416717,942.120256692508,834.973898360111,1728.8122361834,165.88417066908,688.877677655211,3504.19736668338,593.398161940191,741.747702425239,166.817289863247,3720,25.1664284976186,1882.76095240825,755.138747847445,661.73324397581,0.308637721968807,0.55749616886978,527.142635967862
350,398.769718124363,20683.2259929153,59.0502961326846,25.4863347199932,3.48590106154844,11.8100592265369,17.7150888398054,0.658752660188332,0.033011176108154,0.020094560775248,0.0129166153329061,19.9554435149499,4668653.1673884,5604625.65112654,3244783.27170484,2359842.3794217,0.2,0.1,0.3,0.4,1382652.26126791,16357.8045310818,2811.39643266906,2185.31150416717,921.146608890557,816.385222960744,1692.61737090084,164.108569817149,673.996168853611,3208.07694399535,605.421461833495,756.776827291868,186.60336508018,3720,24.6358624628442,1887.35651092428,691.326130633953,652.1059602066,0.308027392331617,0.498383295285375,589.666633653369
350,398.769718124363,20218.1518906756,57.6976707729489,25.1927445607349,3.45090876933859,11.5395341545898,17.3093012318847,0.658752660188332,0.033169641249709,0.0202530259168029,0.0129166153329061,19.8601080798277,4561711.47388986,5476244.26637438,3170457.20684832,2305787.05952605,0.2,0.1,0.4,0.4,1259615.45289016,15881.889022021,2715.59145803076,2185.31150416717,900.046523966,797.684503526278,1656.15983524028,162.300839016716,659.024948659378,2922.60274395502,616.26286865463,770.328585818288,205.290464827678,3720,24.1134378163809,1891.51665168559,629.807726445081,642.628721190013,0.307382448006207,0.45301665656057,648.717868855463
350,398.769718124363,21132.3493724376,60.3229992245223,25.7595223455278,3.51847533894039,12.0645998449045,18.0968997673567,0.658752660188332,0.0328680989850302,0.0199514836521241,0.0129166153329061,20.0423109498472,4769276.0212942,5725421.39411069,3314717.64922198,2410703.74488871,0.2,0.15,0.1,0.4,1503530.10573688,16818.4719038719,2902.61472258803,2185.31150416717,940.999957882011,833.980991484048,1726.87999663461,165.789852529791,688.082787955228,3488.54184232429,593.877468565728,742.34683570716,167.715100369936,3720,25.1383055380455,1882.93155175748,751.765052868441,661.222669691575,0.308596484268357,0.554511786922381,529.979717168999
350,398.769718124363,20659.0462963594,58.9817334093268,25.471534455203,3.48413668412817,11.7963466818654,17.694520022798,0.658752660188332,0.0330190462341758,0.0201024309012697,0.0129166153329061,19.9506871130185,4663232.43969468,5598118.17490357,3241015.78547049,2357102.38943308,0.2,0.15,0.2,0.4,1376203.1094736,16333.1695594261,2806.52038172871,2185.31150416717,920.077074540121,815.437308778828,1690.77047212512,164.017461755852,673.237298246079,3193.11340199768,605.876736933306,757.345921166632,187.458505652743,3720,24.6089157527946,1887.51817956787,688.101554736798,651.61715390397,0.307987711745195,0.49610979067697,592.368877862668
350,398.769718124363,20195.22155503,57.6328884139505,25.17859750966,3.4492230125923,11.5265776827901,17.2898665241852,0.658752660188332,0.0331774038222304,0.0202607884893243,0.0129166153329061,19.8554613772081,4556589.63055737,5470095.59490681,3166897.44968289,2303198.14522392,0.2,0.15,0.3,0.4,1253461.28055726,15858.5197581877,2711.03550119674,2185.31150416717,899.035960866144,796.788855532371,1654.41260465304,162.213707662938,658.307920138299,2908.32362336656,616.701796842385,770.877246052981,206.10725976383,3720,24.0877541283235,1891.67216933029,626.730640278631,642.16329335429,0.307344857047852,0.451221369429513,651.298940853704
350,398.769718124363,19766.5642703028,56.4208891149776,24.9124422782021,3.41751502184735,11.2841778229955,16.9262667344933,0.658752660188332,0.0333256809444458,0.0204090656115398,0.0129166153329061,19.7671177758221,4460766.15909995,5355061.41548614,3100298.71422882,2254762.70125732,0.2,0.15,0.4,0.4,1137112.89418415,15418.7440146704,2626.07349165457,2185.31150416717,880.129551968243,780.032375376931,1621.7044547942,160.574060983587,644.893186894109,2638.36812822826,627.820255632374,784.775319540467,224.22628323509,3720,23.6033832635084,1895.91806850366,568.556447092073,633.391192550912,0.306795845553841,0.414759584194214,708.555055022884
350,398.769718124363,20634.9285739077,58.9133421265342,25.456762625909,3.48237573529963,11.7826684253068,17.6740026379603,0.658752660188332,0.0330269135971783,0.0201102982642722,0.0129166153329061,19.9459346466033,4657825.26648908,5591626.97057512,3237257.71980665,2354369.25076847,0.2,0.2,0.1,0.4,1369769.54728092,16308.5975152146,2801.65926533743,2185.31150416717,919.010214552145,814.49176488904,1688.9280771814,163.926526416306,672.480325188696,3178.18603152554,606.33105869308,757.91382336635,188.311702405012,3720,24.5820309839229,1887.679521114,684.884773640459,651.129493032925,0.307948130419673,0.493862032004682,595.064979599837
350,398.769718124363,20172.3474818424,57.5682596633846,25.1644760783377,3.4475403454861,11.5136519326769,17.2704778990154,0.658752660188332,0.0331851641474506,0.0202685488145445,0.0129166153329061,19.8508181927719,4551479.93186329,5463961.50283709,3163346.13322147,2300615.36961562,0.2,0.2,0.2,0.4,1247321.46003177,15835.2076728757,2706.4928280926,2185.31150416717,898.027793958955,795.895331286325,1652.6694120026,162.126731952355,657.592591796539,2894.07780233125,617.139808966711,771.424761208388,206.922252407021,3720,24.0621268272258,1891.8273729611,623.660730015887,641.698908524251,0.307307354513501,0.449444170059906,653.874317606186
350,398.769718124363,19744.6863642448,56.3589825201411,24.8987712090688,3.41588670170254,11.2717965040282,16.9076947560423,0.658752660188332,0.0333334136184729,0.0204167982855668,0.0129166153329061,19.7625322065203,4455871.68034211,5349185.69068681,3096896.97881868,2252288.71186813,0.2,0.2,0.3,0.4,1131228.77679945,15396.4493964038,2621.76729819289,2185.31150416717,879.163848938178,779.176486911572,1620.03277761518,160.489819753176,644.207988101923,2624.7155983432,628.236967840981,785.296209801226,225.004399647241,3720,23.5787560708172,1896.06535896218,565.614388399725,632.945328155802,0.306759629641163,0.413325251176439,711.013902885283
350,398.769718124363,19335.4601159886,55.2002003344585,24.6414732448984,3.38524746154824,11.0400400668917,16.5600601003375,0.658752660188332,0.0334811289627815,0.0205645136298754,0.0129166153329061,19.6753419193427,4364255.67710744,5239202.49352633,3033222.49625209,2205979.99727425,0.2,0.2,0.4,0.4,1019893.63664316,14976.5791678257,2541.40836349426,2185.31150416717,861.087592751657,763.155771581411,1588.7235369314,158.903966869277,631.382276138042,2366.39200809764,638.880948162874,798.601185203592,242.345741768619,3720,23.1139831016909,1900.12955814302,509.946818321582,624.536224851208,0.306232608863189,0.383749263846329,765.812543988835
350,398.769718124363,19701.0882072981,56.2356018649068,24.8715021764664,3.41263887577309,11.2471203729814,16.870680559472,0.658752660188332,0.0333488721326351,0.020432256799729,0.0129166153329061,19.753371495394,4446116.92000086,5337475.29411868,3090117.27554239,2247358.01857629,0.2,0.3,0.1,0.4,1119500.78175227,15352.0203232929,2613.19185400697,2185.31150416717,877.239190136867,777.470690075166,1616.70080801882,160.321781690428,642.842377924702,2597.5039041493,629.067884005146,786.334855006432,226.555625296405,3720,23.5296604223337,1896.35908360645,559.750390876137,632.056536080523,0.306687450165735,0.410495214490159,715.91577593664
350,398.769718124363,19293.7211869013,55.0819250005124,24.6150599228529,3.38210287829136,11.0163850001025,16.5245775001537,0.658752660188332,0.0334965310719413,0.0205799157390352,0.0129166153329061,19.6662949597232,4354904.5552907,5227976.65701165,3026723.32774358,2201253.32926806,0.2,0.3,0.2,0.4,1008643.26456367,14934.0486914463,2533.27106083843,2185.31150416717,859.242573676139,761.520559431717,1585.52586153838,158.741127566749,630.073173025856,2340.28851100684,639.672495455011,799.590619318763,243.828351731852,3720,23.0667626582033,1900.40865030677,504.321632281834,623.682167049614,0.306162867660821,0.38141585807985,770.497591472653
350,398.769718124363,18903.5396889164,53.9755471878462,24.3665963783682,3.35252943605828,10.7951094375692,16.1926641563539,0.658752660188332,0.0336436469448383,0.0207270316119322,0.0129166153329061,19.5802988085214,4267431.76315049,5122967.30270167,2965928.43840623,2157038.86429544,0.2,0.3,0.3,0.4,902225.303011346,14533.6829122707,2457.39066462624,2185.31150416717,841.983791975887,746.224371314964,1555.59587843527,157.208961271345,617.827486714994,2093.37392630141,649.856776645708,812.320970807135,260.411037930462,3720,22.6212839138867,1904.29682519287,451.112651505673,615.630519978207,0.30565785390501,0.357127719082453,822.89887986026
350,398.769718124363,18519.8210646283,52.8546377844783,24.1122586173353,3.32226999729825,10.5709275568957,15.8563913353435,0.658752660188332,0.0337985395013445,0.0208819241684384,0.0129166153329061,19.4905658619399,4178810.06979555,5016578.71524075,2904335.0456657,2112243.66957505,0.2,0.3,0.4,0.4,799581.190131497,14140.8543050364,2381.36084761966,2185.31150416717,824.498326814699,730.72728784749,1525.23882740352,155.639859015283,605.420960861533,1855.21555402584,658.966759591869,823.708449489836,276.037238525274,3720,22.1813839900089,1907.79046986087,399.790595065749,607.681208893839,0.305117398071173,0.336911064959393,872.277673739866
350,398.769718124363,21043.4796468132,60.071288262646,25.7057225319403,3.51205934846769,12.0142576525292,18.0213864787938,0.658752660188332,0.0328959506892805,0.0199793353563744,0.0129166153329061,20.0253419155019,4749375.16970847,5701530.81597655,3300886.26188116,2400644.55409539,0.3,0.1,0.1,0.4,1479754.09748313,16727.6132752295,2884.51808056853,2185.31150416717,937.073428903528,830.500958125115,1720.10673284476,165.458813826882,685.296783531734,3433.37593688602,595.866371583773,744.832964479716,171.163364009521,3720,25.039377083466,1883.67155477835,739.877048741563,659.426929573834,0.308468427268645,0.543340571378505,540.876230270085
350,398.769718124363,20574.3011614398,58.7414007837006,25.4195871056299,3.47794421559445,11.7482801567401,17.6224202351102,0.658752660188332,0.0330467678108841,0.020130152477978,0.0129166153329061,19.933951300719,4644231.18572408,5575307.54588725,3227809.63182946,2347497.91405779,0.3,0.1,0.2,0.4,1353472.22296001,16246.5263541592,2789.43033452816,2185.31150416717,916.328040282886,812.114589503222,1684.29563842199,163.697663740878,670.577232299356,3140.37242367395,607.774807280638,759.718509100798,190.750928505138,3720,24.5141056310031,1888.22381268455,676.736111480007,649.897634989401,0.307864731153044,0.487546774890246,602.772934076237
350,398.769718124363,20114.8348470803,57.4057395037561,25.1289302307384,3.44330497286669,11.4811479007512,17.2217218511268,0.658752660188332,0.0332047505019473,0.0202881351690412,0.0129166153329061,19.8391088693679,4538630.71166109,5448536.26850071,3154415.73439515,2294120.53410556,0.3,0.1,0.3,0.4,1231762.94843606,15776.2991579332,2695.06132162669,2185.31150416717,895.492584083262,793.648410347157,1648.28538847864,161.907790998902,655.793775089247,2857.97841296829,618.5356891471,773.169611433875,209.258955842633,3720,23.9973572904949,1892.35307091875,615.881474218031,640.525470657914,0.307228786061614,0.444425423158174,661.258300462722
350,398.769718124363,19689.6733771831,56.2032957838299,24.8643570924753,3.41178789783224,11.240659156766,16.860988735149,0.658752660188332,0.0333529302234369,0.0204363148905309,0.0129166153329061,19.7509680791234,4443562.72641296,5334409.03530968,3088342.07307403,2246066.96223566,0.3,0.1,0.4,0.4,1116314.34168033,15340.1001516302,2610.92942111689,2185.31150416717,876.735236067549,777.024043004399,1615.82829764276,160.277750696411,642.484805556319,2590.11061719308,629.573225552899,786.966531941124,227.242525992187,3720,23.516501975457,1896.56835446835,558.157170840167,631.818476898096,0.306683958249078,0.409254384028442,718.086382135312
350,398.769718124363,20550.3926308614,58.6735879427852,25.4049103003856,3.47619473022472,11.734717588557,17.6020763828356,0.658752660188332,0.0330546278813783,0.0201380125484722,0.0129166153329061,19.9292112000888,4638869.74547291,5568871.24306471,3224083.35124799,2344787.89181672,0.3,0.15,0.1,0.4,1347091.45096174,16222.1673785083,2784.61993167772,2185.31150416717,915.270203615851,811.177043002296,1682.46842750257,163.607305257975,669.826661591781,3125.56753881172,608.225252353191,760.281565441489,191.596924257025,3720,24.4874298234223,1888.38374540392,673.545725480868,649.413841232034,0.30782544800862,0.485394013294503,605.446280652198
350,398.769718124363,20092.1504896249,57.3416283352628,25.1148942201215,3.44163261321165,11.4683256670526,17.2024885005788,0.658752660188332,0.0332125053027497,0.0202958899698436,0.0129166153329061,19.8344766281089,4533561.93420435,5442451.30156585,3150892.85880128,2291558.44276457,0.3,0.15,0.2,0.4,1225671.69315101,15753.180513611,2690.56372203006,2185.31150416717,894.492491123239,792.76204205183,1646.55578988972,161.821333898708,655.08417548466,2843.84527466059,618.969976013891,773.712470017364,210.067254110061,3720,23.9719199981224,1892.50692169929,612.835846575507,640.064603438828,0.307191546104716,0.442715359868865,663.812522987793
350,398.769718124363,19667.9733930522,56.1418768449262,24.8507674990972,3.41016940734821,11.2283753689852,16.8425630534778,0.658752660188332,0.0333606572651803,0.0204440419322743,0.0129166153329061,19.7463933324807,4438706.80286254,5328579.59527315,3084967.13410551,2243612.46116764,0.3,0.15,0.3,0.4,1110475.79891754,15317.9869028684,2606.6652103385,2185.31150416717,875.777140156129,776.174896730913,1614.16944372123,160.194004405375,641.805004270763,2576.56383110048,629.986490183838,787.483112729798,228.014394083799,3720,23.4920537484215,1896.71439367704,555.23789945877,631.375926401995,0.306647992528105,0.407868987279027,720.525485304804
350,398.769718124363,19262.0154687579,54.9920707104698,24.5949746455484,3.37971176022269,10.998414142094,16.4976212131409,0.658752660188332,0.0335082733345048,0.0205916580015987,0.0129166153329061,19.6594033244318,4347800.46702553,5219448.33976655,3021785.88091747,2197662.45884907,0.3,0.15,0.4,0.4,999982.592068067,14901.4601080828,2527.07685028456,2185.31150416717,857.840904590838,760.278281668133,1583.09632547003,158.617295795131,629.078641648825,2320.19372323486,640.555360675053,800.694200843816,245.229346587901,3720,23.0305824223322,1900.75015168278,499.991296034034,623.027983258171,0.306124940441912,0.379236829906345,774.924735217768
350,398.769718124363,20069.5215336397,57.2776685922339,25.1008835405165,3.43996330822915,11.4555337184468,17.1833005776702,0.658752660188332,0.033220257848892,0.0203036425159859,0.0129166153329061,19.8298478953649,4528505.12879552,5436380.70683736,3147378.30395847,2289002.40287889,0.3,0.2,0.1,0.4,1219594.57226833,15730.1181694238,2686.07918115883,2185.31150416717,893.494760302988,791.877767322645,1644.83017299912,161.735030708734,654.376251897719,2829.74493147543,619.403364215855,774.254205269818,210.873779836314,3720,23.9465382884201,1892.66046455513,609.797286134164,639.604764390192,0.307154393510961,0.441022113191071,666.361144282754
350,398.769718124363,19646.3254085942,56.0806006734303,24.8372020849316,3.40855383205872,11.2161201346861,16.8241802020291,0.658752660188332,0.0333683820251581,0.020451766692252,0.0129166153329061,19.7418220545325,4433862.16683401,5322763.70568308,3081600.04013231,2241163.66555077,0.3,0.2,0.2,0.4,1104650.53001429,15295.9264785495,2602.41317016217,2185.31150416717,874.821271324373,775.327724317361,1612.51434833034,160.110405109792,641.126783173161,2563.04784346961,630.398930044746,787.998662555933,228.784612418327,3720,23.4676579152129,1896.86015146188,552.325265007144,630.934345243055,0.306612110248469,0.406495869704523,722.959375241913
350,398.769718124363,19241.2878116743,54.9333234225764,24.5818338951418,3.37814741983212,10.9866646845153,16.4799970267729,0.658752660188332,0.0335159698273926,0.0205993544944865,0.0129166153329061,19.6548888061695,4343155.77039128,5213872.47345892,3018557.74779201,2195314.72566691,0.3,0.2,0.3,0.4,994393.781343265,14880.3394781911,2523.04146066749,2185.31150416717,856.924484715433,759.466072857189,1581.50776381697,158.536276711501,628.428410913067,2307.22637393609,640.948333483246,801.185416854057,245.965608428076,3720,23.0071154443689,1900.88867308431,497.196890671632,622.603607791377,0.306090267402513,0.378101640283563,777.25132263272
350,398.769718124363,18841.5427779221,53.7627662951219,24.3185202931087,3.34680862228189,10.7525532590244,16.1288298885366,0.658752660188332,0.0336725868609481,0.020755971528042,0.0129166153329061,19.5634705141209,4250608.81299042,5102771.68426221,2954236.23825707,2148535.44600514,0.3,0.2,0.4,0.4,887959.201378272,14471.2453365726,2442.97950635657,2185.31150416717,838.664547016821,743.282577652469,1549.83588999882,156.912417858433,615.472370736151,2060.27323062266,650.297441349519,812.871801686899,262.119957406416,3720,22.550723585652,1904.47721310832,443.979600689136,614.348678746627,0.305524251697221,0.354799386205469,828.299065404274
350,398.769718124363,19199.9783698957,54.8162311368234,24.5556214033581,3.37502705745944,10.9632462273647,16.444869341047,0.658752660188332,0.033531355912105,0.0206147405791989,0.0129166153329061,19.6458700302817,4333898.18310452,5202758.92329474,3012123.58717064,2190635.3361241,0.3,0.3,0.1,0.4,983253.423237858,14838.2463524452,2515.00456651134,2185.31150416717,855.097920430197,757.847217171574,1578.34124450944,158.37465832518,627.132402095521,2281.37813502095,641.73201745056,802.1650218132,247.433542735704,3720,22.9603291215557,1901.16494762237,491.626711618929,621.757588613592,0.30602115948788,0.375858499101466,781.889995044824
350,398.769718124363,18802.2216236203,53.6518430510127,24.2934203759195,3.34382204797904,10.7303686102025,16.0955529153038,0.658752660188332,0.0336877581336705,0.0207711428007644,0.0129166153329061,19.5546601104903,4241838.96442296,5092243.65476946,2948141.06328758,2144102.59148188,0.3,0.3,0.2,0.4,877285.193318291,14431.163261248,2435.44440708714,2185.31150416717,836.934215810205,741.749012961746,1546.8327024999,156.757586040012,614.244642525775,2035.50703299186,651.058362372372,813.822952965465,263.529052475744,3720,22.5059758966422,1904.74485750628,438.642596659146,613.540430935773,0.305458678505471,0.352902266851812,832.75180582335
350,398.769718124363,18434.1604575463,52.6126276487106,24.0569928323516,3.31569664716305,10.5225255297421,15.7837882946132,0.658752660188332,0.0338327890118914,0.0209161736789853,0.0129166153329061,19.4708352290081,4159676.1879882,4993608.86913349,2891036.71370886,2102572.15542463,0.3,0.3,0.3,0.4,776186.8186971,14053.2771777933,2365.05130287512,2185.31150416717,820.723124479072,727.381388807764,1518.68001245364,155.298808203977,602.742327782732,1800.93513535489,660.883279753006,826.104099691257,279.362438806013,3720,22.0832109661542,1908.49225297368,388.09340934855,605.909703377663,0.30498764470558,0.332900873852188,882.785306627
350,398.769718124363,18080.6302937666,51.612915531575,23.8273387277582,3.28838853348739,10.322583106315,15.4838746594725,0.658752660188332,0.0339774433435195,0.0210608280106135,0.0129166153329061,19.3879408032027,4080636.63276472,4898723.44869715,2836103.04924572,2062620.39945143,0.3,0.3,0.4,0.4,678908.907583522,13690.298922843,2297.97259507085,2185.31150416717,805.128258968202,713.559924181096,1491.56889105064,153.881219014599,591.677245992897,1575.22760747849,670.331370923574,837.914213654467,294.594163340902,3720,21.675282441992,1912.09505174038,339.454453791761,598.553996056662,0.304532430797604,0.315688535527369,930.91755615725
350,398.769718124363,22509.045595204,64.2555594738639,26.5859202250459,3.61708890701625,12.8511118947728,19.2766678421592,0.658752660188332,0.0324592476651629,0.0195426323322568,0.0129166153329061,20.2947605866831,5080193.34206056,6098671.4790643,2888844.38481993,3209827.09424437,0.1,0.1,0.1,0.5,1928274.60970628,18241.7024020965,3191.15198684239,2185.31150416717,1002.3453663758,888.350727411702,1707.09260500696,170.871025363027,731.609419328962,4474.04853004592,547.343193107504,684.17899138438,98.7822426540079,3720,26.4374058113649,1864.10404825315,964.137304853139,690.246564375915,0.309833268754081,0.941464756228904,312.151886786665
350,398.769718124363,22063.1612529748,62.9913697777874,26.3230900077415,3.58571362742025,12.5982739555575,18.8974109333362,0.658752660188332,0.0325855340231941,0.0196689186902881,0.0129166153329061,20.2161075439008,4980243.5769399,5978683.76583422,2832008.09960568,3146675.66622854,0.1,0.1,0.2,0.5,1808486.42320257,17784.5370738876,3097.67482094105,2185.31150416717,982.624820878135,870.872618448087,1675.64185004387,169.255756999174,717.617028774538,4196.11189330029,558.624179087144,698.28022385893,117.349098342009,3720,25.9500559064813,1868.43906561776,904.243211601287,681.285525773726,0.309272149511374,0.792507154413369,370.823150760748
350,398.769718124363,21622.3077380682,61.7095682803983,26.0538912848807,3.55358947494032,12.3419136560797,18.5128704841195,0.658752660188332,0.0327184496127195,0.0198018342798134,0.0129166153329061,20.1339815298656,4878901.38202013,5857024.46821144,2774380.01125805,3082644.45695339,0.1,0.1,0.3,0.5,1691960.08724072,17333.3985299021,3003.90496374021,2185.31150416717,962.62954261674,853.151030693985,1643.71617137638,167.600614014458,703.429706080499,3925.74351345568,568.909208166073,711.136510207592,135.054155541613,3720,25.4664124052779,1872.40857465283,845.980043620358,672.390764050474,0.308674734601974,0.688612650436697,426.771131511497
350,398.769718124363,21214.4096089699,60.5553532786423,25.8090853395673,3.52438649738405,12.1110706557285,18.1666059835927,0.658752660188332,0.032842579428738,0.0199259640958319,0.0129166153329061,20.057884357643,4787646.47092388,5747474.75501066,2722488.04184715,3024986.71316351,0.1,0.1,0.4,0.5,1581482.06277291,16914.9634518299,2920.19322153061,2185.31150416717,944.62453155957,837.193406128996,1614.93581898808,166.094794494417,690.654544933031,3669.40863226991,579.446157139995,724.307696424993,152.24526110955,3720,25.0165776977875,1876.454853582,790.741031386453,664.131624473352,0.308163730208566,0.610856451768836,481.09502510618
350,398.769718124363,20822.333982464,59.4446462418319,25.5712946222938,3.49603009633613,11.8889292483664,17.8333938725496,0.658752660188332,0.0329662365748632,0.0200496212419571,0.0129166153329061,19.9826467510893,4699831.40029674,5642054.50215695,2672552.13260066,2969502.36955629,0.1,0.1,0.5,0.5,1475057.34108522,16512.7313142319,2840.36891448098,2185.31150416717,927.298216749399,821.837312612388,1587.21060769577,164.631524384253,678.36094160844,3422.47836246779,589.602668232152,737.00333529019,168.808281137863,3720,24.5823649471459,1880.35478356765,737.528670542609,656.16474548161,0.307670424356901,0.550920839742741,533.434168395646
350,398.769718124363,22040.370349995,62.9267171290472,26.3095778837198,3.58410091468356,12.5853434258094,18.8780151387142,0.658752660188332,0.0325921183053654,0.0196755029724593,0.0129166153329061,20.2120234719413,4975131.98880082,5972547.4055232,2829101.40261625,3143446.00290695,0.1,0.15,0.1,0.5,1802411.03794979,17761.3071321625,3092.92807667001,2185.31150416717,981.616281174812,869.978760841488,1674.03244848091,169.172696793698,716.901435921378,4182.01557718283,559.063217832558,698.829022290697,118.164238215497,3720,25.9252284146375,1868.59727126531,901.205518974894,680.829082330935,0.309235974371396,0.787040151948471,373.39899276097
350,398.769718124363,21600.5807405705,61.6481230956839,26.0409169203491,3.55204150915174,12.3296246191368,18.4944369287052,0.658752660188332,0.0327249493468918,0.0198083340139858,0.0129166153329061,20.129982577067,4874043.38341512,5851192.53711299,2771617.51757984,3079575.01953315,0.1,0.15,0.2,0.5,1686136.09783903,17311.2469137441,2999.43825868638,2185.31150416717,961.671037287568,852.301518672217,1642.18481754192,167.520823409911,702.749614299272,3912.23049456798,569.33382682635,711.667283532937,135.8362539148,3720,25.4426384359927,1872.56130914093,843.068048919513,671.954040075515,0.308640287729032,0.684647855927563,429.242562370769
350,398.769718124363,21193.5326421949,60.4962415604056,25.7964853645698,3.52288371466351,12.0992483120811,18.1488724681217,0.658752660188332,0.0328490544871324,0.0199324391542263,0.0129166153329061,20.0539306373758,4782972.9615827,5741864.29961908,2719830.4577143,3022033.84190478,0.1,0.15,0.3,0.5,1575874.7164402,16893.6797939576,2915.93573271244,2185.31150416717,943.702426805394,836.376156091229,1613.4610265986,166.017274157986,690.000280584509,3656.39827602136,579.852848237295,724.816060296618,152.99609329482,3720,24.9936394882325,1876.60088707207,787.937358220099,663.710533172924,0.308130366714902,0.607858658330519,483.46765481163
350,398.769718124363,20802.2591643538,59.3877443831956,25.55905296006,3.49457055055069,11.8775488766391,17.8163233149587,0.658752660188332,0.0329726868742845,0.0200560715413784,0.0129166153329061,19.9787376351818,4695332.6075734,5636653.79060432,2669993.90081257,2966659.88979175,0.1,0.15,0.4,0.5,1469654.66643811,16492.2666146238,2836.30760364957,2185.31150416717,926.410584382498,821.050615563891,1585.78943917561,164.556177873894,677.73113657856,3409.94289244629,589.992549729989,737.490687162486,169.52966073588,3720,24.5602183657221,1880.4945310781,734.827333219056,655.758465772604,0.307638094988373,0.548576571181194,535.71372792538
350,398.769718124363,20425.8773928092,58.3203443374561,25.3283198754283,3.46706572531988,11.6640688674912,17.4961033012368,0.658752660188332,0.0330958457954815,0.0201792304625754,0.0129166153329061,19.9043911510571,4610941.48795539,5535343.92311571,2622005.01621271,2913338.90690301,0.1,0.15,0.5,0.5,1367254.53315246,16106.1021949496,2760.3139408206,2185.31150416717,909.759830756246,806.293273812837,1559.11565906697,163.135735190093,665.91686664411,3172.35060994822,599.77519785958,749.718997324474,185.4720608918,3720,24.1415579780164,1884.25066978157,683.627266576229,648.082631355081,0.307162650415649,0.50142323082426,586.091712418087
350,398.769718124363,21578.9012840143,61.5868083579714,26.0279636533035,3.55049608812258,12.3173616715943,18.4760425073914,0.658752660188332,0.032731447233661,0.0198148319007549,0.0129166153329061,20.125986348409,4869195.6982522,5845372.98709747,2768860.88862512,3076512.09847235,0.1,0.2,0.1,0.5,1680324.15855219,17289.1436250946,2994.98319366457,2185.31150416717,960.714566847658,851.453810181034,1640.65662768812,167.441160807144,702.070966340444,3898.74543476782,569.757658919724,712.197073649655,136.616814544024,3720,25.4189111480424,1872.71376886805,840.162079276093,671.518188496911,0.308605913347046,0.680736118100829,431.709133959117
350,398.769718124363,21172.700556066,60.4372534310337,25.7839055951842,3.5213833687406,12.0874506862067,18.1311760293101,0.658752660188332,0.0328555276936026,0.0199389123606965,0.0129166153329061,20.0499796056114,4778309.22346339,5736265.57438582,2717178.42997223,3019087.14441359,0.1,0.2,0.2,0.5,1570278.75725941,16872.441747633,2911.68916033728,2185.31150416717,942.782249957954,835.560614763081,1611.98923521197,165.939876472941,689.347384150684,3643.41434063116,580.258808433025,725.323510541281,153.745482152262,3720,24.9707455139539,1876.74666586919,785.139378629707,663.290268763893,0.30809707262679,0.604895823266515,485.835723601149
350,398.769718124363,20782.2267471206,59.3309596772048,25.5468306537084,3.49311333872315,11.866191935441,17.7992879031614,0.658752660188332,0.0329791353218865,0.0200625199889805,0.0129166153329061,19.9748311700323,4690843.07720952,5631264.19833076,2667440.93605141,2963823.26227935,0.1,0.2,0.3,0.5,1464262.76104685,16471.8449957314,2832.25653858908,2185.31150416717,925.524779521456,820.265538237668,1584.37111849434,164.480948913425,677.102628225574,3397.43240961958,590.381751389217,737.977189236521,170.249684488594,3720,24.5381137286445,1880.63404230895,732.131380523426,655.35297031137,0.307605832086354,0.546256518943686,537.989002983956
350,398.769718124363,20406.6001848811,58.2656474675204,25.3164397604151,3.46564979929959,11.6531294935041,17.4796942402561,0.658752660188332,0.0331022694897273,0.0201856541568212,0.0129166153329061,19.9005285843849,4606617.02674527,5530152.49309156,2619545.91778021,2910606.57531135,0.1,0.2,0.4,0.5,1362055.56671375,16086.4515187505,2756.4463471318,2185.31150416717,908.906594793719,805.53706237549,1557.74805813091,163.062583268016,665.311467020445,3160.28779066108,600.148666130586,750.185832663232,186.164396143457,3720,24.1202014968253,1884.38429449831,681.027783356875,647.691138189854,0.307131371927916,0.499558465133876,588.279491813323
350,398.769718124363,20033.7121334218,57.1764310186448,25.0786909786993,3.43731924627159,11.435286203729,17.1529293055934,0.658752660188332,0.0332325617529266,0.0203159464200205,0.0129166153329061,19.8225061638626,4520501.05177051,5426771.97091298,2570576.19674825,2856195.77416472,0.1,0.2,0.5,0.5,1262556.20815352,15704.7445197343,2679.70840399053,2185.31150416717,891.915519321802,790.478108425265,1530.49853027521,161.598324302348,653.255727285916,2929.42598463714,608.967613687519,761.209517109399,201.301205028245,3720,23.7039746543887,1887.78787752536,631.27810407676,640.057627813428,0.306618297406834,0.461994253769872,636.111807889254
350,398.769718124363,20742.2885882921,59.2177403460736,25.5224439230809,3.49020589448963,11.8435480692147,17.7653221038221,0.658752660188332,0.0329920266630081,0.020075411330102,0.0129166153329061,19.9670261823276,4681891.69468457,5620518.24091786,2662350.74569793,2958167.49521992,0.1,0.3,0.1,0.5,1453511.12721326,16431.1304640425,2824.18500459563,2185.31150416717,923.758630835292,818.700223712454,1581.54298781763,164.330842526817,675.849486308333,3372.48610202074,591.158124249605,738.947655312006,171.685681360952,3720,24.4940297989994,1880.91235903623,726.755563606631,654.544323033467,0.30754150495475,0.541687572678101,542.526753100608
350,398.769718124363,20368.1655418851,58.1565857670846,25.2927349932333,3.46282463395135,11.6313171534169,17.4469757301254,0.658752660188332,0.0331151113378735,0.0201984960049674,0.0129166153329061,19.8928112748007,4597994.35613179,5519801.14781728,2614642.64896608,2905158.4988512,0.1,0.3,0.2,0.5,1351688.09096874,16047.2718298465,2748.73990002746,2185.31150416717,907.205302470129,804.029230187386,1555.02093698943,162.916616422445,664.104342874627,3136.23281976443,600.893712038671,751.117140048339,187.545258078244,3720,24.0776074704406,1884.65088863806,675.844045484372,646.910376145424,0.307069005265404,0.495880306188282,592.643015527251
350,398.769718124363,19996.920156271,57.0724162667158,25.0558691514358,3.43460030848558,11.4144832533432,17.1217248800147,0.658752660188332,0.0332452453984679,0.0203286300655618,0.0129166153329061,19.8149435292991,4512277.40459425,5416899.64537125,2565899.83201796,2850999.81335329,0.1,0.3,0.3,0.5,1252577.0970391,15667.2280590287,2672.42501253965,2185.31150416717,890.292956146187,789.040053772113,1527.89477347027,161.457736062878,652.104464119534,2906.27211060494,609.69209724231,762.115121552887,202.632086178983,3720,23.663030877434,1888.04661767185,626.288548519551,639.307797301064,0.306558729964307,0.458959890083025,640.317392325585
350,398.769718124363,19651.8563440855,56.0962448978004,24.8406661318855,3.40896637993914,11.2192489795601,16.8288734693401,0.658752660188332,0.0333664083496923,0.0204497930167862,0.0129166153329061,19.7429898143175,4435099.03544331,5324248.54194875,2522012.46723888,2802236.07470987,0.1,0.3,0.4,0.5,1157939.84460147,15312.9995173708,2604.23487288094,2185.31150416717,875.065311154332,775.544013207603,1503.44521250564,160.131753110834,641.29993764356,2686.69152907113,618.856826714626,773.571033393282,217.431496624649,3720,23.275729369892,1891.56243177934,578.969922300734,632.219395506205,0.306125388309636,0.427720921042756,687.083529333892
350,398.769718124363,19318.9580399006,55.15342993028,24.6310318345188,3.38400436452791,11.030685986056,16.546028979084,0.658752660188332,0.0334872121725554,0.0205705968396493,0.0129166153329061,19.671767742082,4360557.90063707,5234763.38611893,2479624.76184581,2755138.62427312,0.1,0.3,0.5,0.5,1066473.50374944,14971.2421485164,2538.92270117867,2185.31150416717,860.358004552664,762.509148720202,1479.80763844374,158.839596029323,630.864608762897,2474.46820476981,627.715891384259,784.644864230323,231.735365409608,3720,22.900605255101,1894.96046740351,533.23675187472,625.359041776627,0.305705421946851,0.401319840998875,732.283754694361
350,398.769718124363,21960.4588400692,62.7000004775473,26.2621401499006,3.57843930822774,12.5400000955095,18.8100001432642,0.658752660188332,0.0326153063800165,0.0196986910471104,0.0129166153329061,20.1976535959187,4957207.245278,5951029.105976,2818908.52388337,3132120.58209263,0.2,0.1,0.1,0.5,1780997.13172454,17679.5914258863,3076.28358013807,2185.31150416717,978.07964734932,866.84428160188,1668.38803380098,168.88107803557,714.392075227469,4132.33030145118,560.867414182918,701.084267728648,121.280917654669,3720,25.8378627473778,1869.27371498209,890.498565862272,679.223190688186,0.309123235780375,0.766814778436992,383.247699788754
350,398.769718124363,21524.3838112364,61.4326025191945,25.9953578107927,3.54660609128913,12.2865205038389,18.4297807557583,0.658752660188332,0.0327478423427581,0.0198312270098521,0.0129166153329061,20.1159103336776,4857003.82751173,5830736.88776918,2761927.99946961,3068808.88829957,0.2,0.1,0.2,0.5,1665602.60604881,17233.3016752176,2983.77095194432,2185.31150416717,958.309055025307,849.32183351273,1636.81286322914,167.240627125343,700.364174765859,3864.58798644268,571.082136018741,713.852670023426,138.832177592147,3720,25.3589566019368,1873.21611269177,832.801303024404,670.417104799732,0.308533288417951,0.669873523652493,438.709681191184
350,398.769718124363,21120.3100356092,60.2888893981694,25.7522384149391,3.51760665212018,12.0577778796339,18.0866668194508,0.658752660188332,0.0328718606088942,0.0199552452759881,0.0129166153329061,20.040017449152,4766579.21942748,5722183.93688773,2710508.18063103,3011675.7562567,0.2,0.1,0.3,0.5,1556101.25441511,16818.7764326992,2901.00043175141,2185.31150416717,940.467866547461,833.509405579872,1608.28709340018,165.745035142771,687.705251250448,3610.51921488455,581.533602910027,726.917003637534,155.877883123016,3720,24.9128871571421,1877.23001798303,778.050627207554,662.228397040085,0.308026900340766,0.596620881274134,492.574110668729
350,398.769718124363,20731.8435822387,59.1881284181264,25.5160618552196,3.48944502640227,11.8376256836253,17.7564385254379,0.658752660188332,0.0329954058662671,0.020078790533361,0.0129166153329061,19.9649812721901,4679550.50708253,5617707.69157566,2661019.43285163,2956688.25872403,0.2,0.1,0.4,0.5,1450599.33763199,16420.2337484855,2822.05876118602,2185.31150416717,923.296703820566,818.290823847352,1580.80325358538,164.291558271673,675.521733549239,3365.73006850233,591.609833753218,739.512292191523,172.303828958076,3720,24.4822411221688,1881.09952185104,725.299668815997,654.328255665659,0.307537998939525,0.539744244584536,544.480099507521
350,398.769718124363,20358.1129020552,58.1280590036056,25.2865309807348,3.46208524840994,11.6256118007211,17.4384177010817,0.658752660188332,0.0331184776964213,0.0202018623635152,0.0129166153329061,19.8907892514491,4595738.96414574,5517093.59441266,2613360.12366915,2903733.4707435,0.2,0.1,0.5,0.5,1348878.28933926,16036.7801255187,2746.70933768988,2185.31150416717,906.760303322585,803.634833527536,1554.30756784406,162.878412980879,663.78860100686,3129.71342217094,601.33277653654,751.665970670675,188.144654592768,3720,24.0662112162447,1884.83293532368,674.43914466963,646.701655151606,0.307065769770614,0.494300516808701,594.537108513148
350,398.769718124363,21502.8652463035,61.3717289809055,25.9824752244654,3.54506919984946,12.2743457961811,18.4115186942716,0.658752660188332,0.0327543353661438,0.0198377200332377,0.0129166153329061,20.1119226760206,4852191.024597,5824959.21320168,2759191.20625343,3065768.00694825,0.2,0.15,0.1,0.5,1659831.56775488,17211.3624151061,2979.35550622211,2185.31150416717,957.359467012402,848.480224947429,1635.29536570071,167.161393107818,699.690410120559,3851.19782652157,571.502831197411,714.378538996764,139.607073381983,3720,25.3353871984619,1873.36742305586,829.915783877441,669.984205677911,0.308499132744559,0.666155358371705,441.158351887067
350,398.769718124363,21099.6297589907,60.2303190718547,25.7397262959496,3.51611446893949,12.0460638143709,18.0690957215564,0.658752660188332,0.0328783289319599,0.0199617135990538,0.0129166153329061,20.0360748732574,4761948.51378546,5716624.86648915,2707874.93675802,3008749.92973113,0.2,0.15,0.2,0.5,1550543.92871609,16797.6931289209,2896.79100292492,2185.31150416717,939.554207158773,832.699640698128,1606.82543852991,165.668047868322,687.056979172896,3597.62491821668,581.936630069824,727.42078758728,156.621942854043,3720,24.8901427147367,1877.37472227572,775.271964358044,661.810929711657,0.307993815194765,0.593786530196906,494.925339418775
350,398.769718124363,20711.9545107157,59.131739562662,25.5039043126593,3.48799562793792,11.8263479125324,17.7395218687986,0.658752660188332,0.0330018494265381,0.020085234093632,0.0129166153329061,19.9610831403468,4675092.27357803,5612355.67056186,2658484.26500299,2953871.40555887,0.2,0.15,0.3,0.5,1445243.95281433,16399.9582209009,2818.04254536188,2185.31150416717,922.417073972927,817.511219451152,1579.39454718737,164.216722395704,674.89760657603,3353.30432195633,591.996289814824,739.995362268529,173.01883489859,3720,24.4602781958364,1881.23802746053,722.621976407165,653.925411711051,0.307505935677293,0.537513734007683,546.739518279545
350,398.769718124363,20338.9711484795,58.0737373817177,25.2747128806421,3.46067680311025,11.6147474763435,17.4221212145153,0.658752660188332,0.0331248965140294,0.0202082811811233,0.0129166153329061,19.8869348892707,4591444.17091533,5511937.78021048,2610917.89588917,2901019.8843213,0.2,0.15,0.4,0.5,1343713.87366659,16017.2674768347,2742.87446580809,2185.31150416717,905.912920988056,802.883810170182,1552.94909041336,162.805637631653,663.187354729213,3117.73076874983,601.70367164474,752.129589555925,188.832260885505,3720,24.044989120029,1884.96561784301,671.856936833296,646.312677063937,0.307034682067416,0.492500590544689,596.709944398196
350,398.769718124363,19968.9693292031,56.993387679753,25.0385156204852,3.4325329157429,11.3986775359506,17.0980163039259,0.658752660188332,0.0332549109541383,0.0203382956212323,0.0129166153329061,19.8091843065469,4506029.22148592,5409398.82531324,2562346.81199048,2847052.01332276,0.2,0.15,0.5,0.5,1244898.81129313,15638.4874443723,2666.88002399899,2185.31150416717,889.060161060408,787.94744509223,1525.91630089635,161.350830143661,651.229754527153,2888.45669008231,610.481884830723,763.102356038404,203.876762627933,3720,23.6316657631204,1888.35328553759,622.449405646566,638.733590238681,0.30652627845064,0.456157920114325,644.250569904269
350,398.769718124363,21078.9937493374,60.1718707436808,25.7272341727689,3.51462469716465,12.0343741487362,18.0515612231042,0.658752660188332,0.0328847954030657,0.0199681800701597,0.0129166153329061,20.0321349764858,4757327.453599,5711077.37526891,2705247.17775896,3005830.19750995,0.2,0.2,0.1,0.5,1544997.83755813,16776.654811276,2892.59232462645,2185.31150416717,938.642450862552,831.891562532605,1605.36674681225,165.591181985702,686.410057403481,3584.75668831422,582.338938061387,727.923672576733,157.364580012829,3720,24.867441941666,1877.51917601169,772.498918779065,661.394278741239,0.307960798678364,0.590984324378576,497.272072840539
350,398.769718124363,20692.1072677245,59.075466366492,25.4917659261066,3.48654853924606,11.8150932732984,17.7226399099476,0.658752660188332,0.0330082911359844,0.0200916758030783,0.0129166153329061,19.9571876494444,4670643.1843652,5607014.62708907,2655954.29704219,2951060.33004688,0.2,0.2,0.2,0.5,1439899.19494109,16379.7251909473,2814.03642144058,2185.31150416717,921.539248335829,816.733214130142,1577.98865304648,164.142002868779,674.274759750905,3340.90323240931,592.382076777242,740.477595971553,173.732504215772,3720,24.438356683585,1881.37630057396,719.949597470547,653.523342129381,0.30747393814272,0.535305701254937,548.994713321839
350,398.769718124363,20306.8339139863,57.9481452252136,25.247368129715,3.45741803621523,11.5896290450427,17.3844435675641,0.658752660188332,0.0331397796349426,0.0202231643020366,0.0129166153329061,19.8780036392802,4581514.56416205,5500017.48398806,2605271.43978382,2894746.04420424,0.2,0.2,0.3,0.5,1337463.37339011,15985.4378681473,2734.09106231472,2185.31150416717,903.953764190485,801.147436429499,1549.80799522268,162.63724409672,661.797267062914,3103.22814478057,601.396045839038,751.745057298797,189.285449350074,3720,24.0096670295766,1884.85768528659,668.731686695056,645.656244661065,0.306941967428836,0.491321442399943,598.142019946235
350,398.769718124363,19950.6792084139,56.9416695576244,25.0271525574498,3.43117922108196,11.3883339115249,17.0825008672873,0.658752660188332,0.033261249805929,0.0203446344730229,0.0129166153329061,19.8054091181777,4501940.26697595,5404490.11641771,2560021.6340926,2844468.48232511,0.2,0.2,0.4,0.5,1239936.64485229,15619.8372724344,2663.2634566343,2185.31150416717,888.253391646248,787.232416910197,1524.62145697176,161.280826560456,650.657324482982,2876.94330222836,610.841935979511,763.552419974389,204.538355701254,3720,23.6112991180989,1888.48184834681,619.968322426147,638.360645224339,0.306496635794278,0.454682446630375,646.341204015962
350,398.769718124363,19607.2567110986,55.9699914000074,24.8126964556471,3.40563542013461,11.1939982800015,16.7909974200022,0.658752660188332,0.0333823657571876,0.0204657504242816,0.0129166153329061,19.7335522886509,4425117.14151613,5312265.47600976,2516336.27810989,2795929.19789987,0.2,0.2,0.5,0.5,1145726.54237981,15267.2900531043,2595.46240963002,2185.31150416717,873.095837858359,773.798498227213,1500.28122429884,159.959379684594,639.902530074534,2658.35380861535,619.966657994361,774.958322492951,219.27215928891,3720,23.2256369954501,1891.98235046121,572.863271189903,631.302941059551,0.306065160360388,0.424130451862174,692.900023352956
350,398.769718124363,20269.0003229453,57.8412903143711,25.2240796355007,3.45464277490388,11.5682580628742,17.3523870943113,0.658752660188332,0.0331524895412527,0.0202358742083466,0.0129166153329061,19.8703828672844,4573066.36744455,5489875.59116993,2600467.38529102,2889408.20587891,0.2,0.3,0.1,0.5,1327214.07544038,15946.8559700444,2726.55934881025,2185.31150416717,902.286896364035,799.670114492337,1547.13521409531,162.493823339512,660.614568256076,3079.447374036,602.144352900857,752.680441126071,190.65636090819,3720,23.9676884301925,1885.12540461807,663.607037720191,644.887040411364,0.306881139165608,0.487788603312239,602.474100469879
350,398.769718124363,19914.2078750272,56.8385314525228,25.0044765187706,3.42847787139447,11.3677062905046,17.0515594357568,0.658752660188332,0.0332739229588732,0.0203573076259671,0.0129166153329061,19.7978657642069,4493785.92952811,5394700.99583206,2555384.68223624,2839316.31359582,0.2,0.3,0.2,0.5,1230040.37647081,15582.6476507188,2656.05593764046,2185.31150416717,886.644503596843,785.806482533052,1522.03902994265,161.14112378299,649.515764278763,2853.98164273119,611.560224308337,764.450280385421,205.858008032763,3720,23.5706742915809,1888.73834611105,615.020188235406,637.616783843282,0.306437520392608,0.451767705753758,650.511305383531
350,398.769718124363,19572.0777657033,55.8703929058675,24.7906095520974,3.4030051575556,11.1740785811735,16.7611178717602,0.658752660188332,0.0333950015036258,0.0204783861707197,0.0129166153329061,19.7260856573643,4417242.65390834,5302812.30961385,2511858.46244867,2790953.84716518,0.2,0.3,0.3,0.5,1136165.39396461,15231.4210764536,2588.56075037108,2185.31150416717,871.542165461502,772.421501514521,1497.78493382991,159.823254969748,638.800147233602,2636.16970589614,620.656689249748,775.820861562185,220.543308082233,3720,23.1863010265825,1892.22828203585,568.082696982303,630.583212997356,0.306007690601249,0.421685884775626,696.916853539857
350,398.769718124363,19241.9641227873,54.935230227794,24.5822605247307,3.37819820740155,10.9870460455588,16.4805690683382,0.658752660188332,0.0335157197758929,0.0205991044429868,0.0129166153329061,19.6550354458494,4343306.52682777,5214053.45357476,2469814.79379857,2744238.65977619,0.2,0.3,0.4,0.5,1045423.09222011,14892.5127822447,2523.90457604674,2185.31150416717,856.954229649414,759.49243533326,1474.33375577262,158.538907119242,628.449515944534,2425.62632183177,629.451340542645,786.814175678306,234.739052013731,3720,22.8139659822761,1895.60188561182,522.711546110054,623.775095854821,0.305591096826046,0.396184610963497,741.775404363389
350,398.769718124363,18923.2603252866,54.0314878995676,24.3792199812718,3.35403166078214,10.8062975799135,16.2094463698703,0.658752660188332,0.0336360738239523,0.0207194584910463,0.0129166153329061,19.5847072888523,4271854.5653728,5128276.78916303,2429183.74223512,2699093.04692791,0.2,0.3,0.5,0.5,957657.629661364,14565.2998026525,2461.92922443494,2185.31150416717,842.856431069606,746.997777435969,1451.64839418914,157.286822041751,618.446653513084,2221.98990159723,637.960522634087,797.450653292609,248.47029795844,3720,22.4531005541216,1898.86536455387,478.828814830682,617.18182978713,0.305187205980251,0.374290209993452,785.16614154867
350,398.769718124363,21427.3915566702,61.1581922887235,25.9372341466078,3.53967216142446,12.2316384577447,18.347457686617,0.658752660188332,0.0327772065667958,0.0198605912338898,0.0129166153329061,20.0978890268113,4835308.31918145,5804691.85976165,2749590.88093973,3055100.97882192,0.3,0.1,0.1,0.5,1639482.30389038,17134.1554426495,2963.86631147826,2185.31150416717,954.028432068307,845.527968532287,1629.9714937017,166.883125315939,697.326928750648,3803.98277031421,573.236114020656,716.54514252582,142.576625637859,3720,25.2524160005773,1874.01663312703,819.741151945189,668.460560234885,0.308393066972602,0.652280832036364,450.542137015635
350,398.769718124363,21027.089601231,60.0248456522919,25.6957837431593,3.51087413524029,12.0049691304584,18.0074536956876,0.658752660188332,0.0329011131743386,0.0199844978414326,0.0129166153329061,20.0221997565155,4745703.30937699,5697122.82038055,2698637.12544342,2998485.69493713,0.3,0.1,0.2,0.5,1530944.4974826,16723.4862933504,2882.02269539538,2185.31150416717,936.348954077194,829.858865237182,1601.6970895942,165.397655564325,684.782744266537,3552.14964925938,583.603307880585,729.504134850732,159.478902442854,3720,24.8100634648743,1877.998611602,765.472248741301,660.341384779953,0.307891240301885,0.583149235262168,503.953331719418
350,398.769718124363,20642.1833622541,58.933903685625,25.4612046168651,3.48290526068631,11.786780737125,17.6801711056875,0.658752660188332,0.0330245465271496,0.0201079311942436,0.0129166153329061,19.9473642930046,4659450.91096951,5593578.52457324,2649589.82742943,2943988.69714381,0.3,0.1,0.3,0.5,1426353.15237547,16328.5829913158,2803.95039205213,2185.31150416717,919.33096163845,814.77603878305,1574.45159868621,163.953871544177,672.707906038389,3309.47324234276,593.600370938227,742.000463672784,175.769602800035,3720,24.3829388670694,1881.83810090661,713.176576187737,652.50713822895,0.307406691043295,0.52910172474931,555.431944848112
350,398.769718124363,20259.098841442,57.8133230462338,25.2179807579547,3.45391599555157,11.5626646092468,17.3439969138701,0.658752660188332,0.0331558233199122,0.0202392079870061,0.0129166153329061,19.8683849238848,4570855.21045595,5487221.14100355,2599210.01415957,2888011.12684397,0.3,0.1,0.4,0.5,1324434.21927892,15936.5160457303,2724.57334503095,2185.31150416717,901.850624983673,799.283453208389,1546.43561667652,162.456262815308,660.305019032782,3072.99745693896,602.58279571167,753.228494639588,191.251822249236,3720,23.9564478583882,1885.30705698659,662.217109639458,644.68124584493,0.306878210806415,0.486269876575628,604.355758307587
350,398.769718124363,19904.6621609005,56.8115350346513,24.9985376648548,3.42777040401206,11.3623070069303,17.0434605103954,0.658752660188332,0.0332772472177075,0.0203606318848014,0.0129166153329061,19.7958880396151,4491651.53020993,5392138.69172861,2554170.95923987,2837967.73248874,0.3,0.1,0.5,0.5,1227354.35551787,15572.6755530767,2654.1549846932,2185.31150416717,886.223376855689,785.433243964061,1521.36303436178,161.104534708387,649.216960686549,2847.74944528604,611.986607823798,764.983259779747,206.435963771848,3720,23.5597906788984,1888.91512594101,613.677177758937,637.417673370633,0.306434811768356,0.450502898335985,652.33764551904
350,398.769718124363,21006.6033173086,59.96680973126,25.6833585623816,3.50939244051421,11.993361946252,17.990042919378,0.658752660188332,0.0329075747605573,0.0199909594276512,0.0129166153329061,20.0182682856929,4741114.85505427,5691614.47185387,2696027.90772025,2995586.56413362,0.3,0.15,0.1,0.5,1525436.5205982,16702.6005911541,2877.86059571657,2185.31150416717,935.443631066921,829.056488913942,1600.24840605663,165.321195843143,684.140387129959,3539.36985339466,584.002726154507,730.003407693133,160.216284306312,3720,24.7875103019713,1878.14200647157,762.718260299102,659.927495126287,0.307858430286407,0.58046534035327,506.283458407947
350,398.769718124363,20622.4775221245,58.8780212756075,25.4491303197513,3.4814659037521,11.7756042551215,17.6634063826823,0.658752660188332,0.0330309833513723,0.0201143680184662,0.0129166153329061,19.9434771039284,4655032.71821492,5588274.57168658,2647077.42869364,2941197.14299294,0.3,0.15,0.2,0.5,1421044.43104547,16308.4940700631,2799.97859356992,2185.31150416717,918.459232013783,814.003436371967,1573.05519821355,163.879541051456,672.089384539191,3297.1557660127,593.98345206143,742.479315076787,176.478322742074,3720,24.3611572655033,1881.97538275591,710.522215522736,652.107686635253,0.307374890824298,0.526976903196893,557.671499864954
350,398.769718124363,20240.2543446279,57.7600923549164,25.2063685584433,3.45253223407676,11.5520184709833,17.3280277064749,0.658752660188332,0.0331621768495892,0.0202455615166831,0.0129166153329061,19.8645783470783,4566646.66872294,5482168.87001553,2596816.83316525,2885352.03685028,0.3,0.15,0.3,0.5,1319328.30647403,15917.2990537686,2720.82479929146,2185.31150416717,901.020260463811,798.547512649827,1545.10400408686,162.384746862218,659.715847467227,3061.15054386741,602.955290859308,753.694113574135,191.934497523227,3720,23.9355301783477,1885.44029151028,659.664153237014,644.297984880203,0.306847883525141,0.484540305156688,606.513012173397
350,398.769718124363,19886.4950453648,56.7601532841417,24.9872304612888,3.42642344912806,11.3520306568283,17.0280459852425,0.658752660188332,0.0332835823307996,0.0203669669978935,0.0129166153329061,19.7921201402273,4487589.17001916,5387261.9087865,2551860.90416203,2835401.00462448,0.3,0.15,0.4,0.5,1222423.99645635,15554.1508557948,2650.56754929261,2185.31150416717,885.421854622262,784.72286636286,1520.0763738243,161.034870358936,648.648253693657,2836.30985799864,612.344189569963,765.430236962454,207.093158407064,3720,23.539546413743,1889.04278543062,611.211998228175,637.047019175103,0.306405337410509,0.449073261112752,654.414380566322
350,398.769718124363,19545.3451466056,55.794700192352,24.7738108113361,3.40100470976226,11.1589400384704,16.7384100577056,0.658752660188332,0.033404632453149,0.020488017120243,0.0129166153329061,19.7203983942123,4411258.21268033,5295628.10645898,2508455.41884899,2787172.68760999,0.3,0.15,0.5,0.5,1128804.77893703,15203.9299860309,2583.30462042275,2185.31150416717,870.361407854193,771.375013684089,1495.88763379112,159.71971837859,637.962359983065,2619.09135581126,621.415160574737,776.768950718421,221.73770113556,3720,23.1561542105257,1892.5228367533,564.402389468516,630.031820346847,0.305976537111222,0.419414468192507,700.69113558837
350,398.769718124363,20602.8129476889,58.8222530540997,25.4370749811195,3.48002883269032,11.7644506108199,17.6466759162299,0.658752660188332,0.0330374183259943,0.0201208029930882,0.0129166153329061,19.9395925458866,4650623.55346837,5582981.45674474,2644570.16372119,2938411.29302355,0.3,0.2,0.1,0.5,1415746.19671193,16288.4470730743,2796.01673587554,2185.31150416717,917.589283656364,813.232412701002,1571.66157494281,163.805325720843,671.472126909039,3284.86262196956,594.365874614621,742.957343268277,177.18572494659,3720,24.3394165559916,1882.11243581958,707.873098355963,651.708999691865,0.307343155603703,0.524872983012787,559.906890831225
350,398.769718124363,20221.4477624423,57.7069651274929,25.1947735929978,3.45115055100429,11.5413930254986,17.3120895382479,0.658752660188332,0.0331685288769817,0.0202519135440756,0.0129166153329061,19.8607741281373,4562446.30708499,5477126.41906961,2594428.30376982,2882698.1152998,0.3,0.2,0.2,0.5,1314232.16033851,15898.1206176461,2717.08521437294,2185.31150416717,900.191509914094,797.813002554733,1543.77490898841,162.313335601993,659.127821067795,3049.32629175532,603.327144796129,754.158930995162,192.615935293361,3720,23.9146501472956,1885.57330352079,657.116080169255,643.915427975528,0.30681761465372,0.482826095662115,608.666355527021
350,398.769718124363,19868.3639181413,56.7088701134139,24.9759398471319,3.42507849457239,11.3417740226828,17.0126610340242,0.658752660188332,0.0332899159245004,0.0203733005915943,0.0129166153329061,19.7883545780754,4483534.60377424,5382394.48232202,2549555.2810999,2832839.20122212,0.3,0.2,0.3,0.5,1217502.91206706,15535.6627447946,2646.98857039339,2185.31150416717,884.621870169976,784.013851697383,1518.7921145032,160.965306833776,648.080637808225,2824.89179012215,612.701173346648,765.876466683311,207.749186311023,3720,23.5193380110703,1889.17023801833,608.75145603353,636.677035753043,0.306375919318565,0.447655182922205,656.487428742832
350,398.769718124363,19527.8548856432,55.7451732572308,24.7628129627783,3.39969508053928,11.1490346514462,16.7235519771692,0.658752660188332,0.0334109472993739,0.0204943319664678,0.0129166153329061,19.7166711343344,4407342.49848976,5290927.36913536,2506228.75380096,2784698.6153344,0.3,0.2,0.4,0.5,1124049.89114616,15186.0967409452,2579.87717777736,2185.31150416717,869.588819546878,770.690280233898,1494.64611950041,159.651933068274,637.414182584269,2608.05890295199,621.758144697916,777.197680872395,222.369682455275,3720,23.1365852763701,1892.64505383313,562.024945573078,629.673811131642,0.305947936398505,0.418222479670559,702.68819655867
350,398.769718124363,19199.2801213648,54.8142421299015,24.555175898961,3.37497402534183,10.9628484259803,16.4442726389704,0.658752660188332,0.033531617798869,0.0206150024659629,0.0129166153329061,19.6457165932075,4333740.92761091,5202570.14118957,2464375.33003716,2738194.81115241,0.3,0.2,0.5,0.5,1033708.44541699,14848.7646378652,2515.58332515499,2185.31150416717,855.066893202542,757.819718220424,1471.29803327828,158.371911412699,627.110387233547,2398.44559868909,630.515483499647,788.144354374559,236.503981061043,3720,22.7657938976114,1896.00436170032,516.854222708495,622.894607226476,0.30553311567538,0.393228053002609,747.352580152897
350,398.769718124363,19832.2092158767,56.6065984560916,24.9534082445066,3.42239456918968,11.3213196912183,16.9819795368275,0.658752660188332,0.0333025785512875,0.0203859632183814,0.0129166153329061,19.780830459534,4475448.76969444,5372687.5986728,2544957.28358185,2827730.31509095,0.3,0.3,0.1,0.5,1207688.46240249,15498.7958611801,2639.85587504402,2185.31150416717,883.026498148193,782.599896584261,1516.23077433775,160.826481399854,646.948667680369,2802.11996920309,613.413354696566,766.766693370707,209.057755623951,3720,23.4790284089704,1889.42452513119,603.844231201243,635.939074066919,0.306317251384215,0.444853144636674,660.622507771686
350,398.769718124363,19492.9765125286,55.6464002650947,24.7408650397686,3.39708158162978,11.1292800530189,16.6939200795284,0.658752660188332,0.0334235723934687,0.0205069570605627,0.0129166153329061,19.7092235513717,4399533.27698217,5281552.55339997,2501788.05161051,2779764.50178946,0.3,0.3,0.2,0.5,1114566.45570795,15150.5340666093,2573.04614756575,2185.31150416717,868.048024449903,769.32469666952,1492.16994023791,159.516652943472,636.320936620877,2586.05511253309,622.442445919339,778.053057399174,223.630355731671,3720,23.0975495753779,1892.88891296298,557.283227853977,628.959703978216,0.305890897054905,0.415864830584934,706.671924112082
350,398.769718124363,19165.6134373713,54.7188024057318,24.5337894843632,3.37242826830576,10.9437604811464,16.4156407217195,0.658752660188332,0.0335442049000605,0.0206275895671544,0.0129166153329061,19.6383447498899,4326195.2419883,5193511.69506398,2460084.48713557,2733427.20792841,0.3,0.3,0.3,0.5,1024539.46945832,14814.4399282184,2509.03709583732,2185.31150416717,853.578094940213,756.500219426906,1468.90307156409,158.240043446885,626.054034773839,2377.17142788196,631.173509152965,788.966886441206,237.719292437923,3720,22.7279716994897,1896.23839054917,512.269734729158,622.203228523764,0.305477640831994,0.391217721734913,751.192964103838
350,398.769718124363,18837.794378892,53.7521779484839,24.3161254609636,3.34652366174333,10.7504355896968,16.1256533845452,0.658752660188332,0.033674032538114,0.0207574172052079,0.0129166153329061,19.562630624732,4249771.67378357,5101766.71522637,2416626.33879144,2685140.37643493,0.3,0.3,0.4,0.5,936809.926087207,14478.9392601357,2442.98654510238,2185.31150416717,838.499375625006,743.136188902569,1444.63280586449,156.897645355643,615.355176076248,2173.61834857191,638.855118756341,798.568898445426,251.021913526849,3720,22.3568616165974,1899.20639421718,468.404963043603,615.413822188974,0.305014118841857,0.370485583084573,793.229246744843
350,398.769718124363,18534.3723944932,52.8957263430531,24.1216290862285,3.32338459208293,10.5791452686106,15.8687179029159,0.658752660188332,0.0337927536483618,0.0208761383154557,0.0129166153329061,19.4939029545545,4182058.62639385,5020478.54308986,2378121.41514783,2642357.12794203,0.3,0.3,0.5,0.5,852702.783554513,14167.2406429716,2384.85438311423,2185.31150416717,825.139281879688,731.295355710661,1423.10746657887,155.697681724834,605.875740045924,1978.47008726068,647.131751521598,808.914689401998,264.245436667985,3720,22.0115591166364,1902.37743458041,426.351391777256,609.112567567409,0.304634435445707,0.351945529022896,835.015579870832
350,398.769718124363,20934.736290909,59.763190920233,25.6397172395205,3.50418845234467,11.9526381840466,17.9289572760699,0.658752660188332,0.0329303371170018,0.0200137217840957,0.0129166153329061,20.0044311070299,4725016.28029175,5672288.4517308,2686873.47713564,2985414.97459516,0.4,0.1,0.1,0.5,1506008.79546112,16629.0807614195,2863.25675457637,2185.31150416717,932.267308684686,826.241354823957,1595.16506736876,165.052631243579,681.886679528196,3494.29298277976,585.655529489504,732.06941186188,163.048752305222,3720,24.7080955332583,1878.76072815226,753.004397730558,658.470381341329,0.307756736429315,0.57038154959878,515.2340572845
350,398.769718124363,20553.3421201906,58.681942836026,25.4067190167539,3.47641032839087,11.7363885672052,17.6045828508078,0.658752660188332,0.0330536585701513,0.0201370432372452,0.0129166153329061,19.9297956318582,4639530.3026817,5569664.2289096,2638262.00316771,2931402.2257419,0.4,0.1,0.2,0.5,1402315.99178378,16237.7676038854,2786.04078635009,2185.31150416717,915.400534572347,811.292553585159,1568.15494733966,163.618440834495,669.919135790572,3253.70140234113,595.57451630515,744.468145381438,179.206004409698,3720,24.284447796009,1882.57060688028,701.157995891891,650.701199774944,0.307276487659106,0.518955825762316,566.290973934645
350,398.769718124363,20174.1282850046,57.5732753521968,25.1655722937939,3.4476709658911,11.5146550704394,17.271982605659,0.658752660188332,0.033184561307552,0.020267945974646,0.0129166153329061,19.8511788082133,4551876.48383667,5464437.55562625,2588417.78950717,2876019.76611908,0.4,0.1,0.3,0.5,1301310.76747529,15849.6237603909,2707.66657859083,2185.31150416717,898.106035475818,795.964675648434,1540.43005032651,162.133483761117,657.648106785293,3019.3456352374,604.504524613698,755.630655767122,194.566473127914,3720,23.8618437119006,1886.01915705855,650.655383737645,642.948154618454,0.306754368360822,0.477985741864473,614.830055084208
350,398.769718124363,19822.741092661,56.5798139281509,24.9475039474826,3.42169127552486,11.3159627856302,16.9739441784453,0.658752660188332,0.0333059018700239,0.0203892865371178,0.0129166153329061,19.778856695102,4473331.12288491,5370145.40562414,2543753.08687459,2826392.31874955,0.4,0.1,0.4,0.5,1205022.90117963,15488.9040686557,2637.97356164962,2185.31150416717,882.608676753565,782.22958754931,1515.55992551124,160.790101957392,646.652209342727,2795.93524312164,613.837024005288,767.29628000661,209.631811141717,3720,23.4682224760271,1889.60020223697,602.511450589816,635.741419908241,0.306314585649095,0.443634959281678,662.436523207825
350,398.769718124363,19483.8419132985,55.6205301403524,24.7351133319392,3.39639669949984,11.1241060280705,16.6861590421057,0.658752660188332,0.0334268859868579,0.0205102706539518,0.0129166153329061,19.7072697841889,4397487.92500718,5279097.14886816,2500624.96525334,2778472.18361482,0.4,0.1,0.5,0.5,1111988.96204028,15140.9871205429,2571.24302878654,2185.31150416717,867.644467156568,768.967029912308,1491.52134960687,159.481200344436,636.034599143037,2580.07472379748,622.854792755586,778.568490944482,224.187954865083,3720,23.0870797972352,1893.06000721615,555.994481020142,628.768346271615,0.305888439173053,0.414830493707691,708.433937373663
350,398.769718124363,20533.8170380333,58.6265604128073,25.3947271011303,3.47498090844359,11.7253120825615,17.5879681238422,0.658752660188332,0.0330600886624526,0.0201434733295465,0.0129166153329061,19.9259193438431,4635151.64004136,5564407.73114208,2635772.08317257,2928635.64796952,0.4,0.15,0.1,0.5,1397053.31800192,16217.8627660285,2782.11273966289,2185.31150416717,914.5366044199,810.526863861886,1566.77069890673,163.544610534677,669.306148279338,3241.49076710313,595.954272004768,744.94284000596,179.908524478691,3720,24.2628452250964,1882.70668276205,698.526659000962,650.305097817566,0.307244947459194,0.51692936879717,568.510937352664
350,398.769718124363,20155.449736641,57.5204972158962,25.1540348527798,3.44629622426792,11.5040994431792,17.2561491647689,0.658752660188332,0.033190909646369,0.0202742943134629,0.0129166153329061,19.8473819249602,4547703.72215136,5459428.23787679,2586044.95478374,2873383.28309305,0.4,0.15,0.2,0.5,1296247.71686692,15830.5759518729,2703.95744708707,2185.31150416717,897.282730522909,795.234991994179,1539.10944121208,162.062421721196,657.06394422002,3007.59817249642,604.873784768093,756.092230960116,195.243316692395,3720,23.8410907227032,1886.15121975708,648.123858433462,642.567975382629,0.306724272743798,0.476328724462929,616.968880747967
350,398.769718124363,19804.7314315612,56.5288632153534,24.9362686737388,3.42035299788724,11.3057726430707,16.958658964606,0.658752660188332,0.0333122317121237,0.0203956163792176,0.0129166153329061,19.7750984047276,4469302.8415339,5365309.53365415,2541462.41067828,2823847.12297587,0.4,0.15,0.3,0.5,1200133.23121166,15470.5398587342,2634.42331234409,2185.31150416717,881.813878430989,781.525169354031,1514.28375636248,160.720874550409,646.088273190818,2784.59006405715,614.191572826997,767.739466033746,210.283497126165,3720,23.4481350233701,1889.72676395556,600.06661560583,635.373700658052,0.306285334133689,0.44226009777744,664.495850918683
350,398.769718124363,19466.4669508545,55.5713199293822,24.7241687266368,3.39509349323999,11.1142639858765,16.6713959788147,0.658752660188332,0.0334331970332008,0.0205165817002947,0.0129166153329061,19.70354972437,4393597.25176148,5274426.47270286,2498412.53970136,2776013.93300151,0.4,0.15,0.4,0.5,1107263.91114995,15123.2714619254,2567.84270460157,2185.31150416717,866.876819542133,768.286675397327,1490.28755056631,159.413738561358,635.489927332076,2569.11149953271,623.19548892906,778.994361161325,224.815829813258,3720,23.0676260658778,1893.18138755398,553.631955574977,628.412494097501,0.305859998607726,0.41367193794694,710.418022209897
350,398.769718124363,19140.0231117994,54.6462515580586,24.5175195959674,3.37049162465753,10.9292503116117,16.3938754674176,0.658752660188332,0.0335538006787441,0.020637185345838,0.0129166153329061,19.6327285393229,4320459.20395006,5186625.69501808,2456822.69764014,2729802.99737794,0.4,0.15,0.5,0.5,1017477.01450147,14788.1203832573,2504.0499817299,2185.31150416717,852.446348417619,755.497170100822,1467.08231969597,158.139720434817,625.25102253695,2360.78487896453,631.902728542146,789.878410677683,238.86655223585,3720,22.6989721742057,1896.52161635271,508.738507250736,621.673326530613,0.30544771992381,0.389338729635845,754.818305065285
350,398.769718124363,20136.8086267594,57.4678213376119,25.1425144866963,3.4449235417746,11.4935642675224,17.2403464012836,0.658752660188332,0.0331972564787098,0.0202806411458038,0.0129166153329061,19.8435873943621,4543539.04522164,5454428.62571626,2583676.71744454,2870751.90827171,0.4,0.2,0.1,0.5,1291194.31156936,15811.5662131344,2700.25715184382,2185.31150416717,896.461020729229,794.506722130922,1537.79132088228,161.991463419149,656.480913473891,2995.87308913458,605.242413625029,756.553017031286,195.918939482395,3720,23.8203749416655,1886.28306344133,645.597155784678,642.188491993992,0.30669423496484,0.474686113786139,619.103848764369
350,398.769718124363,19786.7573114844,56.4780099413134,24.9250498365489,3.41901670206998,11.2956019882627,16.943402982394,0.658752660188332,0.0333185600316741,0.020401944698768,0.0129166153329061,19.7713424458348,4465282.26391672,5360482.90986401,2539176.11519874,2821306.79466527,0.4,0.2,0.2,0.5,1195252.72200083,15452.2117786713,2630.8814030994,2185.31150416717,881.020600090305,780.822098318691,1513.00996122996,160.651747049698,645.525415517205,2773.2661400939,614.545532813053,768.181916016317,210.934031972927,3720,23.4280830171635,1889.85312199355,597.626361000416,635.006644426503,0.306256138334285,0.440896137669887,666.55154103445
350,398.769718124363,19449.1257470428,55.5222025976628,24.7132399449018,3.39379219458192,11.1044405195326,16.6566607792989,0.658752660188332,0.0334395065450888,0.0205228912121827,0.0129166153329061,19.6998319727024,4389713.92176446,5269764.61196213,2496204.2898768,2773560.32208533,0.4,0.2,0.3,0.5,1102547.56619223,15105.5901115596,2564.45025660013,2185.31150416717,866.110620784223,767.607605002662,1489.05601681163,159.3463730025,634.946283533569,2558.16847506977,623.535635483241,779.419544354052,225.442618590903,3720,23.0482061185306,1893.30257837272,551.273783096117,628.05727394789,0.305831611716666,0.412521822986635,712.398674747254
350,398.769718124363,19123.2828227377,54.5987881938244,24.5068698558602,3.36922398959553,10.9197576387649,16.3796364581473,0.658752660188332,0.0335600911646017,0.0206434758316956,0.0129166153329061,19.6290485909993,4316706.64045286,5182120.81687017,2454688.80799113,2727432.00887904,0.4,0.2,0.4,0.5,1012916.63884303,14771.0529681447,2500.79865203588,2185.31150416717,851.705950487817,754.840966965061,1465.89109248548,158.074050665876,624.725685294088,2350.20373979047,632.229854593044,790.287318241305,239.470848697569,3720,22.6801543628913,1896.63793537945,506.458319421514,621.329384530775,0.305420110100222,0.388356246724006,756.727881884317
350,398.769718124363,18797.1849488874,53.6376188326688,24.290199817197,3.34343885150283,10.7275237665338,16.0912856498006,0.658752660188332,0.0336897078493521,0.020773092516446,0.0129166153329061,19.5535284287424,4240714.36477869,5090893.5951725,2411475.91350276,2679417.68166974,0.4,0.2,0.5,0.5,925589.964570488,14437.2952210358,2435.18892518737,2185.31150416717,836.712327160195,741.552356631164,1441.75474290175,156.737719131905,614.087205062856,2147.58541110627,639.889727851612,799.862159814515,252.719854308525,3720,22.3107989041965,1899.5972263633,462.794982285244,614.572908544093,0.304959525623027,0.36799641347713,798.594739614939
350,398.769718124363,19414.5442330776,55.4242455864084,24.6914297166141,3.39119530366884,11.0848491172817,16.6272736759225,0.658752660188332,0.0334521209641258,0.0205355056312198,0.0129166153329061,19.6924033873601,4381969.21359511,5260467.24321142,2491800.27310014,2768666.97011127,0.4,0.3,0.1,0.5,1093140.89702201,15070.3299464153,2557.68889060387,2185.31150416717,864.582554463753,766.253302947876,1486.59972161,159.211929742399,633.862069065383,2536.34280036462,624.214286662263,780.267858327828,226.692950171746,3720,23.0094672181217,1893.54439382208,546.570448511007,627.348723049105,0.305774998435301,0.410246546835893,716.349722542717
350,398.769718124363,19089.8981367125,54.5041262279636,24.4856159511579,3.36669421286786,10.9008252455927,16.3512378683891,0.658752660188332,0.0335726675083032,0.0206560521753971,0.0129166153329061,19.6216955362695,4309222.44620336,5173136.18992,2450432.93206737,2722703.25785263,0.4,0.3,0.2,0.5,1003820.63298988,14737.0155638276,2494.31822749298,2185.31150416717,850.229284754462,753.532221217415,1463.51510255884,157.942988407324,623.677941271901,2329.09887671146,632.882572884952,791.10321610619,240.676376679516,3720,22.6426150474765,1896.87004629118,501.910316494938,620.643302502902,0.305365045085208,0.386411002538229,760.53735030727
350,398.769718124363,18765.1524872726,53.5472403514159,24.2697269013389,3.3410029430035,10.7094480702832,16.0641721054248,0.658752660188332,0.0337021185977331,0.0207855032648271,0.0129166153329061,19.5463278748488,4233568.83274246,5082315.52550115,2407412.61734265,2674902.9081585,0.4,0.3,0.3,0.5,916809.511614935,14404.6240272434,2429.05411082941,2185.31150416717,835.302481029436,740.302832792083,1439.48391506428,156.61142357154,613.086871796945,2127.21270462495,640.528460029216,800.66057503652,253.886288330057,3720,22.2746358746262,1899.82392176395,458.404755807467,613.912655648028,0.3049069367046,0.366305721398779,802.280671122981
350,398.769718124363,18464.1091902565,52.6972365413012,24.0763286643606,3.31799638968201,10.5394473082602,15.8091709623904,0.658752660188332,0.0338207817092592,0.0209041663763531,0.0129166153329061,19.4777479081149,4166365.56298294,5001639.33131206,2369197.57798992,2632441.75332213,0.4,0.3,0.4,0.5,833331.755786202,14095.3625177788,2371.46601430791,2185.31150416717,822.042968740593,728.551144767863,1418.11588594037,155.418135517501,603.678801694186,1933.52476781498,648.7466724777,810.933340597125,267.014632184364,3720,21.9317314075968,1902.97282786174,416.665877893101,607.656329466436,0.304530018157399,0.348295519384821,843.76623770259
350,398.769718124363,18172.8396520796,51.8737927288644,23.8874804032888,3.29553884710147,10.3747585457729,15.5621378186593,0.658752660188332,0.0339391935455227,0.0210225782126166,0.0129166153329061,19.4097911992147,4101262.18815039,4923484.01938822,2332176.64076284,2591307.37862538,0.4,0.3,0.5,0.5,752448.197435857,13796.1340559936,2316.10886704141,2185.31150416717,809.197775318807,717.166666632468,1397.39625141322,154.252514269638,594.56470476791,1745.85597649206,656.705596085957,820.881995107446,279.732670636458,3720,21.5987165643305,1906.02181253619,376.224098717929,601.585319082251,0.304163457631495,0.33246027283264,883.955239211208
