W_S,W_S_max,WTO,S,b,c_root,S_vert,S_orizz,CL_crociera,CD,Cd0,Cdi,E_crociera,P_curr,P_tot,P_ice,P_em,phi_ice_cl,phi_ice_cr,phi_ice_de,Hp,E_batt_inst,OEW,W_wing,W_fus,W_tail,W_LG,W_propuls,W_fuelsys,W_hydr,W_battery,Wbatt/MTOW,W_fuel,V_fuel,W_block_fuel,W_payload,ADP,flight_cost,electricity_cost,maintenance_cost,DOC,PREE,CO2
290,398.7697181,33530.46788,115.5504225,35.65185336,4.704076693,23.1100845,34.66512676,0.545823633,0.024690015,0.015822363,0.008867652,22.10705959,5478523.678,6576859.157,3288429.578,3461504.819,0.1,0.1,0.1,0.5,4819798.959,29023.4922,5130.91385,2185.311504,1802.512211,1323.669204,1895.002846,226.1996359,1299.354718,11183.06197,0.333519413,786.9756793,983.7195991,193.8983369,3720,36.98007791,1713.945129,2409.899479,725.2013952,0.27392473,0.888279924,612.7187445
300,398.7697181,32884.39696,109.5560105,34.71478238,4.59140908,21.91120211,32.86680316,0.564645137,0.025637807,0.016148048,0.009489758,22.02392538,5692888.595,6834199.994,3417099.997,3596947.365,0.1,0.1,0.1,0.5,4701509.866,28372.2486,4882.648132,2185.311504,1709.003243,1298.276352,1964.41984,220.5125007,1233.006959,10908.60358,0.331725821,792.1483621,990.1854526,201.485235,3720,36.42142669,1711.902023,2350.754933,717.4177442,0.272821151,0.854831869,636.6933425
310,398.7697181,32324.9246,104.1976868,33.85519982,4.488107002,20.83953736,31.25930604,0.583466642,0.026609646,0.016476693,0.010132953,21.92688496,5917688.421,7104067.732,3552033.866,3738983.017,0.1,0.1,0.1,0.5,4597681.475,27806.01832,4661.392489,2185.311504,1625.416842,1275.937019,2037.061705,215.2897075,1173.699595,10667.6974,0.330014611,798.9062719,998.6328399,209.44145,3720,35.94264714,1710.504757,2298.840738,710.8172466,0.271922974,0.822358707,661.834982
290,398.7697181,32911.77502,113.4270627,35.32276447,4.664503045,22.68541254,34.0281188,0.545823633,0.024762257,0.015894605,0.008867652,22.04256376,5377850.076,6456002.493,3228001.246,3397896.049,0.1,0.1,0.2,0.5,4644076.617,28394.17103,5027.40932,2185.311504,1769.389165,1299.344693,1862.350574,224.2031357,1275.852802,10775.34499,0.327400907,797.6039881,997.0049852,213.7135024,3720,36.36784259,1715.439897,2322.038309,715.9121884,0.273049387,0.805920066,675.3346677
290,398.7697181,32841.87651,113.1871043,35.28538149,4.660008068,22.63742086,33.95613128,0.545823633,0.024770572,0.015902921,0.008867652,22.03516433,5366473.071,6442344.623,3221172.311,3390707.696,0.1,0.12,0.1,0.5,4624351.617,28323.38588,5015.740431,2185.311504,1765.645968,1296.59581,1858.658458,223.9762908,1273.196878,10729.57838,0.326704181,798.4906344,998.113293,215.6475264,3720,36.29882443,1715.524345,2312.175809,714.8649905,0.272941267,0.798692213,681.4461834
290,398.7697181,32760.79594,112.9087419,35.24196591,4.654787828,22.58174839,33.87262258,0.545823633,0.024780258,0.015912606,0.008867652,22.02655194,5353275.242,6426500.891,3213250.445,3382368.89,0.2,0.1,0.1,0.5,4601493.694,28241.33198,5002.210646,2185.311504,1761.303695,1293.406985,1854.374896,223.7128261,1270.115889,10676.54264,0.325893872,799.4639593,999.3299491,217.8374941,3720,36.21878017,1715.607435,2300.746847,713.6505026,0.272814207,0.790662786,688.3664813
320,398.7697181,31874.95473,99.55524757,33.09241187,4.39647984,19.91104951,29.86657427,0.602288146,0.027598221,0.016800985,0.010797236,21.82344069,6163410.56,7399052.293,3699526.147,3894238.049,0.1,0.1,0.1,0.5,4512555.91,27346.56146,4471.596168,2185.311504,1552.997778,1258.413682,2116.292231,210.6501503,1122.315833,10470.18616,0.328476895,808.3932706,1010.491588,218.1381568,3720,35.5674891,1710.006451,2256.277955,705.770174,0.271300208,0.789573005,689.3165755
300,398.7697181,32239.24795,107.3860795,34.36927224,4.549880855,21.47721589,32.21582384,0.564645137,0.025719257,0.016229499,0.009489758,21.95417758,5580131.88,6698837.791,3349418.896,3525704.101,0.1,0.1,0.2,0.5,4518438.697,27716.73322,4776.63424,2185.311504,1675.153715,1272.561193,1927.924586,218.4138852,1208.98958,10483.8356,0.325188591,802.5147307,1003.143413,221.7520963,3720,35.77941058,1713.340271,2259.219348,707.671888,0.271888177,0.776705171,700.7366244
300,398.7697181,32168.1097,107.150308,34.33152178,4.545343948,21.4300616,32.14509239,0.564645137,0.025728284,0.016238526,0.009489758,21.94647492,5567880.423,6684130.16,3342065.08,3517963.242,0.1,0.12,0.1,0.5,4498183.433,27644.68828,4765.142797,2185.311504,1671.475832,1269.767143,1923.956799,218.1845343,1206.379998,10436.83865,0.32444675,803.4214202,1004.276775,223.7409234,3720,35.70872755,1713.430522,2249.091716,706.5993329,0.271777861,0.76980106,707.0213181
300,398.7697181,32085.56783,106.8767213,34.28766446,4.540073226,21.37534426,32.06301639,0.564645137,0.025738803,0.016249045,0.009489758,21.93750568,5553663.964,6667063.582,3333531.791,3508980.833,0.2,0.1,0.1,0.5,4474705.468,27561.15295,4751.81508,2185.311504,1667.208055,1266.524957,1919.352018,217.9180675,1203.351867,10382.36428,0.323583623,804.4148778,1005.518597,225.9917875,3720,35.6267299,1713.519448,2237.352734,705.355096,0.271648115,0.76213389,714.1340484
330,398.7697181,31476.76863,95.31086832,32.37930746,4.310859675,19.06217366,28.59326049,0.621109651,0.028613423,0.017130815,0.011482607,21.70693302,6416431.93,7702799.436,3851399.718,4054104.966,0.1,0.1,0.1,0.5,4435805.617,26937.99591,4298.183287,2185.311504,1486.788194,1242.411628,2197.697303,206.3085307,1075.337905,10292.10751,0.326974717,818.7727209,1023.465901,227.0932012,3720,35.24075511,1709.906912,2217.902808,701.4290452,0.270801506,0.758437501,717.6145158
290,398.7697181,32855.13323,113.2325935,35.29247127,4.660860546,22.6465187,33.96977805,0.545823633,0.024768994,0.015901342,0.008867652,22.03656881,5368629.824,6444933.762,3866960.257,2713656.321,0.1,0.1,0.1,0.4,4570754.272,28323.71145,5017.690343,2185.311504,1766.35557,1297.116919,1979.562053,224.0193134,1273.700365,10605.21999,0.322787307,811.4217829,1014.277229,228.0107099,3720,36.55133317,1719.008961,2285.377136,714.1088193,0.273247681,0.75538557,720.5138432
280,398.7697181,32955.61096,117.6330805,35.97170951,4.74254611,23.52661609,35.28992414,0.527002128,0.023911706,0.015645072,0.008266634,22.03950386,5073766.752,6090956.485,3045478.242,3205766.571,0.2,0.1,0.2,0.5,4581109.599,28429.35316,5184.819652,2185.311504,1835.000334,1301.059659,1763.515354,228.1393465,1322.406135,10629.24677,0.322532232,806.2577975,1007.822247,228.5199877,3720,36.32903069,1719.792044,2290.554799,714.6092267,0.273391821,0.753702124,722.123161
280,398.7697181,32889.82804,117.3992035,35.93593242,4.738242874,23.4798407,35.21976105,0.527002128,0.023919286,0.015652652,0.008266634,22.03251966,5063679.138,6078846.504,3039423.252,3199392.897,0.2,0.12,0.1,0.5,4562704.794,28362.74363,5173.513978,2185.311504,1831.352005,1298.47283,1760.231041,227.9224205,1319.817522,10586.54331,0.32187895,807.0844101,1008.855513,230.3171539,3720,36.26423655,1719.865282,2281.352397,713.6264854,0.273289681,0.747820981,727.8022064
310,398.7697181,31683.09608,102.1386137,33.51902073,4.447719588,20.42772274,30.64158411,0.583466642,0.02669436,0.016561407,0.010132953,21.85730016,5800747.697,6963682.709,3481841.355,3665096.163,0.1,0.1,0.2,0.5,4412440.057,27152.95554,4560.49989,2185.311504,1593.296627,1250.722247,1999.292709,213.2455155,1150.909222,10237.89395,0.323134264,810.140539,1012.675674,230.5192762,3720,35.29984293,1712.177217,2206.220029,701.0622159,0.271015273,0.747165282,728.4409127
280,398.7697181,32813.53381,117.1279406,35.89439158,4.73324647,23.42558812,35.13838218,0.527002128,0.023928111,0.015661477,0.008266634,22.02439365,5051978.988,6064800.705,3032400.353,3192000.371,0.3,0.1,0.1,0.5,4541379.977,28285.5416,5160.40708,2185.311504,1827.120478,1295.472488,1756.42126,227.6705355,1316.815112,10537.06474,0.321119475,807.992206,1009.990257,232.3521884,3720,36.1891045,1719.936518,2270.689988,712.4869544,0.273169708,0.741271262,734.2329153
310,398.7697181,31610.1197,101.9044163,33.48057018,4.443100776,20.38088326,30.57132489,0.583466642,0.026704189,0.016571236,0.010132953,21.84925513,5787446.948,6947715.424,3473857.712,3656692.328,0.1,0.12,0.1,0.5,4391526.591,27079.06416,4549.054538,2185.311504,1589.643298,1247.854339,1994.994266,213.0116533,1148.317063,10189.36981,0.322345183,811.0555345,1013.819418,232.5640326,3720,35.22693316,1712.269884,2195.763295,699.9557471,0.270901419,0.740596033,734.9023432
290,398.7697181,32299.84314,111.2957799,34.98933522,4.624414068,22.25915599,33.38873398,0.545823633,0.024837226,0.015969574,0.008867652,21.97603078,5276800.831,6334694.875,3167347.438,3334049.934,0.1,0.1,0.3,0.5,4471902.399,27772.57021,4923.887193,2185.311504,1736.142526,1274.929446,1829.542319,222.1794686,1252.263193,10375.8605,0.321235631,807.2729271,1009.091159,232.6368233,3720,35.76048942,1716.722332,2235.9512,706.6951527,0.272158304,0.740364305,735.1323615
290,398.7697181,32232.69517,111.0655855,34.95313205,4.620061685,22.21311709,33.31967564,0.545823633,0.024845476,0.015977824,0.008867652,21.96873351,5265886.757,6321592.745,3160796.373,3327154.076,0.1,0.12,0.2,0.5,4452924.018,27704.56719,4912.730806,2185.311504,1732.55164,1272.292418,1825.996701,221.9596914,1249.715339,10331.82621,0.3205387,808.1279892,1010.159987,234.4970744,3720,35.69394011,1716.802959,2226.462009,705.6856477,0.272053987,0.73449104,741.010755
310,398.7697181,31525.42736,101.6325999,33.4358879,4.437733519,20.32651999,30.48977998,0.583466642,0.026715648,0.016582695,0.010132953,21.83988372,5772009.71,6929183.325,3464591.662,3646938.592,0.2,0.1,0.1,0.5,4367281.324,26993.37207,4535.777857,2185.311504,1585.403138,1244.525763,1990.004686,212.739874,1145.308526,10133.11511,0.321426733,812.0552889,1015.069111,234.8767949,3720,35.14233461,1712.360662,2183.640662,698.6719009,0.270767433,0.733303603,742.2106718
300,398.7697181,32181.40425,107.1943427,34.33857554,4.546191672,21.43886854,32.15830281,0.564645137,0.025726595,0.016236837,0.009489758,21.94791542,5570168.612,6686877.085,4012126.251,2815527.194,0.1,0.1,0.1,0.4,4442473.436,27644.57644,4767.024578,2185.311504,1672.162745,1270.288984,2049.432899,218.2273899,1206.867386,10307.57842,0.320296104,816.8278113,1021.034764,236.57025,3720,35.96971931,1717.043815,2221.236718,705.8019584,0.272094098,0.728054352,747.5619899
290,398.7697181,32154.79514,110.798512,34.91108179,4.615006461,22.15970239,33.23955359,0.545823633,0.024855086,0.015987434,0.008867652,21.96023947,5253224.159,6306391.548,3153195.774,3319153.446,0.2,0.1,0.2,0.5,4430929.183,27625.7294,4899.793298,2185.311504,1728.385465,1269.232917,1821.882534,221.7044059,1246.759298,10280.79305,0.319728146,809.0657408,1011.332176,236.602662,3720,35.6167509,1716.88189,2215.464592,704.5147512,0.271931356,0.727954616,747.6644121
280,398.7697181,32649.40596,116.5443312,35.80485502,4.722477624,23.30886623,34.96329935,0.527002128,0.023947221,0.015680587,0.008266634,22.00681781,5026806.663,6034581.828,3017290.914,3176095.699,0.1,0.15,0.1,0.5,4494890.486,28118.02066,5132.197179,2185.311504,1818.016546,1289.017396,1748.223016,227.1275823,1310.355566,10429.19824,0.319429954,811.3852956,1014.23162,238.1292908,3720,36.02600716,1720.473997,2247.445243,710.0138665,0.272952332,0.723287754,752.488559
290,398.7697181,32088.24384,110.5703304,34.87511482,4.61068265,22.11406607,33.17109911,0.545823633,0.024863329,0.015995677,0.008867652,21.95295867,5242405.52,6293403.986,3146701.993,3312317.887,0.2,0.12,0.1,0.5,4412117.833,27558.33093,4888.743257,2185.311504,1724.825979,1266.618949,1818.367045,221.4860412,1244.233723,10237.14631,0.319031056,809.912909,1012.391136,238.446372,3720,35.55073392,1716.961525,2206.058917,703.513369,0.27182784,0.722325941,753.4905354
320,398.7697181,31201.07841,97.43123105,32.73749443,4.353861158,19.48624621,29.22936931,0.602288146,0.027693392,0.016896156,0.010797236,21.74844223,6031913.867,7241193.117,3620596.559,3811154.272,0.1,0.1,0.2,0.5,4318675.97,26661.80762,4367.225037,2185.311504,1519.864488,1231.56462,2073.914355,208.4898137,1098.806649,10020.33931,0.321153621,819.2707854,1024.088482,239.7057226,3720,34.88952545,1711.598622,2159.337985,695.4769515,0.270323049,0.718531031,757.4700836
290,398.7697181,32011.03529,110.3055902,34.8333388,4.605660596,22.06111803,33.09167705,0.545823633,0.024872931,0.016005279,0.008867652,21.94448385,5229853.55,6278335.594,3139167.797,3304387.155,0.3,0.1,0.1,0.5,4390316.462,27480.19351,4875.928947,2185.311504,1720.696202,1263.586179,1814.287806,221.2323957,1241.303507,10186.56203,0.318220324,810.8417838,1013.55223,240.5330506,3720,35.47416179,1717.03938,2195.158231,702.3518886,0.271706145,0.7160596,760.0844398
300,398.7697181,31634.787,105.382214,34.04709025,4.511163566,21.07644281,31.61466421,0.564645137,0.025797124,0.016307366,0.009489758,21.88791002,5476004.48,6573834.91,3286917.455,3459913.111,0.1,0.1,0.3,0.5,4345100.292,27101.72636,4679.05656,2185.311504,1643.894704,1248.814052,1894.186183,216.4561277,1186.81026,10081.64993,0.318688725,813.0606454,1016.325807,241.4190581,3720,35.17513219,1714.863688,2172.550146,698.5043113,0.271029711,0.713431663,762.8842236
280,398.7697181,32930.31099,117.5431114,35.9579508,4.740891216,23.50862228,35.26293342,0.527002128,0.023914618,0.015647985,0.008266634,22.03681953,5069886.194,6086297.952,3651778.771,2562651.769,0.1,0.1,0.2,0.4,4519659.929,28390.80411,5180.20668,2185.311504,1833.596875,1300.064543,1875.73973,228.0559249,1321.410333,10486.66915,0.318450353,819.5068899,1024.383612,241.7701766,3720,36.53047878,1723.273829,2259.829965,713.3248586,0.273638599,0.712395559,763.993758
320,398.7697181,31126.18672,97.19858141,32.69838521,4.349165487,19.43971628,29.15957442,0.602288146,0.027704043,0.016906807,0.010797236,21.74008106,6017510.656,7223902.348,3611951.174,3802053.868,0.1,0.12,0.1,0.5,4297078.163,26585.99105,4355.822923,2185.311504,1516.235303,1228.623768,2069.269548,208.2516981,1096.23162,9970.227344,0.320316377,820.1956693,1025.244587,241.808963,3720,34.81431845,1711.693985,2148.539082,694.3355625,0.270205577,0.71228129,764.1163229
280,398.7697181,32529.91253,116.119387,35.73951954,4.714619808,23.22387739,34.83581609,0.527002128,0.023961243,0.015694609,0.008266634,21.99393961,5008477.909,6012578.522,3006289.261,3164515.012,0.1,0.1,0.4,0.5,4460934.672,27995.80551,5111.667323,2185.311504,1811.38769,1284.317243,1742.25217,226.7313477,1305.65217,10350.41281,0.318181391,814.1070192,1017.633774,242.5798855,3720,35.9069243,1720.932095,2230.467336,708.2083584,0.272801013,0.710017649,766.5524382
300,398.7697181,31566.244,105.1549128,34.01035196,4.506749089,21.03098256,31.54647383,0.564645137,0.025806124,0.016316366,0.009489758,21.88027675,5464193.163,6559655.658,3279827.829,3452450.346,0.1,0.12,0.2,0.5,4325580.278,27032.31857,4668.015461,2185.311504,1640.348951,1246.120382,1890.35696,216.2328337,1184.294429,10036.35892,0.317945934,813.9254322,1017.40679,243.3279274,3720,35.10677691,1714.947426,2162.790139,697.467282,0.270922653,0.707834903,768.9162506
320,398.7697181,31039.25097,96.92849378,32.65292378,4.343707282,19.38569876,29.07854813,0.602288146,0.027716466,0.01691923,0.010797236,21.73033737,6000789.679,7203829.147,3601914.573,3791489.024,0.2,0.1,0.1,0.5,4272034.566,26498.04769,4342.593413,2185.311504,1512.02211,1225.209673,2063.876537,207.9748915,1093.242218,9912.120334,0.31934148,821.2032769,1026.504096,244.1863956,3720,34.72703369,1711.786863,2136.017283,693.0108853,0.270067242,0.70534642,771.6290102
280,398.7697181,32465.79244,115.8913464,35.70440884,4.71039719,23.17826928,34.76740392,0.527002128,0.023968805,0.015702171,0.008266634,21.98700043,4998642.031,6000770.746,3000385.373,3158300.393,0.1,0.12,0.3,0.5,4442991.883,27930.88611,5100.669113,2185.311504,1807.830404,1281.79497,1739.047491,226.5184017,1303.128155,10308.78133,0.317527482,814.9063289,1018.632911,244.3260855,3720,35.84360947,1721.001207,2221.495942,707.248185,0.272700944,0.704943149,772.0704303
300,398.7697181,31486.70728,104.8911362,33.96766842,4.501620346,20.97822724,31.46734086,0.564645137,0.025816612,0.016326853,0.009489758,21.87138825,5450486.469,6543201.044,3271600.522,3443790.023,0.2,0.1,0.2,0.5,4302953.221,26951.83582,4655.20903,2185.311504,1636.234206,1242.994455,1885.912682,215.9733914,1181.374879,9983.858853,0.317081706,814.8714673,1018.589334,245.4872606,3720,35.02747504,1715.029106,2151.47661,696.2641904,0.270796715,0.701608709,775.7397434
310,398.7697181,31623.56203,101.9475315,33.48765214,4.443951478,20.38950629,30.58425944,0.583466642,0.026702377,0.016569424,0.010132953,21.85073824,5789895.582,6950654.961,4170392.976,2926591.562,0.1,0.1,0.1,0.4,4333531.264,27078.57913,4550.893709,2185.311504,1590.315867,1248.382314,2125.46154,213.0547278,1148.794273,10054.80707,0.317953021,824.9828985,1031.228623,245.9022591,3720,35.49722506,1716.024284,2166.765632,699.1155899,0.271228699,0.700424635,777.0511387
280,398.7697181,32375.5148,115.5381725,35.6499635,4.703849416,23.1076345,34.66145175,0.527002128,0.023980569,0.015713935,0.008266634,21.97621423,4983408.884,5982483.654,2991241.827,3148675.608,0.2,0.1,0.3,0.5,4419490.314,27840.31445,5083.662412,2185.311504,1802.321119,1277.888643,1734.083599,226.188173,1299.219132,10254.25219,0.316728622,815.2003547,1019.000443,246.1138737,3720,35.75487746,1720.913863,2209.745157,705.8989584,0.272539612,0.699822393,777.7198407
290,398.7697181,31846.23906,109.7404536,34.74399214,4.594920266,21.94809073,32.92213609,0.545823633,0.024893566,0.016025914,0.008867652,21.92629318,5203059.068,6246169.349,3123084.674,3287457.552,0.1,0.15,0.1,0.5,4343128.714,27311.88018,4848.56249,2185.311504,1711.880437,1257.112176,1805.578095,220.6898775,1235.048425,10077.0754,0.316429057,814.3588851,1017.948606,246.4786989,3720,35.30915277,1717.615211,2171.564357,699.8496289,0.271489801,0.698786551,778.8726885
300,398.7697181,31418.80093,104.6659153,33.93118136,4.497236252,20.93318307,31.3997746,0.564645137,0.025825604,0.016335845,0.009489758,21.86377305,5438783.257,6529151.569,3264575.784,3436395.562,0.2,0.12,0.1,0.5,4283612.755,26883.07295,4644.278096,2185.311504,1632.720906,1240.32544,1882.117526,215.7516016,1178.882074,9938.984445,0.316338757,815.7279781,1019.659973,247.3784469,3720,34.95969127,1715.111787,2141.806378,695.2358855,0.270690518,0.696244973,781.7158921
280,398.7697181,32312.19889,115.3133925,35.61526804,4.699676916,23.0626785,34.59401776,0.527002128,0.02398809,0.015721456,0.008266634,21.9693243,4973713.642,5970844.708,2985422.354,3142549.846,0.2,0.12,0.2,0.5,4401747.121,27776.199,5072.830757,2185.311504,1798.814696,1275.402435,1730.923852,225.9777221,1296.731207,10213.08383,0.316075172,815.9998888,1019.999861,247.8465635,3720,35.69229244,1720.984143,2200.87356,704.9499453,0.272440927,0.69492995,783.1951406
300,398.7697181,31340.00214,104.4045507,33.88878955,4.49214279,20.88091014,31.3213652,0.564645137,0.025836082,0.016346324,0.009489758,21.85490565,5425201.894,6512847.412,3256423.706,3427814.427,0.3,0.1,0.1,0.5,4261193.688,26803.33742,4631.599301,2185.311504,1628.643785,1237.228098,1877.712749,215.4939061,1175.98922,9886.966959,0.315474355,816.6647209,1020.830901,249.5175723,3720,34.88105199,1715.192322,2130.596844,694.0429088,0.270565587,0.690276033,788.4755286
330,398.7697181,30801.23463,93.27568859,32.03174323,4.269143243,18.65513772,27.98270658,0.621109651,0.028712265,0.017229657,0.011482607,21.63220688,6279421.404,7538321.013,3769160.507,3967537.375,0.1,0.1,0.2,0.5,4238611.301,26250.7319,4197.838573,2185.311504,1455.0407,1215.881604,2153.638649,204.190923,1052.81199,9834.570535,0.319291439,830.5027299,1038.128412,249.5415682,3720,34.55748262,1711.722688,2119.30565,691.058737,0.269840802,0.690209656,788.5513555
280,398.7697181,32238.75718,115.0526468,35.57497878,4.69483179,23.01052936,34.51579404,0.527002128,0.023996847,0.015730213,0.008266634,21.96130747,4962467.121,5957343.483,2978671.741,3135443.938,0.3,0.1,0.2,0.5,4381187.095,27701.87998,5060.271655,2185.311504,1794.747231,1272.518423,1727.258098,225.7333299,1293.845203,10165.37976,0.315315497,816.8772035,1021.096504,249.8078545,3720,35.61971492,1721.052183,2190.593548,703.8494177,0.272324975,0.689473917,789.3928202
290,398.7697181,32129.50472,110.7117734,34.89741404,4.613363368,22.14235467,33.21353201,0.545823633,0.024858216,0.015990564,0.008867652,21.9574744,5249111.673,6301454.59,3780872.754,2653244.038,0.1,0.1,0.2,0.4,4367475.531,27586.72577,4895.327576,2185.311504,1727.032399,1268.23927,1938.062915,221.6214267,1245.799252,10133.56572,0.315397508,822.778954,1028.473692,250.3169909,3720,35.82547639,1720.490807,2183.737766,703.1879369,0.272187644,0.68807155,791.0016911
310,398.7697181,31065.85976,100.1572705,33.19231802,4.408478323,20.03145411,30.04718116,0.583466642,0.026778812,0.016645859,0.010132953,21.78836944,5688221.479,6828597.213,3414298.607,3593998.533,0.1,0.1,0.3,0.5,4234238.063,26524.94165,4463.763585,2185.311504,1562.388949,1226.459358,1962.910059,211.2580819,1128.979184,9824.423599,0.316245025,820.9181128,1026.147641,250.7750088,3720,34.67921898,1713.770366,2117.119031,691.6457169,0.270136683,0.68681485,792.4490278
290,398.7697181,31726.53162,109.3298842,34.67893779,4.587100421,21.86597684,32.79896526,0.545823633,0.024908677,0.016041025,0.008867652,21.91299186,5183592.982,6222800.698,3111400.349,3275158.262,0.1,0.1,0.4,0.5,4308734.843,27189.34698,4828.691256,2185.311504,1705.475817,1252.408839,1799.248954,220.2948249,1230.504132,9997.273569,0.315107674,817.1846397,1021.4808,251.0613833,3720,35.18892685,1718.105542,2154.367421,698.0266717,0.271340142,0.686031431,793.3539712
280,398.7697181,32175.97034,114.8297148,35.54049609,4.690685029,22.96594295,34.44891443,0.527002128,0.024004361,0.015737728,0.008266634,21.95443229,4952851.584,5945800.221,2972900.11,3129368.537,0.3,0.12,0.1,0.5,4363590.712,27638.30056,5049.536996,2185.311504,1791.269634,1270.052655,1724.123585,225.5241503,1291.377732,10124.55203,0.314661902,817.6697802,1022.087225,251.5260429,3720,35.55760064,1721.121628,2181.795356,702.9075871,0.272227003,0.684764082,794.8222957
330,398.7697181,30723.96054,93.04279339,31.99172904,4.264341169,18.60855868,27.91283802,0.621109651,0.028723823,0.017241216,0.011482607,21.62350197,6263742.645,7519498.973,3759749.487,3957631.038,0.1,0.12,0.1,0.5,4216226.581,26172.53355,4186.388668,2185.311504,1451.407685,1212.84565,2148.593515,203.9470635,1050.234244,9782.632745,0.318404027,831.426986,1039.283732,251.703603,3720,34.47952833,1711.817926,2108.113291,689.8755865,0.269718625,0.684281027,795.3833854
290,398.7697181,32049.79639,110.4384727,34.85431393,4.608182083,22.08769454,33.13154181,0.545823633,0.024868106,0.016000454,0.008867652,21.94874137,5236153.832,6285898.958,3771539.375,2646694.298,0.1,0.12,0.1,0.4,4345084.229,27506.03609,4882.09587,2185.311504,1722.769085,1265.108435,1933.560763,221.3597491,1242.774287,10081.61266,0.314560896,823.7603015,1029.700377,252.4928996,3720,35.74584442,1720.577232,2172.542114,701.9901799,0.272062837,0.682141955,797.8775626
310,398.7697181,30995.65401,99.93183904,33.15494276,4.40398956,19.98636781,29.97955171,0.583466642,0.02678861,0.016655657,0.010132953,21.78039989,5675418.572,6813227.577,3406613.789,3585909.251,0.1,0.12,0.2,0.5,4214114.688,26453.86518,4452.785606,2185.311504,1558.872363,1223.698798,1958.768054,211.0306619,1126.484048,9777.732657,0.315454955,821.7888387,1027.236048,252.7340811,3720,34.60880814,1713.856029,2107.057344,690.577399,0.270026327,0.681490993,798.6396964
290,398.7697181,31661.70377,109.1075202,34.64365343,4.582859185,21.82150405,32.73225607,0.545823633,0.024916903,0.016049251,0.008867652,21.90575744,5173050.172,6210144.264,3105072.132,3268496.981,0.1,0.12,0.3,0.5,4290408.665,27123.70136,4817.948547,2185.311504,1702.007083,1249.861518,1795.820545,220.0805416,1228.042948,9954.752546,0.314409882,818.002416,1022.50302,252.8508925,3720,35.12445281,1718.180546,2145.204332,697.0488397,0.271238751,0.68117616,799.0088202
330,398.7697181,30634.24313,92.77237235,31.94520458,4.258757969,18.55447447,27.83171171,0.621109651,0.02873731,0.017254702,0.011482607,21.613354,6245537.605,7497644.183,3748822.092,3946128.518,0.2,0.1,0.1,0.5,4190266.54,26081.81312,4173.101697,2185.311504,1447.189291,1209.320522,2142.734613,203.6635113,1047.241151,9722.399371,0.317370314,832.4300124,1040.537515,254.1457705,3720,34.3890383,1711.909569,2095.13327,688.5021889,0.26957468,0.677705553,803.1006347
290,398.7697181,31586.4902,108.8495156,34.60266856,4.577932837,21.76990311,32.65485467,0.545823633,0.024926485,0.016058833,0.008867652,21.89733651,5160817.549,6195459.242,3097729.621,3260768.022,0.2,0.1,0.3,0.5,4269168.606,27047.59224,4805.489879,2185.311504,1697.982376,1246.90591,1791.842137,219.8316268,1225.187283,9905.470638,0.313598332,818.8979573,1023.622447,254.8754934,3720,35.04966687,1718.253225,2134.584303,695.9146239,0.271119537,0.675765244,805.4065592
310,398.7697181,30914.1702,99.67017621,33.11150764,4.398773138,19.93403524,29.90105286,0.583466642,0.026800033,0.01666708,0.010132953,21.77111632,5660557.981,6795387.733,3397693.866,3576519.859,0.2,0.1,0.2,0.5,4190783.871,26371.43167,4440.04996,2185.311504,1554.790591,1220.494562,1953.9597,210.7663548,1123.587894,9723.599701,0.314535362,822.7385355,1028.423169,254.9487794,3720,34.5271039,1713.93902,2095.391936,689.337743,0.26989643,0.675570993,805.6381428
290,398.7697181,31957.40201,110.1216482,34.80428321,4.60216778,22.02432963,33.03649445,0.545823633,0.024879627,0.016011975,0.008867652,21.93857805,5221132.418,6267866.048,3760719.629,2639101.494,0.2,0.1,0.1,0.4,4319155.846,27412.569,4866.765527,2185.311504,1717.826826,1261.479005,1928.340906,221.0559752,1239.267588,10021.45274,0.313587842,824.83301,1031.041263,254.9523462,3720,35.65355017,1720.659924,2159.577923,700.6019917,0.271916226,0.675561542,805.6494138
280,398.7697181,32080.73567,114.4915456,35.4881248,4.684387184,22.89830913,34.34746369,0.527002128,0.02401581,0.015749177,0.008266634,21.94396612,4938265.625,5928290.066,2964145.033,3120152.666,0.1,0.15,0.2,0.5,4336346.065,27540.55622,5033.234118,2185.311504,1785.994413,1266.312292,1719.36814,225.2064374,1287.634785,10061.33807,0.313625541,820.1794502,1025.224313,255.4022518,3720,35.46210822,1721.576005,2168.173033,701.4601686,0.272115481,0.674371501,807.0711156
300,398.7697181,31173.14225,103.8510369,33.79883735,4.481335258,20.77020738,31.15531108,0.564645137,0.025858429,0.016368671,0.009489758,21.83601879,5396439.509,6478318.739,3239159.369,3409641.441,0.1,0.15,0.1,0.5,4213022.059,26632.85707,4604.735659,2185.311504,1620.009327,1230.668598,1868.382366,214.9470488,1169.862781,9775.197503,0.313577548,820.2851771,1025.356471,255.6394943,3720,34.71284798,1715.800102,2106.511029,691.4919444,0.27034736,0.673745661,807.820802
320,398.7697181,31139.76325,97.24070111,32.70546915,4.350016015,19.44814022,29.17221033,0.602288146,0.027702112,0.016904876,0.010797236,21.74159698,6020118.263,7227032.729,4336219.637,3042961.149,0.1,0.1,0.1,0.4,4236683.331,26585.09579,4357.615378,2185.311504,1516.892343,1229.15619,2204.963951,208.2948294,1096.697812,9830.097193,0.315676684,834.6674538,1043.334317,255.6800308,3720,35.09427968,1715.595967,2118.341665,693.4504052,0.270544377,0.673638842,807.9488973
290,398.7697181,31522.22998,108.6290697,34.56761153,4.573719097,21.72581394,32.58872091,0.545823633,0.024934704,0.016067053,0.008867652,21.89011836,5150365.68,6182911.98,3091455.99,3254164.2,0.2,0.12,0.2,0.5,4251001.292,26982.52164,4794.848113,2185.311504,1694.543563,1244.380562,1788.442466,219.6187034,1222.747329,9863.318216,0.312900395,819.7083413,1024.635427,256.6493623,3720,34.98570095,1718.32732,2125.500646,694.9445485,0.271018915,0.671094596,811.0119848
310,398.7697181,30844.64622,99.44690438,33.07440019,4.39431676,19.88938088,29.83407131,0.583466642,0.026809823,0.01667687,0.010132953,21.76316652,5647877.727,6780165.339,3390082.67,3568508.073,0.2,0.12,0.1,0.5,4170854.001,26301.04561,4429.186644,2185.311504,1551.307694,1217.760449,1949.856276,210.5405402,1121.116661,9677.357736,0.313745136,823.6006106,1029.500763,256.8889316,3720,34.4573085,1714.023564,2085.427,688.2788233,0.269787004,0.670468747,811.769024
290,398.7697181,31447.67431,108.3732886,34.5268906,4.568824673,21.67465772,32.51198657,0.545823633,0.024944279,0.016076627,0.008867652,21.88171642,5138238.481,6168353.519,3084176.76,3246501.852,0.3,0.1,0.2,0.5,4229945.252,26907.07873,4782.506393,2185.311504,1690.553542,1241.450427,1784.497377,219.3713678,1219.916275,9814.463272,0.312088683,820.5955769,1025.744471,258.6560877,3720,34.91150405,1718.399015,2114.972626,693.819325,0.2709006,0.665888058,817.3532372
310,398.7697181,30755.20143,99.14227795,33.02370448,4.38822868,19.82845559,29.74268338,0.583466642,0.026823244,0.016690291,0.010132953,21.75227769,5630577.11,6759396.291,3379698.146,3557576.995,0.3,0.1,0.1,0.5,4146241.866,26211.01343,4414.38308,2185.311504,1546.555718,1214.030096,1944.25685,210.2320172,1117.744974,9620.251822,0.312800807,824.1879981,1030.234998,258.9632531,3720,34.36773186,1714.016142,2073.120933,686.9175683,0.269633297,0.665098225,818.3238799
280,398.7697181,32563.97245,116.2404851,35.75815062,4.71686052,23.24809702,34.87214552,0.527002128,0.023957238,0.015690604,0.008266634,21.99761653,5013701.13,6018848.896,3912251.782,2217470.646,0.1,0.1,0.2,0.35,4390366.556,28012.41271,5117.147138,2185.311504,1813.276743,1285.656665,1912.290179,226.8443413,1306.992516,10186.67825,0.312820503,831.5597415,1039.449677,259.0150892,3720,36.27684049,1725.66993,2195.183278,707.3863227,0.273240771,0.66496512,818.4876819
280,398.7697181,31946.40957,114.0145141,35.4141166,4.675487695,22.80290281,34.20435422,0.527002128,0.024032063,0.015765429,0.008266634,21.92912564,4917690.232,5903589.714,2951794.857,3107152.481,0.2,0.15,0.1,0.5,4298720.035,27404.59133,5010.289413,2185.311504,1778.553028,1261.036025,1712.658621,224.757428,1282.354872,9974.03687,0.312211513,821.8182407,1027.272801,259.0236737,3720,35.3291129,1721.708858,2149.360017,699.4437003,0.271903944,0.664943082,818.5148088
300,398.7697181,31461.21517,104.8065649,33.95397198,4.499974643,20.96131297,31.44196946,0.564645137,0.025819984,0.016330226,0.009489758,21.86853152,5446091.866,6537925.409,3922755.246,2752810.699,0.1,0.1,0.2,0.4,4237262.063,26912.12511,4650.83646,2185.311504,1634.914948,1241.992229,2006.432861,215.8901376,1180.438821,9831.439987,0.312493969,829.0900596,1036.362574,259.710483,3720,35.24399693,1718.776178,2118.631031,694.8890034,0.271063086,0.663184628,820.6851262
300,398.7697181,31052.22794,103.4498836,33.73349551,4.473484949,20.68997672,31.03496507,0.564645137,0.025874758,0.016385,0.009489758,21.8222385,5375594.269,6453294.441,3226647.221,3396470.759,0.1,0.1,0.4,0.5,4177988.501,26509.02659,4585.276896,2185.311504,1613.751593,1225.91467,1861.618544,214.5497681,1165.422709,9693.911447,0.312180867,823.2013488,1029.001686,260.3607455,3720,34.5905682,1716.318391,2088.994251,689.6376767,0.270197325,0.661528295,822.7399559
290,398.7697181,31383.97465,108.1547376,34.4920587,4.564638163,21.63094752,32.44642128,0.545823633,0.024952491,0.016084839,0.008867652,21.8745145,5127876.453,6155914.11,3077957.055,3239954.795,0.3,0.12,0.1,0.5,4211934.815,26842.57597,4771.964255,2185.311504,1687.144287,1238.946786,1781.126102,219.1597914,1217.497295,9772.674842,0.311390605,821.3986753,1026.748344,260.414521,3720,34.84804033,1718.472216,2105.967407,692.8569167,0.270800739,0.661391689,822.9098865
320,398.7697181,30570.46015,95.47164219,32.40660525,4.314136507,19.09432844,28.64149266,0.602288146,0.027784558,0.016987322,0.010797236,21.67708219,5910596.8,7095554.381,3547777.191,3734502.306,0.1,0.1,0.3,0.5,4135414.826,26020.15819,4271.281539,2185.311504,1489.296163,1206.794069,2034.772456,206.4748058,1077.117394,9595.130554,0.313869353,830.3019628,1037.877454,260.5788066,3720,34.25202307,1713.266152,2067.707413,685.8039769,0.26942401,0.660974706,823.4290287
280,398.7697181,31903.90349,113.8635487,35.39066311,4.672667479,22.77270974,34.15906461,0.527002128,0.024037232,0.015770598,0.008266634,21.9244103,4911178.772,5895772.835,2947886.417,3103038.334,0.1,0.12,0.4,0.5,4286277.08,27360.29935,5003.006222,2185.311504,1776.198065,1259.366254,1710.534942,224.6151266,1280.683947,9945.166302,0.311722555,823.60414,1029.505175,261.4005795,3720,35.28580954,1722.089288,2143.13854,698.7876252,0.271872988,0.65889678,826.0258312
300,398.7697181,31379.88925,104.5368286,33.91025088,4.494721396,20.90736572,31.36104858,0.564645137,0.025830773,0.016341015,0.009489758,21.85939753,5432075.487,6521099.024,3912659.414,2745725.905,0.1,0.12,0.1,0.4,4214249.955,26829.80944,4637.748406,2185.311504,1630.707235,1238.795678,2001.57219,215.6243691,1177.453308,9778.04651,0.311602327,830.0798181,1037.599773,261.9404499,3720,35.16221137,1718.86551,2107.124978,693.6592404,0.270935011,0.657538765,827.7318215
300,398.7697181,30986.14704,103.2306314,33.69772909,4.469188021,20.64612628,30.96918943,0.564645137,0.025883731,0.016393972,0.009489758,21.81467376,5364201.211,6439617.3,3219808.65,3389272.263,0.1,0.12,0.3,0.5,4159165.876,26442.12026,4574.661997,2185.311504,1610.3314,1223.31639,1857.921132,214.3322927,1162.995967,9650.238551,0.31143719,824.0267832,1030.033479,262.194067,3720,34.524429,1716.39607,2079.582938,688.6344847,0.270093387,0.656902736,828.5332518
280,398.7697181,32241.20184,115.0612976,35.57631619,4.694992624,23.01225952,34.51838929,0.527002128,0.023996556,0.015729922,0.008266634,21.96157387,4962840.249,5957791.416,3574674.849,2508543.754,0.1,0.1,0.3,0.4,4328425.908,27691.16233,5060.42231,2185.311504,1794.882178,1272.614107,1838.461356,225.7414428,1293.940953,10042.96145,0.311494637,830.0395066,1037.549383,262.5543984,3720,35.84344128,1724.57305,2164.212954,702.9871162,0.272623541,0.656001198,829.671899
320,398.7697181,30498.50483,95.24796669,32.36862113,4.309576901,19.04959334,28.57439001,0.602288146,0.027795178,0.016997942,0.010797236,21.66879976,5896749.173,7078930.58,3539465.29,3725752.937,0.1,0.12,0.2,0.5,4114661.371,25947.32529,4260.359699,2185.311504,1485.806969,1203.966659,2030.301865,206.243437,1074.641693,9546.97768,0.313031007,831.179539,1038.974424,262.5902328,3720,34.17947676,1713.353841,2057.330686,684.7032165,0.269310238,0.655911677,829.7851356
280,398.7697181,31832.26528,113.6091043,35.35109826,4.667909992,22.72182087,34.0827313,0.527002128,0.024045971,0.015779337,0.008266634,21.91644226,4900204.042,5882597.89,2941298.945,3096104.153,0.2,0.1,0.4,0.5,4266219.968,27287.81362,4990.777996,2185.311504,1772.228897,1256.551942,1706.955231,224.3750618,1277.867688,9898.629106,0.310962133,824.4516568,1030.564571,263.3065228,3720,35.21484076,1722.152853,2133.109984,697.7116499,0.271759291,0.654127358,832.048612
310,398.7697181,31283.9733,100.8575112,33.30814651,4.422389955,20.17150225,30.25725337,0.583466642,0.026748626,0.016615673,0.010132953,21.81295773,5727990.177,6876338.748,4469620.186,2533387.96,0.1,0.1,0.1,0.35,4205624.588,26726.38004,4497.525947,2185.311504,1573.312253,1235.034276,2168.197485,211.9628004,1136.729637,9758.033639,0.311917976,837.5932588,1046.991574,263.5458354,3720,35.27946419,1718.688851,2102.812294,693.4277857,0.270889179,0.653533378,832.80484
300,398.7697181,30909.46154,102.9761779,33.65617264,4.464195598,20.59523557,30.89285336,0.564645137,0.025894187,0.016404428,0.009489758,21.80586498,5350978.971,6423744.263,3211872.132,3380918.033,0.2,0.1,0.3,0.5,4137345.973,26364.53323,4562.348944,2185.311504,1606.362089,1220.300951,1853.629545,214.0795986,1160.179607,9599.611266,0.310571935,824.9283032,1031.160379,264.2669292,3720,34.44769376,1716.471017,2068.672986,687.4705852,0.269971094,0.651750109,835.0834961
290,398.7697181,31288.52368,107.8272245,34.43979485,4.55835662,21.5654449,32.34816735,0.545823633,0.024964854,0.016097202,0.008867652,21.86368215,5112348.269,6137272.832,3068636.416,3230143.596,0.1,0.15,0.2,0.5,4184354.853,26744.52628,4756.14595,2185.311504,1682.035294,1235.194917,1776.07331,218.842312,1213.872292,9708.682874,0.310295333,823.9974052,1029.996757,264.4056352,3720,34.75157349,1718.954618,2092.177427,691.3945933,0.270690691,0.651408204,835.5218073
300,398.7697181,31285.60149,104.2240763,33.85948669,4.488622064,20.84481526,31.26722289,0.564645137,0.025843345,0.016353587,0.009489758,21.84876366,5415823.855,6501589.261,3900953.557,2737511.268,0.2,0.1,0.1,0.4,4187598.348,26734.44283,4622.581991,2185.311504,1625.828501,1235.089358,1995.935556,215.3157687,1173.991681,9716.208542,0.310564863,831.1586582,1038.948323,264.459295,3720,35.06740256,1718.950539,2093.799174,692.2336832,0.270784465,0.651276031,835.691372
280,398.7697181,32165.86649,114.79381,35.53493928,4.690016794,22.958762,34.438143,0.527002128,0.024005574,0.01573894,0.008266634,21.95332318,4951302.935,5943941.098,3566364.659,2502712.041,0.1,0.12,0.2,0.4,4307437.389,27614.907,5047.543394,2185.311504,1790.709543,1269.655525,1834.441029,225.4904406,1290.980328,9994.263173,0.310710211,830.9594862,1038.699358,264.5858765,3720,35.76842096,1724.648087,2153.718695,701.8586537,0.272505238,0.650964452,836.0913696
320,398.7697181,30414.97027,94.98827636,32.32446504,4.30427656,18.99765527,28.49648291,0.602288146,0.027807564,0.017010328,0.010797236,21.65914777,5880671.887,7059630.117,3529815.058,3715594.798,0.2,0.1,0.2,0.5,4090595.197,25862.83658,4247.686277,2185.311504,1481.755967,1200.683997,2025.110727,205.9744585,1071.767371,9491.138522,0.312054835,832.1336873,1040.167109,264.8626026,3720,34.09527438,1713.438189,2045.297599,683.4256102,0.269176231,0.65028433,836.9658244
280,398.7697181,31771.01824,113.3915534,35.31723499,4.663838169,22.67831068,34.01746602,0.527002128,0.02405347,0.015786836,0.008266634,21.90960896,4890820.604,5871333.259,2935666.629,3090175.399,0.2,0.12,0.3,0.5,4249053.183,27225.79995,4980.32577,2185.311504,1768.835243,1254.145694,1703.894205,224.1695828,1275.459776,9858.798146,0.310307906,825.2182911,1031.522864,264.976963,3720,35.154101,1722.218342,2124.526592,696.790798,0.271663231,0.650003676,837.3272032
310,398.7697181,30586.09007,98.5997533,32.93322466,4.377363378,19.71995066,29.57992599,0.583466642,0.026847329,0.016714376,0.010132953,21.73276319,5599765.564,6722407.64,3361203.82,3538109.284,0.1,0.15,0.1,0.5,4097033.191,26038.16972,4387.988579,2185.311504,1538.092683,1207.386523,1934.282196,209.6813251,1111.740166,9506.076175,0.310797364,827.9203439,1034.90043,265.2714321,3720,34.19618232,1714.657657,2048.516596,684.3157604,0.269413149,0.649282128,838.2577256
300,398.7697181,30843.98497,102.7589037,33.62064753,4.459927852,20.55178073,30.8276711,0.564645137,0.025903152,0.016413393,0.009489758,21.79831807,5339688.694,6410190.508,3205095.254,3373784.478,0.2,0.12,0.2,0.5,4118693.738,26298.23896,4551.838361,2185.311504,1602.972751,1217.726112,1849.964555,213.8635686,1157.774758,9556.333716,0.309828115,825.7460116,1032.182515,266.0835721,3720,34.38209891,1716.54773,2059.346869,686.4757068,0.26986798,0.64730039,840.824088
330,398.7697181,30737.76409,93.08434391,31.99887159,4.265198331,18.61686878,27.92530317,0.621109651,0.028721757,0.01723915,0.011482607,21.62505736,6266539.871,7522856.988,4513714.193,3167518.732,0.1,0.1,0.1,0.4,4153277.099,26171.28006,4188.154782,2185.311504,1452.055846,1213.387291,2289.889642,203.9905934,1050.694136,9636.575208,0.31350931,846.4840305,1058.105038,266.1457861,3720,34.76985944,1715.87859,2076.638549,688.9438349,0.270070013,0.647149078,841.0206839
320,398.7697181,30343.74021,94.7668206,32.2867624,4.299750992,18.95336412,28.43004618,0.602288146,0.027818175,0.017020939,0.010797236,21.65088613,5866961.683,7043171.288,3521585.644,3706932.257,0.2,0.12,0.1,0.5,4070049.247,25790.73812,4236.882704,2185.311504,1478.3014,1197.884646,2020.683274,205.7447788,1069.316239,9443.467108,0.311216318,833.0020955,1041.252619,266.8537797,3720,34.02338585,1713.524662,2035.024624,682.3348965,0.269063452,0.645432117,843.2579437
280,398.7697181,31699.97194,113.1391793,35.27791055,4.659109762,22.62783586,33.9417538,0.527002128,0.024062202,0.015795569,0.008266634,21.90165798,4879935.169,5858265.509,2929132.755,3083297.636,0.3,0.1,0.3,0.5,4229160.183,27153.91359,4968.205846,2185.311504,1764.898369,1251.35428,1700.34279,223.9309549,1272.666432,9812.641728,0.309547332,826.0583545,1032.572943,266.8669876,3720,35.0836602,1722.281064,2114.580091,695.7228814,0.271550344,0.645400173,843.2996809
280,398.7697181,32078.55164,114.4837628,35.48691858,4.684242134,22.89675255,34.34512883,0.527002128,0.024016075,0.015749441,0.008266634,21.94372472,4937929.934,5927887.075,3556732.245,2495952.453,0.2,0.1,0.2,0.4,4283136.002,27526.58585,5032.623131,2185.311504,1785.873006,1266.226209,1829.780419,225.1991196,1287.548642,9937.878265,0.309798222,831.9657923,1039.95724,266.8823561,3720,35.6814838,1724.718895,2141.568001,700.5509595,0.272366331,0.645363008,843.3482453
290,398.7697181,31760.25044,109.4454981,34.69726904,4.589303898,21.88909961,32.83364942,0.545823633,0.024904412,0.01603676,0.008867652,21.91674479,5189074.513,6229381.168,4049097.759,2295035.167,0.1,0.1,0.2,0.35,4235366.634,27205.02596,4833.915103,2185.311504,1707.279319,1253.73327,1975.280923,220.4061475,1231.783777,9827.042147,0.309413245,835.2244753,1044.030594,268.0751331,3720,35.56971078,1723.001053,2117.683317,697.1455,0.271790966,0.642491521,847.1174207
290,398.7697181,31152.27188,107.3596666,34.36504522,4.549372841,21.47193332,32.20789999,0.545823633,0.02498262,0.016114968,0.008867652,21.84813454,5090180.224,6110660.533,3055330.267,3216137.123,0.2,0.15,0.1,0.5,4145851.857,26606.61696,4733.618486,2185.311504,1674.741692,1229.838746,1768.858451,218.3882047,1208.697236,9619.34691,0.308784764,825.6549234,1032.068654,268.1090348,3720,34.61571208,1719.094503,2072.925929,689.3344351,0.270475037,0.64241028,847.2245499
300,398.7697181,30768,102.5067434,33.57937131,4.454969319,20.50134869,30.75202303,0.564645137,0.025913599,0.01642384,0.009489758,21.78953012,5326585.623,6394460.532,3197230.266,3365505.543,0.3,0.1,0.2,0.5,4097071.232,26221.36113,4539.64618,2185.311504,1599.039214,1214.737851,1845.710566,213.6125533,1154.983781,9506.164438,0.308962703,826.638865,1033.298581,268.1373788,3720,34.30599483,1716.621635,2048.535616,685.3214468,0.269746653,0.642342372,847.3141171
280,398.7697181,31639.22964,112.923394,35.2442525,4.655062762,22.58467881,33.87701821,0.527002128,0.024069696,0.015803062,0.008266634,21.89483927,4870627.887,5847092.302,2923546.151,3077417.001,0.3,0.12,0.2,0.5,4212133.418,27092.41119,4957.845959,2185.311504,1761.532258,1248.967562,1697.305898,223.7267025,1270.278063,9773.135649,0.308892971,826.8184496,1033.523062,268.5236736,3720,35.02337094,1722.345785,2106.066709,694.8089059,0.27145497,0.641418307,848.5348086
320,398.7697181,30261.04662,94.50970479,32.24293338,4.294490196,18.90194096,28.35291144,0.602288146,0.027830551,0.017033315,0.010797236,21.64125846,5851043.785,7024062.167,3512031.083,3696874.824,0.3,0.1,0.1,0.5,4046223.524,25707.10063,4224.346355,2185.311504,1474.290559,1194.634528,2015.542177,205.4777629,1066.470412,9388.185853,0.310239959,833.9459824,1042.432478,269.103025,3720,33.93994637,1713.607699,2023.111762,681.0689432,0.268930606,0.640037398,850.3655589
310,398.7697181,30888.3875,99.58735608,33.09774791,4.397120667,19.91747122,29.87620682,0.583466642,0.02680366,0.016670707,0.010132953,21.76817049,5655854.387,6789741.16,4073844.696,2858838.383,0.1,0.1,0.2,0.4,4122698.734,26330.8937,4435.748897,2185.311504,1553.49865,1219.480374,2079.099349,210.6826223,1122.671219,9565.626244,0.309683574,837.4938008,1046.867251,269.7135323,3720,34.75183561,1717.832699,2061.349367,687.9107005,0.270173442,0.638588648,852.294762
300,398.7697181,30703.11985,102.2914221,33.54408506,4.450730458,20.45828441,30.68742662,0.564645137,0.025922556,0.016432798,0.009489758,21.78200099,5315396.82,6381028.596,3190514.298,3358436.103,0.3,0.12,0.1,0.5,4078587.155,26155.67088,4529.238484,2185.311504,1595.680339,1212.186154,1842.077595,213.3979543,1152.600546,9463.277052,0.308218745,827.4489635,1034.311204,269.9375716,3720,34.24093768,1716.697399,2039.293577,684.3347813,0.269644355,0.638058641,853.0027261
310,398.7697181,30463.83383,98.20748447,32.86764867,4.369489047,19.64149689,29.46224534,0.583466642,0.026864892,0.016731939,0.010132953,21.718555,5577487.482,6695663.243,3347831.622,3524033.286,0.1,0.1,0.4,0.5,4061323.171,25912.89988,4368.914566,2185.311504,1531.973541,1202.582933,1927.068205,209.2821648,1107.39843,9423.220567,0.309324841,830.9339502,1038.667438,270.1392118,3720,34.071743,1715.205415,2030.661585,682.4286841,0.269262739,0.637582374,853.6399093
290,398.7697181,31110.28125,107.2155604,34.3419738,4.546600079,21.44311208,32.16466812,0.545823633,0.024988123,0.016120471,0.008867652,21.84332271,5083347.802,6102458.346,3051229.173,3211820.182,0.1,0.12,0.4,0.5,4133413.051,26562.76345,4726.652436,2185.311504,1672.493728,1228.187919,1766.634402,218.2480361,1207.10223,9590.485967,0.308273843,827.5177958,1034.397245,270.5643845,3720,34.57253614,1719.498845,2066.706526,688.6802613,0.27044698,0.636580459,854.9834549
330,398.7697181,30153.55835,91.32309473,31.69470053,4.228699172,18.26461895,27.39692842,0.621109651,0.028810812,0.017328205,0.011482607,21.5582138,6147970.649,7380516.986,3690258.493,3884482.624,0.1,0.1,0.3,0.5,4049497.569,25591.8439,4101.942519,2185.311504,1424.581493,1190.428176,2111.318927,202.1364541,1031.200158,9395.782403,0.311597799,841.7144525,1052.143066,271.0438402,3720,33.89957002,1713.445046,2024.748785,681.0756159,0.268913089,0.635454397,856.4985351
290,398.7697181,31450.92414,108.3844133,34.52866268,4.569037665,21.67688266,32.51532399,0.545823633,0.024943861,0.01607621,0.008867652,21.88208245,5138765.931,6168986.712,3701392.027,2597468.089,0.1,0.1,0.3,0.4,4175503.75,26896.68852,4782.775319,2185.311504,1690.72708,1241.577867,1899.705067,219.3821315,1220.039407,9688.146243,0.308040114,834.2356211,1042.794526,271.8615813,3720,35.14333738,1722.05133,2087.751875,692.929611,0.27121085,0.633542993,859.0825968
310,398.7697181,30796.25951,99.2739256,33.04562273,4.390860833,19.85478512,29.78217768,0.583466642,0.026817435,0.016684482,0.010132953,21.75698943,5638053.762,6768371.863,4061023.118,2849840.784,0.1,0.12,0.1,0.4,4097495.025,26238.13545,4420.51369,2185.311504,1548.609336,1215.642209,2072.93826,210.3654094,1119.202086,9507.147737,0.308711119,838.124063,1047.655079,271.872941,3720,34.65878956,1717.831459,2048.747512,686.5106949,0.270016077,0.633516522,859.1184937
310,398.7697181,30396.40586,97.99111742,32.83142232,4.365139145,19.59822348,29.39733523,0.583466642,0.026874634,0.016741681,0.010132953,21.71068242,5565199.37,6680911.609,3340455.804,3516269.268,0.1,0.12,0.3,0.5,4041977.036,25844.63777,4358.415019,2185.311504,1528.598355,1199.933376,1923.088443,209.0616405,1105.003621,9378.333005,0.308534274,831.7680834,1039.710104,272.018554,3720,34.00385595,1715.285851,2020.988518,681.3989328,0.269156127,0.633177397,859.5786306
280,398.7697181,31547.09012,112.5960466,35.19313162,4.648916183,22.51920933,33.77881399,0.527002128,0.024081113,0.015814479,0.008266634,21.88445906,4856508.693,5830142.488,2915071.244,3068496.046,0.1,0.15,0.3,0.5,4185760.153,26997.83278,4942.110905,2185.311504,1756.425849,1245.346898,1692.698293,223.4164612,1266.654894,9711.943499,0.307855446,829.2573379,1036.571672,272.2857714,3720,34.93065884,1722.787243,2092.880077,693.4039258,0.271346763,0.632556006,860.4230375
290,398.7697181,31037.62373,106.9661981,34.30201421,4.541797748,21.39323961,32.08985942,0.545823633,0.024997677,0.016130025,0.008867652,21.83497399,5071524.933,6088265.226,3044132.613,3204350.119,0.2,0.1,0.4,0.5,4112890.995,26489.25015,4714.648337,2185.311504,1668.603836,1225.331317,1762.785497,218.0052549,1204.34222,9542.869993,0.30746136,828.37358,1035.466975,272.5122431,3720,34.50004437,1719.565696,2056.445498,687.5810763,0.270331045,0.632030319,861.1386883
330,398.7697181,30079.4401,91.0995661,31.65588772,4.224042371,18.21991322,27.32986983,0.621109651,0.028822336,0.017339729,0.011482607,21.54959423,6132922.458,7362451.93,3681225.965,3874974.7,0.1,0.12,0.2,0.5,4028024.458,25516.85115,4090.995566,2185.311504,1421.09459,1187.514325,2106.471146,201.8998061,1028.726083,9345.959758,0.310709233,842.5889506,1053.236188,273.1073493,3720,33.82448866,1713.532109,2014.012229,679.936342,0.268794922,0.630653113,863.0192236
300,398.7697181,30591.79981,101.8903834,33.47826486,4.442823856,20.37807669,30.56711503,0.564645137,0.025939329,0.016449571,0.009489758,21.76791596,5294557.542,6356011.455,3178005.728,3345269.187,0.1,0.15,0.2,0.5,4048024.27,26042.28802,4509.853843,2185.311504,1589.424395,1207.43359,1835.310007,212.9976316,1148.161743,9392.364004,0.307022276,829.5117942,1036.889743,273.82932,3720,34.12822253,1717.047917,2024.012135,682.6219859,0.269491367,0.628990351,865.3006513
320,398.7697181,30792.54272,96.16181235,32.52352896,4.328172717,19.23236247,28.84854371,0.602288146,0.027752069,0.016954833,0.010797236,21.70245938,5953324.854,7146848.565,4645451.567,2633049.471,0.1,0.1,0.1,0.35,4104765.983,26224.87667,4304.640656,2185.311504,1500.062373,1215.518292,2248.589077,207.1869362,1084.756382,9524.018063,0.309296252,847.6660426,1059.582553,273.9135236,3720,34.8713405,1718.368587,2052.382992,687.5945693,0.270198121,0.628796993,865.5667344
290,398.7697181,31374.48987,108.12217,34.48686519,4.564013951,21.62443401,32.43665101,0.545823633,0.024953718,0.016086066,0.008867652,21.87343948,5126332.347,6154060.44,3692436.264,2591183.343,0.1,0.12,0.2,0.4,4154027.14,26819.32407,4770.126803,2185.311504,1686.636254,1238.573704,1895.380294,219.1282441,1217.136828,9638.315478,0.307202301,835.1658062,1043.957258,273.9390328,3720,35.06665884,1722.130215,2077.01357,691.7765559,0.271090217,0.62873844,865.6473436
310,398.7697181,30318.13676,97.73994431,32.78931819,4.36008359,19.54798886,29.32198329,0.583466642,0.026885991,0.016753038,0.010132953,21.70151138,5550934.522,6663786.941,3331893.47,3507256.285,0.2,0.1,0.3,0.5,4019545.362,25765.46022,4346.232749,2185.311504,1524.680216,1196.857597,1918.467864,208.8053222,1102.22357,9326.286271,0.307614097,832.6765449,1040.845681,274.1420641,3720,33.9250728,1715.363096,2009.772681,680.203917,0.269030598,0.628272792,866.2889224
290,398.7697181,30975.54354,106.7531246,34.26783288,4.537689931,21.35062491,32.02593737,0.545823633,0.025005873,0.016138221,0.008867652,21.82781773,5061422.605,6076137.581,3038068.791,3197967.148,0.2,0.12,0.3,0.5,4095336.387,26426.39425,4704.394181,2185.311504,1665.280026,1222.890427,1759.496311,217.7975705,1201.983866,9502.139192,0.30676263,829.1492942,1036.436618,274.2199109,3720,34.43803653,1719.634617,2047.668193,686.6409014,0.2702332,0.628094435,866.5349186
310,398.7697181,30699.95298,98.96499371,32.9941651,4.384681366,19.79299874,29.68949811,0.583466642,0.026831088,0.016698135,0.010132953,21.74591807,5620508.625,6747309.274,4048385.564,2840972.326,0.2,0.1,0.1,0.4,4070083.249,26140.74238,4405.496839,2185.311504,1543.790198,1211.859133,2066.864623,210.0522375,1115.782745,9443.545999,0.307607833,839.2106033,1049.013254,274.4542267,3720,34.56135425,1717.918967,2035.041624,685.0461913,0.269861435,0.627558198,867.2753565
330,398.7697181,29993.37831,90.83999772,31.61075727,4.218627737,18.16799954,27.25199931,0.621109651,0.028835782,0.017353175,0.011482607,21.53954568,6115448.03,7341474.226,3670737.113,3863933.803,0.2,0.1,0.2,0.5,4003119.746,25429.8425,4078.290961,2185.311504,1417.045491,1184.130672,2100.84094,201.6246225,1025.853111,9288.174996,0.309674185,843.5358135,1054.419767,275.436806,3720,33.73732716,1713.614679,2001.559873,678.6137822,0.268655667,0.625319479,870.3803069
320,398.7697181,30088.68645,93.97372083,32.15137523,4.283500979,18.79474417,28.19211625,0.602288146,0.027856545,0.017059309,0.010797236,21.62106419,5817861.313,6984227.266,3492113.633,3675909.088,0.1,0.15,0.1,0.5,3995769.492,25530.9127,4198.198849,2185.311504,1465.929554,1187.859331,2004.822574,204.9199195,1060.537998,9271.120687,0.308126468,837.7737531,1047.217191,275.6030382,3720,33.76410785,1714.278337,1997.884746,678.4019516,0.268706408,0.624942312,870.9056006
280,398.7697181,31417.11635,112.1342371,35.12088564,4.640229875,22.42684742,33.64027113,0.527002128,0.02409732,0.015830686,0.008266634,21.8697403,4836589.859,5806230.323,2903115.162,3055910.696,0.2,0.15,0.2,0.5,4149346.254,26866.28827,4919.963383,2185.311504,1749.221918,1240.239001,1686.196769,222.9779825,1261.543462,9627.454728,0.306439796,830.8280784,1038.535098,275.7772878,3720,34.80155222,1722.910341,2074.673127,691.446819,0.271140797,0.624547443,871.4562295
310,398.7697181,30251.34818,97.52559751,32.75334445,4.355764234,19.5051195,29.25767925,0.583466642,0.026895725,0.016762772,0.010132953,21.69365761,5538761.146,6649173.044,3324586.522,3499564.76,0.2,0.12,0.2,0.5,4000381.136,25697.84569,4335.840074,2185.311504,1521.336544,1194.23278,1914.524223,208.5863126,1099.851122,9281.820779,0.306823376,833.502489,1041.878111,276.0036091,3720,33.85776474,1715.442476,2000.190568,679.1830112,0.268924861,0.624035318,872.1714048
290,398.7697181,30903.51233,106.5058822,34.22812738,4.532918332,21.30117644,31.95176466,0.545823633,0.025015419,0.016147767,0.008867652,21.81948777,5049700.249,6062065.125,3031032.563,3190560.592,0.3,0.1,0.3,0.5,4074989.465,26353.51503,4692.50116,2185.311504,1661.423204,1220.058111,1755.679204,217.5563102,1199.247321,9454.92957,0.305949999,829.9973015,1037.496627,276.1508601,3720,34.36610732,1719.700568,2037.494733,685.550308,0.27011813,0.623702566,872.6367178
290,398.7697181,31285.88201,107.8181366,34.43834349,4.558182185,21.56362732,32.34544098,0.545823633,0.024965198,0.016097546,0.008867652,21.86338089,5111917.39,6136755.57,3682053.342,2583897.082,0.2,0.1,0.2,0.4,4129156.03,26729.70129,4755.470669,2185.311504,1681.893528,1235.090809,1890.365655,218.8334954,1213.771704,9580.608681,0.30622786,836.1807172,1045.225897,276.2859286,3720,34.97778097,1722.204557,2064.578015,690.4400801,0.270948475,0.623397655,873.0635344
330,398.7697181,29920.04179,90.6187926,31.57224602,4.214007397,18.12375852,27.18563778,0.621109651,0.028847296,0.017364689,0.011482607,21.53094877,6100556.259,7323596.95,3661798.475,3854524.71,0.2,0.12,0.1,0.5,3981871.278,25355.64098,4067.468194,2185.311504,1413.594833,1181.247111,2096.042168,201.3897859,1023.404753,9238.873576,0.30878545,844.4008046,1055.501006,277.478631,3720,33.66295814,1713.700478,1990.935639,677.48539,0.26853858,0.620718069,876.8324739
300,398.7697181,30453.6372,101.4327545,33.40299836,4.433782904,20.2865509,30.42982634,0.564645137,0.025958614,0.016468856,0.009489758,21.75174412,5270777.645,6327464.159,3163732.08,3330244.294,0.2,0.15,0.1,0.5,4008628.177,25902.43899,4487.762996,2185.311504,1582.285677,1202.010395,1827.585638,212.5398136,1143.096583,9300.955846,0.305413629,831.1982108,1038.997764,277.6214288,3720,33.98953709,1717.196973,2004.314089,680.5189438,0.269271927,0.620398795,877.2837151
290,398.7697181,30841.96579,106.2946154,34.19416279,4.528836728,21.25892307,31.88838461,0.545823633,0.025023608,0.016155956,0.008867652,21.81234754,5039683.581,6050040.313,3025020.156,3184231.744,0.3,0.12,0.2,0.5,4057584.171,26291.19961,4682.341634,2185.311504,1658.127578,1217.637918,1752.41712,217.3499232,1196.908963,9414.545212,0.30525114,830.7661864,1038.457733,277.8439208,3720,34.30457913,1719.76867,2028.792085,684.6174589,0.270021015,0.619901992,877.9867897
300,398.7697181,31085.88233,103.561508,33.75169015,4.475670863,20.7123016,31.0684524,0.564645137,0.025870203,0.016380445,0.009489758,21.82608082,5381394.64,6460257.671,4199167.486,2380094.931,0.1,0.1,0.2,0.35,4101601.784,26523.98994,4590.316873,2185.311504,1615.492862,1227.237492,2044.235765,214.6603956,1166.658198,9516.676379,0.306141427,841.892394,1052.365492,278.0106705,3720,34.98348254,1721.389096,2050.800892,688.6968607,0.270661126,0.619530177,878.5137186
310,398.7697181,30173.82047,97.27676748,32.71153378,4.350744165,19.4553535,29.18303025,0.583466642,0.026907072,0.016774119,0.010132953,21.68450857,5524629.368,6632208.125,3316104.062,3490635.855,0.3,0.1,0.2,0.5,3978160.251,25619.41869,4323.781671,2185.311504,1517.454956,1191.185694,1909.945545,208.3317543,1097.097004,9230.263125,0.305903031,834.401776,1043.00222,278.1067916,3720,33.77965309,1715.518584,1989.080126,677.9982544,0.268800356,0.619316051,878.8174614
290,398.7697181,31210.2439,107.5585858,34.39686677,4.553197268,21.51171716,32.26757574,0.545823633,0.024975044,0.016107393,0.008867652,21.85476119,5099611.461,6121982.546,3673189.528,2577676.862,0.2,0.12,0.1,0.4,4107900.845,26653.14297,4742.963552,2185.311504,1677.844703,1232.117491,1886.084117,218.5815274,1210.898927,9531.291676,0.305389849,837.1009207,1046.376151,278.3418062,3720,34.90182146,1722.282271,2053.950423,689.2979104,0.270828933,0.618793139,879.5601077
280,398.7697181,31288.2052,111.6761482,35.04907459,4.631596174,22.33522964,33.50284445,0.527002128,0.024113514,0.01584688,0.008266634,21.85505294,4816831.502,5782510.807,2891255.403,3043426.74,0.3,0.15,0.1,0.5,4113227.009,26735.81982,4898.010002,2185.311504,1742.076025,1235.172258,1679.74613,222.5421043,1256.473211,9543.649623,0.305023876,832.3853827,1040.481728,279.2401502,3720,34.67339568,1723.031914,2056.613504,689.5042179,0.270936289,0.616802419,882.3988746
330,398.7697181,29834.88652,90.36191934,31.52746601,4.20863513,18.07238387,27.1085758,0.621109651,0.02886073,0.017378122,0.011482607,21.52092672,6083263.271,7302837.06,3651418.53,3843598.453,0.3,0.1,0.1,0.5,3957226.898,25269.54947,4054.907532,2185.311504,1409.587776,1177.898592,2090.46882,201.1167073,1020.561611,9181.692843,0.307750218,845.3370522,1056.671315,279.7833358,3720,33.5766229,1713.781694,1978.613449,676.1754531,0.26840059,0.615604927,884.1153411
310,398.7697181,30107.66265,97.0644146,32.67581002,4.346455038,19.41288292,29.11932438,0.583466642,0.026916798,0.016783845,0.010132953,21.67667356,5512569.233,6617730.171,3308865.086,3483015.88,0.3,0.12,0.1,0.5,3959175.471,25552.44299,4313.494365,2185.311504,1514.142387,1188.585295,1906.037564,208.1142439,1094.746626,9186.21399,0.30511216,835.2196605,1044.024576,279.9507924,3720,33.71291675,1715.596928,1979.587735,676.9860838,0.268695484,0.615236694,884.644504
300,398.7697181,30412.18428,101.2954368,33.38038054,4.43106615,20.25908737,30.38863105,0.564645137,0.025964432,0.016474673,0.009489758,21.74687075,5263642.171,6318898.165,3159449.082,3325735.876,0.1,0.12,0.4,0.5,3996197.504,25859.03891,4481.110486,2185.311504,1580.143611,1200.383094,1825.26746,212.402229,1141.576714,9272.113773,0.304881546,833.1453676,1041.431709,280.1606657,3720,33.94653011,1717.626977,1998.098752,679.8673563,0.269247043,0.614775809,885.3077035
320,398.7697181,30388.85923,94.90704727,32.31064097,4.302617199,18.98140945,28.47211418,0.602288146,0.027811451,0.017014215,0.010797236,21.65612073,5875643.039,7053593.084,4232155.85,2969933.93,0.1,0.1,0.2,0.4,4019999.471,25821.40829,4243.448126,2185.311504,1480.488846,1199.657206,2155.091047,205.8902454,1070.868306,9327.339909,0.306932874,847.4509437,1059.31368,280.1947027,3720,34.32855397,1717.485366,2009.999735,681.9443475,0.269464393,0.614701129,885.4152606
320,398.7697181,29964.38961,93.58714155,32.08517659,4.275555949,18.71742831,28.07614247,0.602288146,0.027875459,0.017078223,0.010797236,21.60639361,5793928.403,6955496.282,3477748.141,3660787.517,0.1,0.1,0.4,0.5,3959238.643,25403.51525,4179.35042,2185.311504,1459.899166,1182.97271,1997.088965,204.5165424,1056.259235,9186.360564,0.306575928,840.8743636,1051.092955,280.6222797,3720,33.63685008,1714.852625,1979.619322,676.4720526,0.268554169,0.613764524,886.7664038
290,398.7697181,31122.55772,107.2576701,34.34871717,4.547410504,21.45153402,32.17730103,0.545823633,0.024986513,0.016118862,0.008867652,21.84472976,5085344.323,6104855.13,3662913.078,2570465.318,0.3,0.1,0.1,0.4,4083285.917,26564.45307,4728.471034,2185.311504,1673.150611,1228.670312,1881.11955,218.2890053,1207.568311,9474.179281,0.304415189,838.1046494,1047.630812,280.6640847,3720,34.81377621,1722.355358,2041.642959,687.9740403,0.270688465,0.613673104,886.8985077
280,398.7697181,31837.29331,113.626924,35.35387057,4.668243347,22.72538481,34.08807721,0.527002128,0.024045358,0.015778724,0.008266634,21.91700113,4900972.644,5883520.58,3824288.377,2167612.845,0.1,0.1,0.3,0.35,4189011.863,27274.66068,4991.268681,2185.311504,1772.506873,1256.749039,1871.741668,224.3918836,1278.064921,9719.488226,0.305286261,842.6326249,1053.290781,280.8881302,3720,35.54821036,1727.019954,2094.505931,696.4679855,0.272166216,0.613183618,887.6064913
280,398.7697181,31247.38539,111.531082,35.026303,4.628858456,22.3062164,33.45932459,0.527002128,0.024118667,0.015852033,0.008266634,21.85038355,4810574.486,5774999.383,2887499.691,3039473.359,0.2,0.12,0.4,0.5,4101264.465,26693.26635,4891.036501,2185.311504,1739.813086,1233.567737,1677.70305,222.4038772,1254.86758,9515.89372,0.304534079,834.1190367,1042.648796,281.5415803,3720,34.63161787,1723.401647,2050.632232,688.8714352,0.270906748,0.611760436,889.6713936
290,398.7697181,30749.73459,105.9779973,34.14319802,4.522712316,21.19559947,31.7933992,0.545823633,0.025035935,0.016168283,0.008867652,21.80160795,5024671.958,6032019.157,3016009.579,3174746.925,0.1,0.15,0.3,0.5,4030919.161,26196.44473,4667.095989,2185.311504,1653.18854,1214.010861,1747.52767,217.0402171,1193.40455,9352.676146,0.304154695,833.289861,1041.612326,281.7140391,3720,34.21102603,1720.237062,2015.45958,683.1996373,0.269914391,0.611385931,890.2163637
300,398.7697181,30772.08618,102.5202823,33.58158878,4.455235701,20.50405645,30.75608468,0.564645137,0.025913037,0.016423278,0.009489758,21.79000276,5327289.145,6395305.096,3837183.058,2692760.041,0.1,0.1,0.3,0.4,4040824.186,26211.2948,4540.030214,2185.311504,1599.250411,1214.898295,1965.213197,213.6260388,1155.133632,9375.658124,0.304680614,840.7913845,1050.989231,281.8352247,3720,34.54646945,1720.414812,2020.412093,684.402693,0.27006946,0.611123042,890.5993101
300,398.7697181,30338.50761,101.0513604,33.34014044,4.426232772,20.21027208,30.31540812,0.564645137,0.025974806,0.016485048,0.009489758,21.73818465,5250959.16,6303672.461,3151836.231,3317722.348,0.2,0.1,0.4,0.5,3975200.409,25784.49305,4469.338935,2185.311504,1576.336175,1197.490633,1821.146562,212.1574374,1138.875211,9223.395597,0.304016127,834.0145626,1042.518203,282.1539238,3720,33.8725303,1717.698176,1987.600204,678.7452774,0.269129025,0.610432766,891.6063991
320,398.7697181,30303.56369,94.64185363,32.26546745,4.297194941,18.92837073,28.39255609,0.602288146,0.027824183,0.017026947,0.010797236,21.64621157,5859225.047,7033883.609,4220330.166,2961635.204,0.1,0.12,0.1,0.4,3995572.727,25735.11507,4230.514504,2185.311504,1476.351995,1196.304979,2149.419628,205.6150473,1067.933071,9270.664145,0.305926532,848.4486266,1060.560783,282.5380553,3720,34.24176745,1717.577548,1997.786363,680.6403687,0.269328304,0.609602837,892.8202548
320,398.7697181,29895.20956,93.37196439,32.04826997,4.271126644,18.67439288,28.01158932,0.602288146,0.027886048,0.017088812,0.010797236,21.59818903,5780606.903,6939504.085,3469752.043,3652370.571,0.1,0.12,0.3,0.5,3939282.935,25333.50179,4168.881349,2185.311504,1456.542541,1180.252727,1992.783536,204.2916384,1053.877597,9140.058649,0.305736564,841.7077702,1052.134713,282.5473494,3720,33.56682805,1714.933219,1969.641468,675.409858,0.268443931,0.609582784,892.8496241
280,398.7697181,31596.66665,112.772157,35.22064348,4.652224084,22.5544314,33.8316471,0.527002128,0.024074963,0.01580833,0.008266634,21.89004897,4864104.71,5839261.357,3503556.814,2458636.361,0.1,0.1,0.4,0.4,4147621.073,27035.90947,4950.319423,2185.311504,1759.173058,1247.294787,1804.039693,223.583427,1268.604131,9623.451905,0.304571745,840.757182,1050.946477,282.7048022,3720,35.19776879,1725.97152,2073.810537,693.2765708,0.271690066,0.609243277,893.3471749
280,398.7697181,31757.69277,113.3441805,35.30985678,4.662950998,22.6688361,34.00325415,0.527002128,0.024055107,0.015788473,0.008266634,21.90811845,4888777.31,5868880.324,3814772.21,2162219.067,0.1,0.12,0.2,0.35,4166896.919,27194.10918,4977.685936,2185.311504,1768.096256,1253.62172,1867.352182,224.1248113,1274.93544,9668.17638,0.30443573,843.5835867,1054.479483,283.0150434,3720,35.46848999,1727.092933,2083.44846,695.2737117,0.272040291,0.608575424,894.3275373
280,398.7697181,31178.62451,111.2867072,34.98790905,4.624242611,22.25734145,33.38601217,0.527002128,0.024127375,0.015860741,0.008266634,21.84249765,4800034.08,5762345.835,2881172.917,3032813.597,0.3,0.1,0.4,0.5,4082007.746,26623.70061,4879.334718,2185.311504,1736.000998,1230.864804,1674.260991,222.170811,1252.162774,9471.213624,0.303772657,834.9239004,1043.654876,283.363875,3720,34.56322206,1723.459394,2041.003873,687.834742,0.270796809,0.607826245,895.4298451
300,398.7697181,30275.59229,100.842918,33.30573672,4.422100517,20.16858361,30.25287541,0.564645137,0.025983702,0.016493944,0.009489758,21.7307424,5240127.815,6290669.646,3145334.823,3310878.761,0.2,0.12,0.3,0.5,3957249.135,25720.78849,4459.289057,2185.311504,1573.084609,1195.020459,1817.626858,211.94814,1136.568115,9181.74444,0.303272166,834.8037967,1043.504746,283.9018779,3720,33.80926549,1717.771446,1978.624568,677.7860234,0.269029526,0.606674395,897.1299343
300,398.7697181,30694.23142,102.2619011,33.53924437,4.450148963,20.45238023,30.67857034,0.564645137,0.025923787,0.016434028,0.009489758,21.78096693,5313862.817,6379187.056,3827512.233,2685973.497,0.1,0.12,0.2,0.4,4018788.904,26132.50414,4527.542387,2185.311504,1595.219832,1211.836313,1960.55184,213.3685141,1152.273801,9324.531111,0.303787737,841.7272862,1052.159108,283.960216,3720,34.46783591,1720.496041,2009.394452,683.2206395,0.269945834,0.606549757,897.3142827
310,398.7697181,30010.91917,96.75385978,32.62349548,4.340174137,19.35077196,29.02615793,0.583466642,0.02693109,0.016798137,0.010132953,21.66516994,5494931.925,6596556.933,3298278.466,3471872.07,0.1,0.15,0.2,0.5,3930739.584,25452.91563,4298.427539,2185.311504,1509.297932,1184.78235,1900.321498,207.7956987,1091.309322,9120.236076,0.303897259,838.0035433,1047.504429,284.1924865,3720,33.61375754,1716.136157,1965.369792,675.4828306,0.268587221,0.606054024,898.0482572
280,398.7697181,31139.19693,111.1465755,34.9658738,4.621593502,22.2293151,33.34397264,0.527002128,0.024132383,0.01586575,0.008266634,21.83796429,4793989.897,5755089.912,2877544.956,3028994.691,0.1,0.2,0.1,0.5,4070911.668,26583.68715,4872.624115,2185.311504,1733.815032,1229.314861,1672.287019,222.0370434,1250.611759,9445.468127,0.303330498,835.5097815,1044.387227,284.529631,3720,34.52387226,1723.525675,2035.455834,687.2383673,0.270737278,0.605335899,899.1136339
280,398.7697181,31524.26117,112.5149125,35.18044965,4.647391376,22.5029825,33.75447374,0.527002128,0.024083952,0.015817318,0.008266634,21.88187951,4853009.203,5825941.42,3495564.852,2453027.966,0.1,0.12,0.3,0.4,4127444.042,26962.62933,4937.977401,2185.311504,1755.160209,1244.449504,1800.169242,223.339494,1265.756879,9576.636469,0.30378623,841.6318398,1052.0398,284.649327,3720,35.12538235,1726.040118,2063.722021,692.1879872,0.271575518,0.605081353,899.4918732
320,398.7697181,29814.88986,93.12212082,32.00536407,4.265977484,18.62442416,27.93663625,0.602288146,0.027898399,0.017101163,0.010797236,21.5886277,5765139.225,6920935.444,3460467.722,3642597.602,0.2,0.1,0.3,0.5,3916140.311,25252.27782,4156.732215,2185.311504,1452.645142,1177.094538,1987.783793,204.0301612,1051.112261,9086.362345,0.304759212,842.6120339,1053.265042,284.7209169,3720,33.48555023,1715.009693,1958.070156,674.1769357,0.268314058,0.604929212,899.7180975
280,398.7697181,31119.83299,111.0777513,34.95504633,4.62029182,22.21555025,33.32332538,0.527002128,0.024134847,0.015868214,0.008266634,21.83573475,4791021.361,5751526.244,2875763.122,3027119.076,0.3,0.12,0.3,0.5,4065524.384,26564.1797,4869.331672,2185.311504,1732.741419,1228.553624,1671.317472,221.9713126,1249.849994,9432.968367,0.303117577,835.6532834,1044.566604,284.962094,3720,34.50467955,1723.519693,2032.762192,686.9474378,0.270703933,0.604417232,900.4802169
330,398.7697181,30380.86473,92.00844169,31.8134069,4.242942476,18.40168834,27.60253251,0.621109651,0.028775794,0.017293187,0.011482607,21.58444877,6194108.957,7435905.11,4833338.322,2739543.988,0.1,0.1,0.1,0.35,4016830.471,25801.01814,4135.160868,2185.311504,1435.272464,1199.36215,2334.327502,202.8601467,1038.785762,9319.987088,0.30677162,859.8465846,1074.808231,284.9920425,3720,34.54002954,1718.75284,2008.415236,682.8887566,0.269712795,0.604353716,900.5748542
320,398.7697181,30204.63519,94.33424544,32.21298961,4.290896138,18.86684909,28.30027363,0.602288146,0.027839031,0.017041795,0.010797236,21.63466626,5840181.193,7011021.841,4206613.104,2952009.196,0.2,0.1,0.1,0.4,3967273.807,25635.10666,4215.521881,2185.311504,1471.553506,1192.416604,2142.840118,205.2953299,1064.528381,9205.004026,0.304754683,849.5285238,1061.910655,285.1810255,3720,34.14112166,1717.663579,1983.636904,679.1281906,0.269168142,0.603953225,901.1720405
290,398.7697181,30618.06413,105.5259466,34.07030103,4.513952623,21.10518932,31.65778398,0.545823633,0.025053649,0.016185997,0.008867652,21.78619329,5003239.144,6006289.488,3003144.744,3161204.994,0.2,0.15,0.2,0.5,3993703.282,26063.18835,4645.381955,2185.311504,1646.13684,1208.83234,1740.545345,216.5971965,1188.401131,9266.326595,0.302642471,834.8757767,1043.594721,285.2794555,3720,34.07928696,1720.366424,1996.851641,681.2024446,0.269704627,0.603744843,901.4830793
280,398.7697181,31665.4663,113.0165624,35.25878879,4.656810578,22.60331249,33.90496873,0.527002128,0.024066458,0.015799824,0.008266634,21.89778567,4874646.44,5851916.494,3803745.721,2155969.235,0.2,0.1,0.2,0.35,4141300.443,27100.84508,4961.956149,2185.311504,1762.985625,1249.998062,1862.265339,223.8149164,1271.309275,9608.786562,0.303446868,844.6212117,1055.776515,285.4172173,3720,35.3761353,1727.160181,2070.650221,693.8901985,0.271892469,0.603453434,901.9184067
300,398.7697181,30202.57013,100.6009727,33.26575867,4.417298832,20.12019455,30.18029182,0.564645137,0.025994069,0.016504311,0.009489758,21.72207573,5227555.545,6275576.885,3137788.443,3302935.203,0.3,0.1,0.3,0.5,3936437.242,25646.90547,4447.629491,2185.311504,1569.310418,1192.153255,1813.540923,211.7049188,1133.8902,9133.455975,0.302406581,835.6646644,1044.580831,285.8771588,3720,33.73585694,1717.84163,1968.218621,676.6729782,0.268912409,0.602482551,903.3718217
300,398.7697181,30588.68556,101.8800378,33.47656517,4.442619687,20.37600756,30.56401134,0.564645137,0.025939763,0.016450005,0.009489758,21.76755154,5294019.948,6355366.084,3813219.651,2675943.614,0.2,0.1,0.2,0.4,3990744.274,26026.57556,4509.115753,2185.311504,1589.263009,1207.310987,1953.661669,212.9872936,1148.047234,9259.461004,0.302708692,842.1100024,1052.637503,286.1281015,3720,34.36155391,1720.409824,1995.372137,681.6204368,0.269756443,0.601954157,904.1648006
330,398.7697181,29644.12436,89.75730888,31.42181404,4.195960736,17.95146178,26.92719266,0.621109651,0.028892623,0.017410016,0.011482607,21.4971708,6042560.233,7253973.869,3626986.934,3817880.984,0.1,0.15,0.1,0.5,3902924.957,25075.51698,4025.349568,2185.311504,1400.156242,1170.017082,2077.347251,200.4723502,1013.86962,9055.699627,0.305480422,848.6073766,1060.759221,286.2474488,3720,33.38145486,1714.320609,1951.462478,673.2111129,0.268128206,0.601703179,904.5419383
320,398.7697181,29746.39571,92.90904685,31.96872715,4.261580788,18.58180937,27.87271405,0.602288146,0.027908979,0.017111743,0.010797236,21.58044367,5751947.933,6905099.559,3452549.78,3634262.926,0.2,0.12,0.2,0.5,3896380.767,25182.95877,4146.374706,2185.311504,1449.321325,1174.401142,1983.519282,203.8068763,1048.753901,9040.515576,0.303919697,843.4369457,1054.296182,286.6269816,3720,33.4161526,1715.089187,1948.190384,673.1242827,0.268204769,0.600906443,905.7412618
280,398.7697181,31440.33483,112.2167144,35.13379938,4.641782502,22.44334289,33.66501433,0.527002128,0.024094417,0.015827783,0.008266634,21.87237546,4840147.283,5810500.94,3486300.564,2446526.711,0.2,0.1,0.3,0.4,4104080.655,26877.74789,4923.67785,2185.311504,1750.508511,1241.151251,1795.68203,223.0563621,1262.456343,9522.427942,0.302872981,842.5869325,1053.233666,286.8463956,3720,35.04149192,1726.103802,2052.040328,690.9264252,0.271440992,0.600446799,906.4346101
290,398.7697181,30935.60957,106.6160339,34.2458227,4.53504485,21.32320677,31.98481016,0.545823633,0.025011161,0.016143509,0.008867652,21.82320242,5054922.805,6068334.7,3641000.82,2555088.295,0.1,0.15,0.1,0.4,4030043.209,26373.57699,4697.558081,2185.311504,1663.141499,1221.319967,1870.531277,217.6638328,1200.466509,9350.643734,0.302261499,842.0325714,1052.540714,287.3534465,3720,34.62419933,1722.988413,2015.021605,685.1241228,0.270439504,0.599387278,908.0368908
300,398.7697181,30140.21216,100.3943456,33.23157838,4.413193596,20.07886911,30.11830367,0.564645137,0.026002958,0.0165132,0.009489758,21.71465005,5216818.522,6262687.302,3131343.651,3296151.211,0.3,0.12,0.2,0.5,3918643.771,25583.76558,4437.674963,2185.311504,1566.087167,1189.704593,1810.051002,211.4969601,1131.603195,9092.170958,0.301662474,836.446586,1045.558232,287.6095868,3720,33.67309597,1717.913978,1959.321886,675.7214226,0.268813671,0.598853473,908.8462943
310,398.7697181,29869.46169,96.2997217,32.54684222,4.330971507,19.25994434,28.88991651,0.583466642,0.026952139,0.016819186,0.010132953,21.64824994,5469140.108,6565594.368,3282797.184,3455575.983,0.2,0.15,0.1,0.5,3890171.191,25309.77782,4276.45439,2185.311504,1502.21367,1179.221135,1891.960813,207.3289135,1086.2828,9026.107906,0.302185155,839.6838679,1049.604835,288.06954,3720,33.47093418,1716.284699,1945.085596,673.3168447,0.268360655,0.597897299,910.2997463
300,398.7697181,30512.00315,101.6260551,33.43481129,4.437604198,20.32521101,30.48781652,0.564645137,0.025950449,0.016460691,0.009489758,21.75858802,5280822.176,6339522.42,3803713.452,2669272.598,0.2,0.12,0.1,0.4,3969006.668,25948.95741,4496.85374,2185.311504,1585.301042,1204.30113,1949.078177,212.7333253,1145.236086,9209.024668,0.301816456,843.0457424,1053.807178,288.2324651,3720,34.28400657,1720.492531,1984.503334,680.4548382,0.269634831,0.597559334,910.8145899
310,398.7697181,30497.42469,98.31519301,32.88566744,4.371652699,19.6630386,29.4945579,0.583466642,0.026860057,0.016727104,0.010132953,21.72246454,5583604.561,6703006.676,4356954.34,2469528.776,0.1,0.1,0.2,0.35,3981760.174,25927.11726,4373.773676,2185.311504,1533.653725,1203.901895,2116.603853,209.3918484,1108.590577,9238.615789,0.302931014,850.3074303,1062.884288,288.457129,3720,34.47733446,1720.459999,1990.880087,681.4253115,0.269740165,0.597093927,911.5245276
320,398.7697181,29651.72571,92.58358959,31.91268534,4.254855581,18.51671792,27.77507688,0.602288146,0.027925224,0.017127988,0.010797236,21.56788969,5731799.053,6880911.229,3440455.614,3621532.226,0.3,0.1,0.2,0.5,3870921.658,25088.05894,4130.581112,2185.311504,1444.244401,1170.287147,1977.00447,203.4653059,1045.151653,8981.444483,0.302897867,843.6667678,1054.58346,288.5355991,3720,33.32060236,1714.999207,1935.460829,671.6707478,0.268031427,0.596931542,911.7724933
290,398.7697181,30472.5327,104.9940384,33.98432612,4.503621877,20.99880767,31.49821151,0.545823633,0.025074666,0.016207015,0.008867652,21.76793199,4978020.094,5976014.519,2988007.259,3145270.799,0.3,0.15,0.1,0.5,3954343.792,25916.70721,4619.870487,2185.311504,1637.839414,1202.739003,1732.327397,216.0746432,1182.513828,9175.003364,0.301090935,835.8254921,1044.781865,288.5845349,3720,33.93394992,1720.333986,1977.171896,678.9953092,0.269453115,0.596830319,911.9271303
280,398.7697181,31030.64687,110.7607454,34.90513142,4.614291126,22.15214908,33.22822363,0.527002128,0.024146232,0.015879598,0.008266634,21.82543946,4777348.22,5735111.909,2867555.954,3018479.952,0.1,0.15,0.4,0.5,4039982.585,26472.62212,4854.137315,2185.311504,1727.796332,1225.047347,1666.851279,221.6682804,1246.341288,9373.705413,0.302078956,838.0247488,1047.530936,288.6153345,3720,34.41462892,1723.948866,2019.991293,685.5830983,0.270598911,0.596766628,912.0244571
280,398.7697181,31368.64007,111.9619579,35.09389601,4.636984927,22.39239158,33.58858737,0.527002128,0.024103396,0.015836763,0.008266634,21.86422688,4829159.088,5797309.829,3478385.898,2440972.56,0.2,0.12,0.2,0.4,4084099.613,26805.18735,4911.465709,2185.311504,1746.534473,1238.333488,1791.848019,222.8141656,1259.63663,9476.067246,0.302087283,843.4527174,1054.315897,288.7718684,3720,34.9697451,1726.171409,2042.049807,689.8475278,0.271327421,0.59644314,912.5191041
320,398.7697181,29584.20584,92.374009,31.87654465,4.250518715,18.4748018,27.7122027,0.602288146,0.027935739,0.017138503,0.010797236,21.55977108,5718824.035,6865334.975,3432667.488,3613334.198,0.3,0.12,0.1,0.5,3851411.94,25019.71262,4120.403656,2185.311504,1440.975079,1167.63791,1972.808543,203.2450172,1042.831959,8936.177369,0.302059059,844.4932212,1055.616527,290.4252541,3720,33.25211076,1715.080163,1925.70597,670.6319747,0.267923861,0.5930476,917.7438029
300,398.7697181,30423.08179,101.3315073,33.38632326,4.431779959,20.26630147,30.3994522,0.564645137,0.025962902,0.016473144,0.009489758,21.74815182,5265516.512,6321148.274,3792688.964,2661536.115,0.3,0.1,0.1,0.4,3943827.448,25859.01782,4482.641335,2185.311504,1580.706287,1200.810552,1943.761886,212.438379,1141.975952,9150.602984,0.300778305,844.0639771,1055.079971,290.6079271,3720,34.19409665,1720.570401,1971.913724,679.1034518,0.26949181,0.592674817,918.3210498
310,398.7697181,29828.16671,96.16713252,32.52442863,4.328280723,19.2334265,28.85013976,0.583466642,0.026958318,0.016825365,0.010132953,21.64328795,5461609.985,6556554.603,3278277.302,3450818.212,0.1,0.12,0.4,0.5,3877676.402,25266.45457,4270.014237,2185.311504,1500.145364,1177.597495,1889.519434,207.1924153,1084.815267,8997.117069,0.301631581,841.7121398,1052.140175,290.6976271,3720,33.42774436,1716.739405,1938.838201,672.6624723,0.268338231,0.592491936,918.6045016
290,398.7697181,31042.71312,106.9836318,34.30480942,4.542133673,21.39672635,32.09508953,0.545823633,0.024997008,0.016129356,0.008867652,21.83555859,5072351.506,6089257.511,3958017.382,2243410.662,0.1,0.1,0.3,0.35,4032952.834,26475.53282,4715.120392,2185.311504,1668.87579,1225.531031,1933.368449,218.022238,1204.535181,9357.394745,0.301436112,847.1803002,1058.975375,290.7103209,3720,34.84420073,1724.602833,2016.476417,686.2814327,0.270750779,0.592466065,918.6446142
310,398.7697181,30409.64692,98.03353421,32.83852732,4.365992274,19.60670684,29.41006026,0.583466642,0.026872721,0.016739768,0.010132953,21.71222778,5567608.342,6683803.532,4344472.296,2462453.933,0.1,0.12,0.1,0.35,3956831.696,25838.30972,4360.105434,2185.311504,1529.260029,1200.452797,2110.883845,209.1048923,1105.473101,9180.775883,0.301903403,851.3371945,1064.171493,290.8489871,3720,34.38796844,1720.54974,1978.415848,680.0883822,0.269600101,0.592183599,919.0827992
280,398.7697181,31285.53649,111.6666408,35.04758263,4.631416802,22.33332815,33.49999223,0.527002128,0.024113851,0.015847218,0.008266634,21.85474718,4816421.426,5782018.519,3469211.111,2434534.113,0.3,0.1,0.2,0.4,4060962.976,26721.13863,4897.316451,2185.311504,1741.927716,1235.0671,1787.403007,222.5330479,1256.36798,9422.384832,0.301173829,844.3978636,1055.49733,290.9471938,3720,34.8865953,1726.234035,2030.481488,688.5971823,0.271194036,0.591983713,919.3931325
290,398.7697181,30432.43833,104.8566527,33.96208444,4.500949398,20.97133054,31.45699581,0.545823633,0.025080126,0.016212474,0.008867652,21.76319342,4971506.31,5968194.849,2984097.425,3141155.184,0.2,0.12,0.4,0.5,3942433.96,25874.8014,4613.254653,2185.311504,1635.696286,1201.165166,1730.204418,215.9394494,1180.993207,9147.369766,0.300579588,837.6369273,1047.046159,290.9602058,3720,33.89251186,1720.727826,1971.21698,678.3677032,0.269426863,0.591957239,919.4342505
330,398.7697181,29966.82219,90.75985083,31.59680932,4.216954334,18.15197017,27.22795525,0.621109651,0.028839948,0.017357341,0.011482607,21.53643442,6110052.454,7334996.943,4400998.166,3088419.766,0.1,0.1,0.2,0.4,3929831.699,25387.37254,4074.089373,2185.311504,1415.795251,1183.085902,2235.978498,201.5395712,1024.966023,9118.129568,0.304274157,859.4496462,1074.312058,291.3731007,3720,33.97959779,1717.824774,1964.915849,677.0739337,0.268955545,0.591118396,920.7389982
300,398.7697181,30047.89244,100.0884108,33.18090595,4.407107723,20.01768217,30.02652325,0.564645137,0.02601618,0.016526422,0.009489758,21.70361442,5200921.153,6243602.825,3121801.413,3286106.75,0.1,0.15,0.3,0.5,3891680.637,25488.82684,4422.915273,2185.311504,1561.314782,1186.079074,1804.883045,211.1886431,1128.217027,9029.610174,0.300507272,839.0655923,1048.83199,291.5956539,3720,33.57873614,1718.411692,1945.840319,674.2913932,0.268708968,0.59066724,921.4422664
330,398.7697181,29528.98494,89.432698,31.36494346,4.189138739,17.8865396,26.8298094,0.621109651,0.028909907,0.017427299,0.011482607,21.48431883,6020707.073,7227739.584,3613869.792,3804073.465,0.1,0.1,0.4,0.5,3867463.445,24956.68376,4009.460448,2185.311504,1395.092521,1165.785558,2070.300394,200.1254648,1010.27674,8973.420619,0.30388517,852.3011817,1065.376477,291.6060446,3720,33.26252094,1715.045987,1933.731723,671.4106632,0.268007472,0.590646193,921.4751009
280,398.7697181,30904.82656,110.3134839,34.83458516,4.605810425,22.06269679,33.09404518,0.527002128,0.024162394,0.01589576,0.008266634,21.81084098,4758056.874,5711953.03,2855976.515,3006291.068,0.2,0.15,0.3,0.5,4004725.24,26345.29541,4832.748968,2185.311504,1720.81934,1220.100365,1660.548725,221.2399632,1241.390878,9291.900118,0.300661778,839.531148,1049.413935,291.9833437,3720,34.28924482,1724.062834,2002.36262,683.6828386,0.270398304,0.589882963,922.667366
310,398.7697181,30178.75506,97.29255559,32.71418823,4.351062872,19.45851112,29.18776668,0.583466642,0.026906351,0.016773398,0.010132953,21.68509009,5525526.02,6633284.538,3979970.723,2792961.911,0.1,0.1,0.3,0.4,3920010.365,25609.66199,4324.272868,2185.311504,1517.70124,1191.37903,2033.967301,208.3479159,1097.271751,9095.341775,0.301382272,849.0930744,1061.366343,292.3227602,3720,34.02915653,1719.459811,1960.005183,677.0489484,0.269136359,0.589198049,923.7399224
290,398.7697181,30800.00274,106.1505429,34.17098143,4.526051014,21.23010859,31.84516288,0.545823633,0.025029209,0.016161557,0.008867652,21.80746643,5032852.759,6041840.047,3625104.028,2543932.651,0.1,0.1,0.4,0.4,3991285.844,26234.80586,4675.145911,2185.311504,1655.88014,1215.987478,1862.847669,217.2090557,1195.314331,9260.717573,0.300672622,845.1968854,1056.496107,292.5125441,3720,34.4862411,1723.531332,1995.642922,683.050414,0.270267591,0.588815774,924.3396394
310,398.7697181,29752.74738,95.92497001,32.48345225,4.323361551,19.184994,28.777491,0.583466642,0.026969643,0.01683669,0.010132953,21.6341994,5447856.874,6540044.267,3270022.133,3442128.561,0.2,0.1,0.4,0.5,3856058.745,25190.17129,4258.308361,2185.311504,1496.367785,1174.63206,1885.059988,206.9428595,1082.134947,8946.959044,0.300710349,842.5760894,1053.220112,292.7339837,3720,33.35154929,1716.809794,1928.029372,671.5070077,0.268216374,0.588370362,925.0393885
290,398.7697181,30363.09918,104.6190452,33.9235832,4.496323309,20.92380904,31.38571356,0.545823633,0.025089599,0.016221947,0.008867652,21.75497672,4960240.765,5954670.787,2977335.393,3134037.256,0.3,0.1,0.4,0.5,3922815.354,25804.64213,4601.860752,2185.311504,1631.989762,1198.443226,1726.532372,215.7054142,1178.363303,9101.850007,0.299766831,838.4570498,1048.071312,292.8214719,3720,33.82302511,1720.790854,1961.407677,677.3144539,0.269315657,0.588194571,925.3158511
290,398.7697181,30962.03085,106.7067112,34.2603827,4.5367946,21.34134224,32.01201335,0.545823633,0.025007662,0.01614001,0.008867652,21.82625614,5059222.035,6073495.84,3947772.296,2237603.731,0.1,0.12,0.2,0.35,4010349.206,26393.89124,4701.795319,2185.311504,1664.556007,1222.358732,1928.650943,217.7523024,1201.47015,9304.949036,0.300527736,848.1396101,1060.174513,292.8822184,3720,34.76277742,1724.679343,2005.174603,685.0622912,0.270622458,0.588072574,925.5078103
310,398.7697181,30307.89631,97.70700855,32.78379316,4.359420195,19.54140171,29.31210256,0.583466642,0.026887484,0.016754531,0.010132953,21.70030624,5549064.004,6661541.422,4330001.924,2454252.103,0.2,0.1,0.1,0.35,3927967.199,25735.44344,4344.270119,2185.311504,1524.166439,1196.454277,2104.251646,208.7716863,1101.859028,9113.803492,0.300707228,852.4528712,1065.566089,293.5459854,3720,34.28438606,1720.632678,1963.983599,678.5388218,0.269435394,0.586742822,927.605314
330,398.7697181,29458.03558,89.21896441,31.32744178,4.184640325,17.84379288,26.76568932,0.621109651,0.028921349,0.017438741,0.011482607,21.4758191,6006318.294,7210466.14,3605233.07,3794982.179,0.1,0.12,0.3,0.5,3846883.566,24884.89822,3999.032691,2185.311504,1391.758414,1162.999396,2065.65977,199.896706,1007.911079,8925.670481,0.30299612,853.1373575,1066.421697,293.5797819,3720,33.19035027,1715.127499,1923.441783,670.3158959,0.26789368,0.586675277,927.7121108
330,398.7697181,29879.01082,90.49497749,31.5506696,4.211418848,18.0989955,27.14849325,0.621109651,0.028853763,0.017371155,0.011482607,21.5261233,6092220.891,7313590.505,4388154.303,3079406.529,0.1,0.12,0.1,0.4,3904580.849,25298.57129,4061.133928,2185.311504,1411.663397,1179.633096,2229.830986,201.2582102,1022.034334,9059.541685,0.303207551,860.4395309,1075.549414,293.7733624,3720,33.88979172,1717.915158,1952.290424,675.7251489,0.268814222,0.586288691,928.3238253
290,398.7697181,30323.42242,104.4830745,33.90153123,4.493673716,20.89661491,31.34492236,0.545823633,0.025095037,0.016227385,0.008867652,21.7502625,4953794.069,5946931.655,2973465.828,3129964.029,0.1,0.2,0.1,0.5,3911532.096,25764.36474,4595.340105,2185.311504,1629.868707,1196.885599,1724.430836,215.571363,1176.858343,9075.670206,0.299295709,839.0576775,1048.822097,294.0142196,3720,33.78312429,1720.861971,1955.766048,676.7097208,0.26925573,0.585808401,929.0849339
290,398.7697181,30303.84613,104.4159853,33.89064529,4.492365757,20.88319705,31.32479558,0.545823633,0.025097724,0.016230073,0.008867652,21.74793316,4950613.205,5943113.092,2971556.546,3127954.259,0.3,0.12,0.3,0.5,3906031.031,25744.64479,4592.126236,2185.311504,1628.822157,1196.11705,1723.39386,215.5051872,1176.115781,9062.906447,0.299067861,839.2013389,1049.001674,294.4543552,3720,33.76357907,1720.856244,1953.015515,676.4134412,0.269221814,0.584932765,930.4757623
310,398.7697181,30099.36295,97.03772369,32.67131709,4.345915607,19.40754474,29.11131711,0.583466642,0.026918023,0.01678507,0.010132953,21.67568699,5511053.378,6615910.418,3969546.251,2785646.492,0.1,0.12,0.2,0.4,3897384.417,25529.32746,4311.928884,2185.311504,1513.726026,1188.258447,2028.952144,208.0868871,1094.451204,9042.844278,0.300433079,850.0354925,1062.544366,294.4976116,3720,33.94846308,1719.543366,1948.692208,675.8364044,0.26900957,0.584846848,930.6124525
290,398.7697181,30726.65353,105.8987381,34.13042806,4.521177784,21.17974763,31.76962144,0.545823633,0.025039031,0.016171379,0.008867652,21.79891218,5020914.089,6027507.91,3616504.746,2537898.067,0.1,0.12,0.3,0.4,3970670.932,26160.57411,4663.045435,2185.311504,1651.952148,1213.102898,1858.690529,216.9626126,1192.527288,9212.886151,0.299833698,846.0794204,1057.599276,294.4976521,3720,34.41235649,1723.603279,1985.335466,681.9396679,0.27015093,0.584846768,930.6125807
310,398.7697181,29688.38605,95.71829956,32.44844057,4.31915854,19.14365991,28.71548987,0.583466642,0.026979349,0.016846397,0.010132953,21.62641628,5436119.461,6525953.735,3262976.867,3434712.492,0.2,0.12,0.3,0.5,3837588.235,25125.02284,4248.321352,2185.311504,1493.143859,1172.101247,1881.253638,206.7296191,1079.847463,8904.103136,0.299918733,843.3632072,1054.204009,294.5203969,3720,33.28644732,1716.883092,1918.794117,670.5198174,0.26811374,0.584801602,930.6844541
320,398.7697181,29486.6697,92.07122089,31.82425851,4.244244595,18.41424418,27.62136627,0.602288146,0.027951008,0.017153772,0.010797236,21.54799394,5700078.589,6842831.44,3421415.72,3601490.231,0.1,0.15,0.2,0.5,3822510.918,24919.29064,4105.676664,2185.311504,1436.251779,1163.810469,1966.745622,202.9262976,1039.480619,8869.120233,0.30078406,847.3790574,1059.223822,294.8024706,3720,33.15149307,1715.649899,1911.255459,669.1066779,0.267816548,0.584242051,931.5758072
300,398.7697181,29914.49281,99.64628987,33.10753975,4.398296614,19.92925797,29.89388696,0.564645137,0.026035416,0.016545658,0.009489758,21.687579,5177947.101,6216022.931,3108011.465,3271591.016,0.2,0.15,0.2,0.5,3853638.972,25353.81768,4401.640323,2185.311504,1554.41798,1180.839663,1797.413023,210.7422091,1123.323514,8941.344605,0.298896748,840.6751296,1050.843912,295.2411202,3720,33.44436137,1718.548992,1926.819486,672.2542217,0.268495606,0.583374023,932.96194
280,398.7697181,30780.02079,109.8697797,34.76445853,4.597380479,21.97395594,32.96093392,0.527002128,0.024178543,0.015911909,0.008266634,21.79627351,4738918.961,5688978.344,2844489.172,2994199.129,0.3,0.15,0.2,0.5,3969749.155,26218.99588,4811.545591,2185.311504,1713.89784,1215.19273,1654.294869,220.814156,1236.479841,9210.747413,0.299244353,841.0249106,1051.281138,295.3241531,3720,34.16477057,1724.175402,1984.874578,681.7964756,0.270199101,0.583210002,933.2243238
290,398.7697181,30868.53167,106.3857752,34.20882237,4.530598394,21.27715505,31.91573257,0.545823633,0.025020071,0.016152419,0.008867652,21.81543102,5044005.69,6055228.919,3935898.797,2230873.812,0.2,0.1,0.2,0.35,3984182.599,26299.3482,4686.361187,2185.311504,1659.549613,1218.682211,1923.182835,217.4390037,1197.917945,9244.236381,0.299471205,849.1834687,1061.479336,295.3334331,3720,34.6684306,1724.749696,1992.091299,683.6496858,0.270471718,0.583191677,933.2536485
330,398.7697181,29375.63903,88.97072009,31.28382843,4.179408958,17.79414402,26.69121603,0.621109651,0.0289347,0.017452093,0.011482607,21.46590919,5989606.215,7190403.619,3595201.81,3784422.958,0.2,0.1,0.3,0.5,3823011.841,24801.59795,3986.928047,2185.311504,1387.885963,1159.763363,2060.269081,199.630651,1005.163444,8870.282489,0.301960495,854.041085,1067.551356,295.8065897,3720,33.1065556,1715.203981,1911.50592,669.0448203,0.267759523,0.582258834,934.7488235
300,398.7697181,30719.26783,102.3449718,33.55286411,4.451785058,20.46899436,30.70349154,0.564645137,0.025920325,0.016430567,0.009489758,21.78387562,5318179.441,6384369.076,4469058.353,2016116.55,0.1,0.1,0.2,0.3,3969080.017,26144.88118,4531.30999,2185.311504,1596.515681,1212.820753,2081.117422,213.4513464,1153.193249,9209.194856,0.299785623,854.3866497,1067.983312,295.879103,3720,34.72760708,1723.935433,1984.540009,682.6322299,0.270266009,0.582116135,934.9779655
330,398.7697181,29777.14929,90.18769591,31.49705788,4.204987161,18.03753918,27.05630877,0.621109651,0.028869881,0.017387273,0.011482607,21.51410536,6071534.359,7288756.733,4373254.04,3068950.203,0.2,0.1,0.1,0.4,3875323.686,25195.64337,4046.114273,2185.311504,1406.870002,1175.62747,2222.698068,200.931262,1018.633259,8991.658217,0.301965045,861.5059115,1076.882389,296.4781977,3720,33.78562787,1717.997843,1937.661843,674.1607703,0.268647822,0.580939851,936.8711049
310,398.7697181,29613.67007,95.47836377,32.40774601,4.314273445,19.09567275,28.64350913,0.583466642,0.026990665,0.016857712,0.010132953,21.61734947,5422492.812,6509595.213,3254797.606,3426102.744,0.3,0.1,0.3,0.5,3816170.475,25049.45144,4236.732708,2185.311504,1489.401015,1169.16308,1876.834053,206.4817542,1077.19179,8854.40892,0.298997352,844.2186252,1055.273281,296.5376121,3720,33.21089153,1716.952451,1908.085237,669.3741239,0.267992864,0.580823454,937.0588543
290,398.7697181,30641.61396,105.6067809,34.0833477,4.515520354,21.12135618,31.68203428,0.545823633,0.025050471,0.016182819,0.008867652,21.78895675,5007071.694,6010890.389,3606534.233,2530901.216,0.2,0.1,0.3,0.4,3946795.939,26074.57343,4649.022937,2185.311504,1647.397803,1209.758347,1853.86985,216.6764887,1189.295827,9157.490577,0.298857971,847.0405307,1058.800663,296.7390007,3720,34.3267108,1723.669948,1973.397969,680.6521404,0.270013823,0.580429265,937.6952422
310,398.7697181,30007.28605,96.74215153,32.62152153,4.339937148,19.34843031,29.02264546,0.583466642,0.02693163,0.016798678,0.010132953,21.66473518,5494266.98,6595758.679,3957455.208,2777161.549,0.2,0.1,0.2,0.4,3871172.916,25436.22874,4297.619985,2185.311504,1509.115291,1184.638975,2023.13436,207.7836788,1091.179732,8982.02746,0.299328218,851.05731,1063.821637,296.9509362,3720,33.85489109,1719.621048,1935.586458,674.4303763,0.268860392,0.580015009,938.3649583
280,398.7697181,31106.91701,111.0318211,34.94781871,4.619422917,22.20636422,33.30954634,0.527002128,0.024136493,0.01586986,0.008266634,21.83424573,4789040.296,5749148.014,3449488.808,2420693.901,0.1,0.15,0.2,0.4,4010531.847,26538.84235,4866.890356,2185.311504,1732.024938,1228.045608,1777.845822,221.9274351,1249.341626,9305.372806,0.299141596,848.0746584,1060.093323,297.221357,3720,34.70616655,1726.807552,2005.265924,685.8845959,0.270953811,0.579487294,939.2194881
300,398.7697181,30234.98261,100.7083384,33.28350527,4.419430326,20.14166769,30.21250153,0.564645137,0.025989463,0.016499705,0.009489758,21.7259254,5233134.618,6282274.452,3769364.671,2645168.19,0.1,0.15,0.1,0.4,3889753.192,25666.8617,4452.560508,2185.311504,1570.985254,1193.425606,1932.511666,211.8128883,1135.078552,9025.138049,0.298499859,848.1209154,1060.151144,297.4841212,3720,34.00191682,1721.243404,1944.876596,676.2155536,0.26924307,0.57897544,940.049823
330,398.7697181,29290.51029,88.68401109,31.23338153,4.173358128,17.73680222,26.60520333,0.621109651,0.028950205,0.017467598,0.011482607,21.45441293,5970304.651,7167232.475,3583616.237,3772227.618,0.2,0.12,0.2,0.5,3800141.11,24716.31917,3972.97123,2185.311504,1383.413487,1156.025918,2054.042101,199.3228889,1001.990072,8817.21704,0.301026406,854.1911188,1067.738899,297.5079784,3720,33.02020802,1715.117977,1900.070555,667.7308388,0.267602299,0.578929012,940.1252117
310,398.7697181,29534.81237,95.19309512,32.35929613,4.308457549,19.03861902,28.55792854,0.583466642,0.027004186,0.016871233,0.010132953,21.60652609,5406291.58,6490145.954,3245072.977,3415866.292,0.3,0.12,0.2,0.5,3795385.019,24970.48179,4222.977852,2185.311504,1484.951008,1165.669783,1871.578642,206.1866348,1074.03436,8806.181795,0.298162781,844.3305856,1055.413232,298.0554682,3720,33.13143493,1716.857393,1897.692509,668.1650837,0.267846409,0.577865593,941.8552796
290,398.7697181,30215.03997,104.1116204,33.84121488,4.486426742,20.82232408,31.23348612,0.545823633,0.025109957,0.016242305,0.008867652,21.73733822,4936182.534,5925789.356,2962894.678,3118836.503,0.1,0.15,0.4,0.5,3880303.773,25653.37595,4577.515564,2185.311504,1624.074261,1192.630365,1718.688928,215.2046876,1172.746989,9003.213186,0.297971249,841.6640258,1052.080032,298.2110383,3720,33.67315489,1721.314112,1940.151887,675.0434641,0.269119381,0.577564134,942.3468811
290,398.7697181,30553.68064,105.2720434,34.02928853,4.509024498,21.05440869,31.58161303,0.545823633,0.025063658,0.016196006,0.008867652,21.77749313,4991200.984,5991837.916,3595102.75,2522879.123,0.2,0.12,0.2,0.4,3923910.66,25986.4101,4632.970903,2185.311504,1642.176114,1205.923722,1848.341943,216.3479308,1185.590863,9104.391374,0.297980184,847.2705435,1059.088179,298.4615763,3720,34.23838983,1723.575025,1961.95533,679.3217985,0.269853761,0.577079308,943.1385812
280,398.7697181,31443.20806,112.2268992,35.13539371,4.641974189,22.44537983,33.66806975,0.527002128,0.024094058,0.015827425,0.008266634,21.87270067,4840586.572,5811028.298,4067719.808,1835061.568,0.1,0.1,0.3,0.3,4052973.61,26868.30154,4923.920013,2185.311504,1750.667386,1241.2639,1904.166815,223.0660387,1262.569071,9403.847631,0.299074052,854.9065205,1068.633151,298.7677963,3720,35.25873119,1729.400579,2026.486805,690.0900054,0.271717299,0.576487835,944.1062363
320,398.7697181,29342.31192,91.62302073,31.74670421,4.234938826,18.32460415,27.48690622,0.602288146,0.027973776,0.01717654,0.010797236,21.53045607,5672330.764,6809520.726,3404760.363,3583958.277,0.2,0.15,0.1,0.5,3780827.067,24773.23949,4083.939593,2185.311504,1429.260146,1158.144925,1957.769007,202.4535088,1034.519819,8772.403939,0.298967715,849.0724337,1061.340542,298.7719608,3720,33.00492133,1715.802623,1890.413533,666.8838974,0.267584073,0.576479799,944.119396
300,398.7697181,29782.26518,99.20798995,33.0346468,4.389542735,19.84159799,29.76239699,0.564645137,0.026054637,0.016564879,0.009489758,21.67157933,5155171.604,6188681.398,3094340.699,3257200.736,0.3,0.15,0.1,0.5,3815928.942,25219.99548,4380.5656,2185.311504,1547.580783,1175.645536,1790.005733,210.2986116,1118.472293,8853.848507,0.297285934,842.2697059,1052.837132,298.8543179,3720,33.31104807,1718.684465,1907.964471,670.2332729,0.268283861,0.576320935,944.3796446
310,398.7697181,29928.78897,96.49015028,32.57900632,4.334832922,19.29803006,28.94704508,0.583466642,0.026943291,0.016810338,0.010132953,21.65535902,5479955.099,6578577.549,3947146.53,2769927.389,0.2,0.12,0.1,0.4,3848799.839,25356.80022,4285.425399,2185.311504,1505.184233,1181.553056,2018.173464,207.5247848,1088.390514,8930.116684,0.298378818,851.9887558,1064.985945,299.1013358,3720,33.77501601,1719.703259,1924.39992,673.2302211,0.268734843,0.575844971,945.1602212
320,398.7697181,29998.1156,93.69196971,32.10314107,4.277711975,18.73839394,28.10759091,0.602288146,0.027870316,0.01707308,0.010797236,21.6103806,5800418.256,6963287.222,4526136.695,2565421.608,0.1,0.1,0.2,0.35,3876302.648,25417.13054,4184.078437,2185.311504,1461.534418,1184.297808,2194.054033,204.6260114,1057.419501,8993.929639,0.299816487,860.9850596,1076.231324,299.6580397,3720,34.05614261,1720.306006,1938.151324,675.4049703,0.269046765,0.574775168,946.9194053
330,398.7697181,29209.40758,88.44039313,31.19045246,4.168209199,17.68807863,26.53211794,0.621109651,0.028963451,0.017480843,0.011482607,21.44460138,5953904.024,7147543.846,3573771.923,3761865.182,0.3,0.1,0.2,0.5,3776595.801,24634.30624,3961.104533,2185.311504,1379.613204,1152.850195,2048.750144,199.0609737,999.2936435,8762.586411,0.299991925,855.1013472,1068.876684,299.7162407,3720,32.93762654,1715.197334,1888.2979,666.4783621,0.267470554,0.574663554,947.1033206
280,398.7697181,30635.74074,109.3567804,34.68320321,4.587613137,21.87135609,32.80703413,0.527002128,0.024197359,0.015930725,0.008266634,21.77932425,4716792.203,5662415.61,2831207.805,2980218.742,0.1,0.2,0.2,0.5,3928759.346,26071.68586,4787.023632,2185.311504,1705.895382,1209.51865,1647.062538,220.3207283,1230.801827,9115.641459,0.297549243,844.054879,1055.068599,300.4523871,3720,34.01950769,1724.653122,1964.379673,679.5957019,0.270005596,0.573255555,949.4295433
290,398.7697181,30469.86718,104.9848742,33.98284297,4.503443666,20.99697485,31.49546227,0.545823633,0.02507503,0.016207378,0.008867652,21.76761619,4977585.601,5975492.918,3585295.751,2515997.018,0.3,0.1,0.2,0.4,3900342.37,25901.63451,4619.192284,2185.311504,1637.696459,1202.634022,1843.598852,216.0656281,1182.412397,9049.707422,0.297005148,848.2326704,1060.290838,300.6826925,3720,34.15387777,1723.643615,1950.171185,678.0514534,0.2697188,0.572816475,950.1573083
280,398.7697181,30616.98944,109.2901041,34.67262819,4.586341992,21.85802083,32.78703124,0.527002128,0.024199816,0.015933182,0.008266634,21.77711283,4713916.311,5658963.158,2829481.579,2978401.662,0.3,0.12,0.4,0.5,3923542.032,26052.79908,4783.842973,2185.311504,1704.855274,1208.781171,1646.122385,220.2565072,1230.063836,9103.536069,0.297336095,844.1903628,1055.237953,300.8680514,3720,34.0008641,1724.646188,1961.771016,679.3131603,0.269973086,0.572463574,950.7430423
300,398.7697181,30343.64797,101.0683447,33.34294216,4.426569293,20.21366894,30.32050342,0.564645137,0.025974083,0.016484325,0.009489758,21.73879008,5251841.722,6304731.959,4098075.773,2322795.985,0.1,0.1,0.3,0.35,3892400.375,25770.17227,4469.788628,2185.311504,1576.60112,1197.691908,1997.799468,212.1744815,1139.063198,9031.280134,0.297633302,853.4757011,1066.844626,300.9973955,3720,34.2279243,1722.913228,1946.200187,677.387284,0.269562186,0.572217576,951.1517698
300,398.7697181,29742.56031,99.07636549,33.01272513,4.386910188,19.8152731,29.72290965,0.564645137,0.026060439,0.016570681,0.009489758,21.66675436,5148331.967,6180470.548,3090235.274,3252879.236,0.2,0.12,0.4,0.5,3804008.521,25178.40323,4374.213511,2185.311504,1545.527526,1174.085704,1787.780917,210.1651966,1117.015438,8826.190339,0.296752877,844.157079,1055.196349,301.309027,3720,33.26964618,1719.101704,1902.00426,669.6062194,0.268260298,0.571625755,952.1365253
320,398.7697181,29301.32478,91.49574437,31.72464638,4.232292192,18.29914887,27.44872331,0.602288146,0.027980278,0.017183042,0.010797236,21.52545281,5664451.155,6800061.41,3400030.705,3578979.69,0.1,0.12,0.4,0.5,3768297.438,24730.13338,4077.740816,2185.311504,1427.274716,1156.536069,1955.219459,202.31903,1033.11109,8743.332267,0.298393753,851.1914019,1063.989252,301.4939759,3720,32.96170665,1716.284463,1884.148719,666.2292085,0.267564662,0.571275096,952.720964
310,398.7697181,29837.74858,96.19785709,32.52962385,4.328904413,19.23957142,28.85935713,0.583466642,0.026956885,0.016823932,0.010132953,21.64443867,5463354.922,6558649.366,3935189.619,2761536.575,0.3,0.1,0.1,0.4,3822880.983,25264.75026,4271.289429,2185.311504,1500.624648,1177.973737,2012.418543,207.2240544,1085.155335,8869.97887,0.297273732,852.998323,1066.247904,301.5267819,3720,33.682392,1719.779506,1911.440492,671.8385449,0.268587115,0.571212941,952.8246308
290,398.7697181,30088.23424,103.6769688,33.7704998,4.477930688,20.73539376,31.10309065,0.545823633,0.025127538,0.016259886,0.008867652,21.72212963,4915574.657,5901050.008,2950525.004,3105815.794,0.2,0.15,0.3,0.5,3844405.464,25525.03569,4556.701613,2185.311504,1617.293977,1187.651166,1711.968654,214.7747597,1167.936149,8919.920704,0.296458763,843.1985475,1053.998184,301.649594,3720,33.54583566,1721.437956,1922.202732,673.1138601,0.268916588,0.570980381,953.2127171
330,398.7697181,29140.27548,88.2327006,31.15380726,4.163814092,17.64654012,26.46981018,0.621109651,0.028974795,0.017492188,0.011482607,21.4362052,5939921.936,7130758.626,3565379.313,3753030.856,0.3,0.12,0.1,0.5,3756501.299,24564.34211,3950.991414,2185.311504,1376.373334,1150.142783,2044.237943,198.8373846,996.9948469,8715.962462,0.29910364,855.9333703,1069.916713,301.653509,3720,32.86714296,1715.279916,1878.250649,665.4094274,0.267359783,0.57097297,953.2250884
280,398.7697181,31157.08758,111.2101275,34.97586886,4.622795119,22.2420255,33.36303825,0.527002128,0.024130111,0.015863477,0.008266634,21.84002127,4796731.032,5758380.591,3742947.384,2121508.639,0.1,0.1,0.4,0.35,3998710.716,26583.28866,4875.299251,2185.311504,1734.806403,1230.017785,1834.203751,222.0977201,1251.315169,9277.945013,0.297779598,853.7989244,1067.248655,302.0214188,3720,34.86280098,1728.45114,1999.355358,686.2018202,0.271174017,0.570277435,954.3876833
320,398.7697181,29908.05632,93.41185741,32.05511553,4.271948197,18.68237148,28.02355722,0.602288146,0.027884082,0.017086846,0.010797236,21.59971222,5783076.658,6942468.977,4512604.835,2557751.728,0.1,0.12,0.1,0.35,3850601.984,25326.04703,4170.449808,2185.311504,1457.164846,1180.757002,2187.864608,204.3333551,1054.319143,8934.298081,0.298725467,862.009295,1077.511619,302.1049407,3720,33.96391872,1720.394718,1925.300992,674.0261287,0.268901879,0.570119772,954.6516127
310,398.7697181,29441.96893,94.89559521,32.30869151,4.302383199,18.97911904,28.46867856,0.583466642,0.027018364,0.016885411,0.010132953,21.59518794,5389395.698,6469862.783,3234931.391,3405190.938,0.1,0.15,0.3,0.5,3768036.284,24874.92724,4208.593371,2185.311504,1480.310201,1162.026708,1866.096967,205.8783696,1070.741551,8742.726327,0.296947747,847.0416926,1058.802116,302.1626971,3720,33.03587276,1717.383245,1884.018142,666.7168596,0.267742824,0.570010798,954.8341227
290,398.7697181,30398.3084,104.7396712,33.94313455,4.498672474,20.94793424,31.42190135,0.545823633,0.025084785,0.016217133,0.008867652,21.75915147,4965959.933,5961536.535,3576921.921,2510120.646,0.3,0.12,0.1,0.4,3880196.534,25829.20195,4607.431432,2185.311504,1633.871449,1199.825071,1839.548366,215.8242612,1179.698424,9002.964365,0.296166624,849.1064543,1061.383068,302.6300862,3720,34.08163556,1723.716041,1940.098267,676.9655947,0.269604988,0.569130459,956.3110724
300,398.7697181,30098.85568,100.2572704,33.20888397,4.410467923,20.05145408,30.07718112,0.564645137,0.026008873,0.016519115,0.009489758,21.70971157,5209695.648,6254136.432,3752481.859,2633320.603,0.1,0.1,0.4,0.4,3850473.889,25527.45974,4430.801264,2185.311504,1563.948882,1188.080165,1924.366169,211.3588783,1130.08601,8934.000872,0.296821945,851.395934,1064.244918,302.7907632,3720,33.86236113,1721.820615,1925.236945,674.1186847,0.269072407,0.568828448,956.8188117
300,398.7697181,29672.03658,98.84256247,32.97374997,4.382229799,19.76851249,29.65276874,0.564645137,0.02607078,0.016581022,0.009489758,21.65816072,5136182.797,6165885.711,3082942.855,3245203.006,0.3,0.1,0.4,0.5,3783906.783,25107.0583,4362.981448,2185.311504,1541.880349,1171.314993,1783.828593,209.9279847,1114.427643,8779.549602,0.295886316,844.9782809,1056.222851,303.2079848,3720,33.19850241,1719.165904,1891.953392,668.5277896,0.268146396,0.568045727,958.1372318
300,398.7697181,30261.88137,100.7974464,33.29822683,4.42119851,20.15948928,30.23923392,0.564645137,0.025985647,0.016495889,0.009489758,21.72911589,5237764.959,6287833.084,4087091.505,2316570.084,0.1,0.12,0.2,0.35,3869296.792,25687.43229,4456.729274,2185.311504,1572.37528,1194.481591,1992.75043,211.9024518,1136.064823,8977.674412,0.296666103,854.4490837,1068.061355,303.2182044,3720,34.14481229,1722.994449,1934.648396,676.1435952,0.269431637,0.568026581,958.1695258
330,398.7697181,30032.00863,90.95641902,31.63100709,4.221057236,18.1912838,27.28692571,0.621109651,0.028829743,0.017347136,0.011482607,21.54405787,6123285.64,7350883.121,5145618.184,2321331.512,0.1,0.1,0.1,0.3,3883456.62,25439.11295,4083.453702,2185.311504,1418.861588,1185.648304,2377.711085,201.7480982,1027.141693,9010.528528,0.300030832,872.8956746,1091.119593,303.405253,3720,34.31384951,1721.556231,1941.72831,676.9538793,0.269361118,0.567676394,958.7605994
280,398.7697181,30497.75773,108.8320756,34.59989641,4.577599632,21.76641512,32.64962268,0.527002128,0.024216768,0.015950134,0.008266634,21.76186854,4694160.559,5635246.769,2817623.385,2965919.352,0.2,0.2,0.1,0.5,3891924.561,25932.88399,4762.007547,2185.311504,1697.710324,1203.715102,1639.663189,219.8147901,1224.994253,9030.176135,0.296093117,844.8737382,1056.092173,303.483369,3720,33.88208475,1724.594224,1945.962281,677.5093721,0.269764679,0.567530276,959.0074459
320,398.7697181,29672.72679,92.67981391,31.92926484,4.25684515,18.53596278,27.80394417,0.602288146,0.02792041,0.017123174,0.010797236,21.57160813,5737756.248,6888062.723,4132837.634,2900236.936,0.1,0.1,0.3,0.4,3813280.128,25093.12501,4134.959584,2185.311504,1445.745439,1171.503486,2107.434177,203.5663594,1046.21669,8847.702638,0.298176258,859.6017811,1074.502226,303.550601,3720,33.59474887,1719.264603,1906.640064,670.9211913,0.268426268,0.567404576,959.219899
320,398.7697181,29224.36059,91.25674164,31.68318415,4.227317411,18.25134833,27.37702249,0.602288146,0.027992532,0.017195296,0.010797236,21.5160299,5649654.627,6782298.472,3391149.236,3569630.775,0.2,0.1,0.4,0.5,3746087.001,24652.30065,4066.160779,2185.311504,1423.546427,1153.514919,1950.431325,202.0662382,1030.465744,8691.798853,0.29741622,852.0599429,1065.074929,303.5773413,3720,32.88351198,1716.356444,1873.043501,665.0434525,0.267439581,0.567354597,959.3043984
280,398.7697181,30907.38052,110.3225411,34.83601516,4.605982329,22.06450822,33.09676233,0.527002128,0.024162065,0.015895432,0.008266634,21.81113746,4758447.529,5712422.004,3427453.202,2405230.317,0.1,0.12,0.4,0.4,3954321.613,26335.51322,4832.937586,2185.311504,1720.960626,1220.200543,1767.164231,221.2486458,1241.491125,9174.951904,0.296853106,851.8672963,1064.83412,303.9256357,3720,34.50465927,1727.36334,1977.160807,682.8552863,0.270676025,0.566704416,960.4050087
280,398.7697181,31080.79855,110.9389753,34.9332038,4.617665925,22.18779505,33.28169258,0.527002128,0.024139824,0.01587319,0.008266634,21.83123302,4785035.655,5744340.522,3733821.339,2116335.982,0.1,0.12,0.3,0.35,3977510.155,26506.09891,4862.322297,2185.311504,1730.576602,1227.018677,1829.989614,221.8387095,1248.313984,9228.754748,0.296927852,854.6996402,1068.37455,304.0509263,3720,34.7860749,1728.517114,1988.755077,685.0527169,0.271052377,0.566470894,960.8009271
300,398.7697181,29631.76757,98.70905306,32.95147316,4.379554707,19.74181061,29.61271592,0.564645137,0.026076704,0.016586946,0.009489758,21.65324015,5129245.212,6157557.277,3078778.639,3240819.62,0.1,0.2,0.1,0.5,3772368.085,25066.18142,4356.567048,2185.311504,1539.797689,1169.732824,1781.571448,209.7923973,1112.949925,8752.777121,0.295384914,845.5861438,1056.98268,304.4274766,3720,33.15773091,1719.239666,1886.184043,667.9098282,0.268085281,0.565770219,961.9908262
300,398.7697181,30024.54866,100.0110198,33.16807529,4.405566762,20.00220397,30.00330595,0.564645137,0.026019536,0.016529778,0.009489758,21.70081497,5196899.663,6238775.105,3743265.063,2626852.676,0.1,0.12,0.3,0.4,3829408.745,25452.25745,4418.946393,2185.311504,1560.107532,1185.161942,1919.918513,211.1105716,1127.360443,8885.124806,0.295928672,852.2912115,1065.364014,304.8199435,3720,33.78698025,1721.896887,1914.704373,672.9858987,0.268953757,0.565041769,963.2310216
320,398.7697181,29803.6455,93.08707728,31.9993414,4.265254712,18.61741546,27.92612318,0.602288146,0.027900136,0.0171029,0.010797236,21.58728359,5762969.699,6918330.971,4496915.131,2548858.779,0.2,0.1,0.1,0.35,3820839.857,25220.5314,4154.658569,2185.311504,1452.098485,1176.651565,2180.687045,203.9934567,1050.72439,8865.242979,0.297454987,863.1140998,1078.892625,304.8616159,3720,33.85700718,1720.475204,1910.419929,672.4277464,0.268731414,0.564964531,963.3627064
300,398.7697181,29611.80853,98.64287813,32.94042591,4.378228121,19.72857563,29.59286344,0.564645137,0.026079646,0.016589888,0.009489758,21.65079763,5125806.546,6153429.227,3076714.613,3238646.961,0.3,0.12,0.3,0.5,3766719.055,25046.08293,4353.391291,2185.311504,1538.765402,1168.94861,1780.452615,209.7251569,1112.217483,8739.670048,0.29514138,845.7255953,1057.156994,304.8745678,3720,33.13767361,1719.232939,1883.359527,667.6057676,0.268050378,0.56494053,963.4036341
290,398.7697181,29962.48087,103.245864,33.70021519,4.469486694,20.64917279,30.97375919,0.545823633,0.025145106,0.016277454,0.008867652,21.70695324,4895134.938,5876512.53,2938256.265,3092901.332,0.3,0.15,0.2,0.5,3808802.724,25397.76132,4536.072496,2185.311504,1610.569018,1182.712599,1705.30165,214.3474095,1163.164565,8837.314014,0.294946004,844.7195537,1055.899442,305.0593588,3720,33.41946637,1721.560205,1904.401362,671.1987731,0.268715246,0.564598315,963.9875739
320,398.7697181,29158.71864,91.05288049,31.64777536,4.223069059,18.2105761,27.31586415,0.602288146,0.02800303,0.017205794,0.010797236,21.50796379,5637033.696,6767147.294,3383573.647,3561656.47,0.2,0.12,0.3,0.5,3727120.487,24585.86531,4056.286719,2185.311504,1420.366325,1150.937981,1946.346665,201.8503422,1028.209354,8647.7921,0.296576547,852.8533325,1066.066666,305.4056139,3720,32.8167369,1716.431815,1863.560244,664.0309215,0.267334334,0.563958199,965.0817399
320,398.7697181,29576.50918,92.35004437,31.87240951,4.250022507,18.47000887,27.70501331,0.602288146,0.027936945,0.017139709,0.010797236,21.55884103,5717340.398,6863553.899,4118132.339,2889917.431,0.1,0.12,0.2,0.4,3787535.936,24996.63707,4118.963651,2185.311504,1440.601246,1167.334981,2100.373044,203.2198116,1042.566712,8787.970086,0.297126684,859.8721152,1074.840144,305.5211002,3720,33.49666484,1719.18136,1893.767968,669.4453636,0.268251179,0.563745024,965.4466767
300,398.7697181,30167.10042,100.4833996,33.24631401,4.414963414,20.09667992,30.14501987,0.564645137,0.025999123,0.016509365,0.009489758,21.71785316,5221446.059,6268242.568,4074357.669,2309352.525,0.2,0.1,0.2,0.35,3842545.784,25591.59496,4441.598929,2185.311504,1567.476352,1190.759939,1986.896331,211.5866153,1132.588868,8915.605811,0.295540695,855.5054604,1069.381826,305.7228094,3720,34.04848365,1723.069178,1921.272892,674.7021769,0.269278153,0.563373077,966.0840778
310,398.7697181,29306.18378,94.46044104,32.23452887,4.293481422,18.89208821,28.33813231,0.583466642,0.027039247,0.016906294,0.010132953,21.57850956,5364682.032,6440194.517,3220097.258,3389576.061,0.2,0.15,0.2,0.5,3729030.361,24737.52203,4187.610513,2185.311504,1473.522076,1156.697969,1858.077183,205.4265591,1065.925148,8652.223454,0.295235419,848.6617538,1060.827192,305.8885504,3720,32.89824957,1717.524547,1864.51518,664.6304333,0.267524379,0.563067822,966.6078193
280,398.7697181,30826.65772,110.0355654,34.79067719,4.600532197,22.00711309,33.01066963,0.527002128,0.024172495,0.015905861,0.008266634,21.80172647,4746069.653,5697562.609,3418537.565,2398973.73,0.2,0.1,0.4,0.4,3931844.841,26253.88319,4819.223406,2185.311504,1716.483991,1217.026419,1762.841415,220.9733595,1238.314801,9122.800531,0.295938684,852.7745366,1065.968171,306.0291579,3720,34.42366003,1727.420458,1965.922421,681.6375215,0.270545681,0.562809116,967.0521391
330,398.7697181,29041.61035,87.9361994,31.10141787,4.157530888,17.58723988,26.38085982,0.621109651,0.028991074,0.017508467,0.011482607,21.42416825,5919961.15,7106796.099,3553398.049,3740418.999,0.1,0.15,0.2,0.5,3727059.45,24462.68721,3936.529535,2185.311504,1371.748106,1146.277692,2037.795334,198.5177129,993.7130921,8647.650481,0.297767595,858.9231332,1073.653917,306.1745809,3720,32.7647562,1715.880445,1863.529725,663.8574167,0.267252928,0.5625418,967.5116756
280,398.7697181,30992.39998,110.6247592,34.8836975,4.611714419,22.12495184,33.18742775,0.527002128,0.024151134,0.0158845,0.008266634,21.82100997,4771482.842,5728070.639,3723245.915,2110341.814,0.2,0.1,0.3,0.35,3952970.069,26416.71942,4847.292501,2185.311504,1725.675034,1223.543257,1825.105538,221.5381497,1244.836156,9171.816004,0.295937585,855.6805592,1069.600699,306.3418231,3720,34.69718217,1728.576636,1976.485034,683.7214323,0.270909554,0.56223469,968.0401611
310,398.7697181,30124.70019,97.119006,32.68499757,4.347558119,19.4238012,29.1357018,0.583466642,0.026914294,0.016781341,0.010132953,21.67869017,5515669.636,6621452.144,4635016.501,2090984.888,0.1,0.1,0.2,0.3,3845698.185,25541.53937,4315.616511,2185.311504,1514.993978,1189.253802,2154.058866,208.1701848,1095.350858,8922.920119,0.296199466,863.1608225,1078.951028,306.8665514,3720,34.21670523,1723.108927,1922.849092,675.2117986,0.269339849,0.561273294,969.6983023
300,398.7697181,29938.37465,99.72541741,33.12068223,4.399874966,19.94508348,29.91762522,0.564645137,0.026031962,0.016542204,0.009489758,21.69045652,5182058.827,6220958.976,3732575.386,2619351.148,0.2,0.1,0.3,0.4,3805006.835,25365.11097,4405.204724,2185.311504,1555.652318,1181.777374,1914.75939,210.8221844,1124.199318,8828.506661,0.294889311,853.2636752,1066.579594,307.1094348,3720,33.69957648,1721.967591,1902.503417,671.6724719,0.268814194,0.5608294,970.465814
290,398.7697181,30291.12915,104.3723724,33.88356676,4.491515269,20.87447448,31.31171172,0.545823633,0.025099473,0.016231822,0.008867652,21.74641776,4948545.414,5940630.749,3564378.45,2501318.21,0.1,0.15,0.2,0.4,3849335.308,25719.09474,4589.792268,2185.311504,1628.141825,1195.617438,1833.480063,215.4621563,1175.633062,8931.359096,0.294850649,852.0344136,1065.043017,307.1206948,3720,33.97182497,1724.257014,1924.667654,675.3155355,0.269480434,0.560808838,970.5013957
280,398.7697181,30393.89725,108.4635045,34.54125866,4.57055162,21.6927009,32.53905135,0.527002128,0.024230502,0.015963868,0.008266634,21.74953391,4678263.299,5616162.423,2808081.212,2955874.96,0.2,0.15,0.4,0.5,3862268.183,25826.58347,4744.41122,2185.311504,1691.960852,1199.638487,1634.464417,219.4586397,1220.91481,8961.366394,0.294840978,847.313788,1059.142235,307.4237748,3720,33.77709698,1725.005707,1931.134091,675.9191576,0.269632303,0.560255953,971.4591283
320,398.7697181,29082.49461,90.81613456,31.60660501,4.218129569,18.16322691,27.24484037,0.602288146,0.028015274,0.017218038,0.010797236,21.4985632,5622376.885,6749552.083,3374776.042,3552395.833,0.3,0.1,0.3,0.5,3705122.503,24508.78185,4044.825919,2185.311504,1416.673241,1147.945359,1941.602477,201.5993032,1025.588987,8596.751627,0.295598838,853.7127668,1067.140958,307.4685894,3720,32.7392181,1716.502651,1852.561252,662.8554982,0.267210285,0.560174294,971.6007425
280,398.7697181,30757.69426,109.7903789,34.75189445,4.59587018,21.95807578,32.93711367,0.527002128,0.024181445,0.015914811,0.008266634,21.79365766,4735494.234,5684867.028,3410920.217,2393628.222,0.2,0.12,0.3,0.4,3912620.12,26184.09568,4807.510213,2185.311504,1712.659239,1214.314509,1759.147614,220.7378632,1235.601011,9078.194676,0.29515199,853.5985827,1066.998228,307.8739497,3720,34.35438008,1727.482217,1956.31006,680.5959956,0.270435649,0.559436744,972.881681
320,398.7697181,29482.50728,92.05823238,31.8220137,4.243975233,18.41164648,27.61746971,0.602288146,0.027951665,0.017154429,0.010797236,21.54748747,5699274.478,6841866.12,4105119.672,2880785.735,0.2,0.1,0.2,0.4,3760601.541,24901.60898,4104.803142,2185.311504,1436.049167,1163.646286,2094.123594,202.9126134,1039.336858,8725.475985,0.29595434,860.8983031,1076.122879,308.0310618,3720,33.40057153,1719.260572,1880.300771,668.0020925,0.26809799,0.559151402,973.3781554
280,398.7697181,30916.91221,110.3564154,34.8413629,4.606625196,22.07128307,33.10692461,0.527002128,0.024160837,0.015894204,0.008266634,21.81224597,4759908.598,5714175.988,3714214.392,2105222.732,0.2,0.12,0.2,0.35,3931989.774,26340.34067,4834.461704,2185.311504,1721.489043,1220.575212,1820.933927,221.2811155,1241.866054,9123.136808,0.295085639,856.5715445,1070.714431,308.3500972,3720,34.6211815,1728.64157,1965.994887,682.5832743,0.270789027,0.558572874,974.3863072
310,398.7697181,29646.70333,95.58440274,32.42573716,4.316433139,19.11688055,28.67532082,0.583466642,0.026985658,0.016852705,0.010132953,21.62136063,5428515.072,6516824.817,3910094.89,2743926.239,0.1,0.15,0.1,0.4,3767625.299,25069.55814,4241.608779,2185.311504,1491.055155,1170.461595,2000.337389,206.5913374,1078.365458,8741.772746,0.294864918,857.1451883,1071.431485,308.5907689,3720,33.48589563,1720.481559,1883.812649,668.8868835,0.268334476,0.55813724,975.1468298
300,398.7697181,29522.63574,98.3472041,32.89102074,4.372295515,19.66944082,29.50416123,0.564645137,0.026092834,0.016603075,0.009489758,21.63985502,5110442.356,6134984.821,3067492.411,3228939.38,0.1,0.15,0.4,0.5,3740661.548,24954.36765,4339.170505,2185.311504,1534.153078,1165.444691,1775.453077,209.4244343,1108.944884,8679.210531,0.293984948,848.2680892,1060.335112,308.7386479,3720,33.04618919,1719.716017,1870.330774,666.219693,0.267948969,0.557869904,975.6141274
290,398.7697181,30644.81261,105.617742,34.08511643,4.515732893,21.12354841,31.68532261,0.545823633,0.025050041,0.016182389,0.008867652,21.78933123,5007591.386,6011514.269,4208059.988,1898372.927,0.1,0.1,0.3,0.3,3893984.616,26065.02674,4649.302103,2185.311504,1647.568789,1209.883913,1966.135929,216.6872383,1189.417147,9034.955945,0.294828233,859.7858665,1074.732333,309.0755678,3720,34.55111541,1727.083064,1946.992308,679.7827651,0.270299495,0.557261777,976.6787943
300,398.7697181,29864.85144,99.48172168,33.08018952,4.395012016,19.89634434,29.8445165,0.564645137,0.026042615,0.016552857,0.009489758,21.68158368,5169395.6,6205757.023,3723454.214,2612950.325,0.2,0.12,0.2,0.4,3784162.137,25290.70235,4393.483793,2185.311504,1551.850822,1178.889428,1910.356661,210.5757715,1121.502029,8780.142082,0.29399584,854.1490901,1067.686363,309.1171773,3720,33.62491057,1722.042679,1892.081068,670.5505154,0.268696627,0.557186765,976.8102802
320,398.7697181,29017.48205,90.61419295,31.57144473,4.213911265,18.12283859,27.18425788,0.602288146,0.028025765,0.017228529,0.010797236,21.49051612,5609874.792,6734543.567,3367271.784,3544496.614,0.3,0.12,0.2,0.5,3686336.757,24442.98391,4035.053237,2185.311504,1413.523081,1145.392686,1937.5552,201.3848996,1023.353843,8553.164299,0.294759011,854.4981446,1068.122681,309.2792598,3720,32.67301816,1716.576977,1843.168379,661.8517608,0.267105909,0.556894763,977.3224608
310,398.7697181,29171.6334,94.02917053,32.16085938,4.284639277,18.80583411,28.20875116,0.583466642,0.027060115,0.016927162,0.010132953,21.5618687,5340188.931,6410791.034,3205395.517,3374100.544,0.3,0.15,0.1,0.5,3690377.104,24601.36741,4166.83174,2185.311504,1466.794534,1151.41679,1850.126949,204.9777075,1061.15173,8562.53885,0.293522777,850.2659901,1062.832488,309.5800961,3720,32.76175079,1717.663854,1845.188552,662.561198,0.267307642,0.556353597,978.2731036
280,398.7697181,30677.74983,109.5061333,34.70687923,4.590459084,21.90122665,32.85183998,0.527002128,0.024191865,0.015925231,0.008266634,21.78427068,4723234.11,5670148.991,3402089.395,2387431.154,0.3,0.1,0.3,0.4,3890357.801,26103.25324,4793.937857,2185.311504,1708.22519,1211.170582,1754.86483,220.4645076,1232.454904,9026.540885,0.294237385,854.4965924,1068.120741,309.9570503,3720,34.27408406,1727.538386,1945.178901,679.3888853,0.270306395,0.555676988,979.4642789
320,398.7697181,29402.41776,91.80958111,31.77900867,4.238814989,18.36191622,27.54287433,0.602288146,0.027964274,0.017167038,0.010797236,21.53777137,5683880.615,6823386.092,4094031.655,2873004.67,0.2,0.12,0.1,0.4,3737624.952,24820.58146,4092.742219,2185.311504,1432.170367,1160.503171,2088.797674,202.6504504,1036.58472,8672.164917,0.29494734,861.8362971,1077.295371,310.2317909,3720,33.31859001,1719.344952,1868.812476,666.770839,0.267969192,0.555184881,980.3324594
330,398.7697181,28893.80459,87.49196996,31.02276051,4.148097763,17.49839399,26.24759099,0.621109651,0.029015651,0.017533043,0.011482607,21.40602172,5890055.138,7070894.524,3535447.262,3721523.433,0.2,0.15,0.1,0.5,3684130.845,24313.18268,3914.927698,2185.311504,1364.818413,1140.486866,2028.140546,198.0377137,988.7962415,8548.046066,0.295843562,860.6219099,1075.777387,310.2398989,3720,32.61391624,1716.034934,1842.065423,661.5700194,0.267013395,0.555170372,980.3580804
290,398.7697181,29818.21499,102.7512206,33.61939064,4.459776859,20.55024412,30.82536619,0.545823633,0.025165425,0.016297773,0.008867652,21.68942614,4871682.706,5848358.591,2924179.295,3078083.469,0.1,0.2,0.2,0.5,3767367.876,25250.36444,4512.394928,2185.311504,1602.8529,1177.046161,1697.650093,213.8559252,1157.68972,8741.175464,0.293148851,847.8505495,1059.813187,310.3186732,3720,33.27303591,1722.070411,1883.683938,668.9803561,0.268523407,0.555029442,980.6070074
280,398.7697181,30273.51141,108.0362359,34.4731576,4.562366437,21.60724718,32.41087077,0.527002128,0.024246528,0.015979894,0.008266634,21.73515861,4659834.288,5594038.761,2797019.381,2944230.927,0.3,0.15,0.3,0.5,3828473.833,25704.74799,4724.052504,2185.311504,1685.295737,1194.912644,1628.436449,219.0449782,1216.185686,8882.95559,0.293423365,848.7634257,1060.954282,310.6526217,3720,33.65662676,1725.114165,1914.236916,674.0940188,0.269439514,0.554432791,981.6622847
290,398.7697181,29799.27285,102.6862683,33.60876301,4.458500146,20.53725366,30.80588049,0.545823633,0.025168106,0.016300455,0.008867652,21.68711551,4868603.16,5844661.656,2922330.828,3076137.714,0.3,0.12,0.4,0.5,3762045.076,25231.28725,4509.292531,2185.311504,1601.839686,1176.302093,1696.645202,213.791296,1156.97081,8728.825323,0.292920749,847.9856072,1059.982009,310.7410164,3720,33.2540628,1722.063598,1881.022538,668.6928204,0.268490351,0.554275075,981.9416117
290,398.7697181,30138.34956,103.8487282,33.79846166,4.48129012,20.76974565,31.15461847,0.545823633,0.025120575,0.016252923,0.008867652,21.72815061,4923718.184,5910826.151,3546495.691,2488768.906,0.2,0.15,0.1,0.4,3806349.143,25564.52171,4564.709282,2185.311504,1619.973313,1189.618775,1824.826771,214.9447647,1169.837228,8831.62113,0.293035991,853.827846,1067.284808,311.2094122,3720,33.81742783,1724.39163,1903.174571,672.9950467,0.269234952,0.553440845,983.4217426
300,398.7697181,29779.58524,99.19907909,33.03316318,4.389364567,19.83981582,29.75972373,0.564645137,0.02605503,0.016565271,0.009489758,21.67125298,5154708.566,6188125.53,3712875.318,2605526.539,0.3,0.1,0.2,0.4,3760015.375,25204.47471,4379.897184,2185.311504,1547.441779,1175.539937,1905.249596,210.2895824,1118.373665,8724.115941,0.292956261,855.1105269,1068.888159,311.3822192,3720,33.53833508,1722.112119,1880.007688,669.2496352,0.268558332,0.553133703,983.9678128
330,398.7697181,29562.7029,89.53397059,31.38269709,4.191268372,17.90679412,26.86019118,0.621109651,0.028904502,0.017421895,0.011482607,21.48833578,6027524.855,7235924.195,4703350.727,2665866.809,0.1,0.1,0.2,0.35,3780965.401,24969.52723,4014.023984,2185.311504,1396.672308,1167.105715,2275.028021,200.2337571,1011.397652,8772.724906,0.296749757,873.1756708,1091.469589,311.3906967,3720,33.69592457,1720.70572,1890.482701,670.2745599,0.268515491,0.553118644,983.9946016
280,398.7697181,30609.44936,109.2632726,34.66837173,4.585830356,21.85265452,32.77898178,0.527002128,0.024200806,0.015934172,0.008266634,21.77622237,4712759.009,5657573.84,3394544.304,2382136.354,0.3,0.12,0.2,0.4,3871315.855,26034.13684,4782.345445,2185.311504,1704.436719,1208.484398,1751.205136,220.2306578,1229.766857,8982.359113,0.293450529,855.3125273,1069.140659,311.7842031,3720,34.20540351,1727.59927,1935.657928,678.3564416,0.270197285,0.552420547,985.2380817
290,398.7697181,30342.01634,104.5467502,33.91186006,4.494914743,20.90935004,31.36402507,0.545823633,0.025092488,0.016224837,0.008867652,21.7524713,4956813.087,5950555.926,3867861.352,2192310.078,0.1,0.1,0.4,0.35,3836986.586,25764.05335,4598.024404,2185.311504,1630.862007,1197.615043,1891.833353,215.6341511,1177.563123,8902.707171,0.293411851,857.9629841,1072.45373,312.1008268,3720,34.13284995,1725.956001,1918.493293,675.6305882,0.269706617,0.551860121,986.2386127
310,398.7697181,29132.31486,93.90312546,32.13929651,4.282051288,18.78062509,28.17093764,0.583466642,0.027066246,0.016933293,0.010132953,21.55698407,5333030.467,6402197.439,3201098.719,3369577.599,0.2,0.12,0.4,0.5,3678445.965,24560.07987,4160.734631,2185.311504,1464.828312,1149.873288,1847.802995,204.8463213,1059.75663,8534.855814,0.292968679,852.2349912,1065.293739,312.1186107,3720,32.72039714,1718.105872,1839.222983,661.9349219,0.267286949,0.551828677,986.2948098
300,398.7697181,29393.76899,97.91986791,32.81948426,4.363705696,19.58397358,29.37596037,0.564645137,0.02611202,0.016622262,0.009489758,21.62395462,5088236.57,6108327.215,3054163.607,3214909.061,0.2,0.15,0.3,0.5,3703908.444,24823.96373,4318.670407,2185.311504,1527.486908,1160.380494,1768.225782,208.9889663,1104.215012,8593.934726,0.29237267,849.8052625,1062.256578,312.2451804,3720,32.91593054,1719.842362,1851.954222,664.2454465,0.267741443,0.551604991,986.6947702
310,398.7697181,29757.98469,95.94172059,32.48628829,4.32370201,19.18834412,28.78251618,0.583466642,0.026968858,0.016835905,0.010132953,21.63482915,5448808.188,6541186.301,4251771.095,2409910.742,0.1,0.1,0.3,0.35,3770124.957,25175.22779,4258.744693,2185.311504,1496.629083,1174.837181,2068.376943,206.960132,1082.320347,8747.572538,0.293957156,862.7569022,1078.446128,312.2860818,3720,33.71926463,1722.220436,1885.062478,670.0867453,0.268664507,0.551532745,986.8240183
320,398.7697181,29309.50683,91.5210924,31.72904058,4.232819432,18.30421848,27.45632772,0.602288146,0.027978981,0.017181745,0.010797236,21.52645006,5666020.437,6801945.303,4081167.182,2863976.97,0.3,0.1,0.1,0.4,3711001.602,24726.65743,4078.757612,2185.311504,1427.670129,1156.856485,2082.61754,202.3458202,1033.391649,8610.392513,0.293774732,862.8494006,1078.561751,312.7120484,3720,33.22349936,1719.422566,1855.500801,665.3427454,0.267817529,0.550781465,988.1700729
330,398.7697181,28852.9955,87.36926365,31.00099837,4.145488,17.47385273,26.21077909,0.621109651,0.029022479,0.017539872,0.011482607,21.4009853,5881794.415,7060977.689,3530488.845,3716304.047,0.1,0.12,0.4,0.5,3671540.114,24270.15986,3908.933518,2185.311504,1362.904273,1138.887308,2025.473201,197.9049028,987.4380952,8518.832623,0.295249504,862.8356434,1078.544554,313.0622077,3720,32.57056122,1716.544911,1835.770057,660.9132761,0.266996913,0.550165417,989.2765763
300,398.7697181,29706.83411,98.95790129,32.9929828,4.384539388,19.79158026,29.68737039,0.564645137,0.026065673,0.016575915,0.009489758,21.66240381,5142176.179,6173080.648,3703848.389,2599191.852,0.3,0.12,0.1,0.4,3739387.809,25130.84786,4368.308107,2185.311504,1543.679561,1172.68183,1900.891158,210.0450417,1115.704244,8676.255159,0.292062598,855.9862542,1069.982818,313.3688635,3720,33.46437415,1722.186049,1869.693904,668.1383584,0.268441835,0.549627037,990.2456086
320,398.7697181,28923.56034,90.32242077,31.52057468,4.207808393,18.06448415,27.09672623,0.602288146,0.028040996,0.01724376,0.010797236,21.47884281,5591811.337,6712858.747,3356429.374,3533083.551,0.1,0.15,0.3,0.5,3658492.808,24346.26764,4020.910446,2185.311504,1408.971623,1141.704498,1931.706675,201.074681,1020.12443,8488.559819,0.293482535,857.2927001,1071.615875,313.5113637,3720,32.57573018,1717.128569,1829.246404,660.3773755,0.267002276,0.549377215,990.6959093
290,398.7697181,29694.66468,102.327544,33.55000721,4.451441867,20.4655088,30.6982632,0.545823633,0.025182969,0.016315318,0.008867652,21.67431582,4851595.178,5824243.911,2912121.955,3065391.532,0.2,0.2,0.1,0.5,3732386.599,25125.32804,4492.152938,2185.311504,1596.243818,1172.192691,1691.094658,213.4339715,1153.000353,8660.010712,0.291635242,849.3366396,1061.6708,313.6617146,3720,33.14866043,1722.187547,1866.193299,667.0957459,0.268324914,0.549113877,991.171018
310,398.7697181,29493.86501,95.06181982,32.33697602,4.305778318,19.01236396,28.51854595,0.583466642,0.027010432,0.016877479,0.010132953,21.60152941,5398836.075,6481195.769,3888717.461,2728924.534,0.1,0.1,0.4,0.4,3725175.262,24914.03525,4216.366997,2185.311504,1482.903198,1164.062234,1990.042667,206.0506713,1072.58137,8643.278723,0.293053444,859.8297653,1074.787207,313.7837229,3720,33.3286127,1720.916337,1862.587631,666.5218247,0.268117699,0.548900365,991.5565644
330,398.7697181,29470.34406,89.25575442,31.33390015,4.185415013,17.85115088,26.77672633,0.621109651,0.028919376,0.017436768,0.011482607,21.4772843,6008795.038,7213439.421,4688735.624,2657582.945,0.1,0.12,0.1,0.35,3754475.123,24876.14514,4000.450048,2185.311504,1392.332315,1163.478979,2268.355728,199.9361026,1008.318281,8711.261258,0.295594148,874.1989216,1092.748652,313.8963524,3720,33.60082778,1720.794389,1877.237561,668.8537143,0.268365883,0.548703413,991.9124737
290,398.7697181,30091.27318,103.6873571,33.77219164,4.478133949,20.73747142,31.10620712,0.545823633,0.025127116,0.016259464,0.008867652,21.7224942,4916067.189,5901641.284,3540984.77,2484901.593,0.1,0.12,0.4,0.4,3792439.423,25515.32499,4556.953853,2185.311504,1617.456027,1187.77017,1822.15963,214.785046,1168.051129,8799.347324,0.292421902,855.9481917,1069.93524,313.9929223,3720,33.76832475,1724.85195,1896.219712,672.2574987,0.269203819,0.548534657,992.2176345
310,398.7697181,29060.55534,93.67307611,32.09990401,4.277323473,18.73461522,28.10192283,0.583466642,0.027077476,0.016944523,0.010132953,21.54804417,5319965.297,6386512.962,3193256.481,3361322.612,0.3,0.1,0.4,0.5,3657843.152,24487.49603,4149.660838,2185.311504,1461.23969,1147.05619,1843.561017,204.6062861,1057.210382,8487.052463,0.292047153,853.0593083,1066.324135,314.0573497,3720,32.64755533,1718.171566,1828.921576,660.8307593,0.267170325,0.548422128,992.421225
290,398.7697181,30265.12912,104.2832499,33.86909725,4.489776761,20.85664997,31.28497496,0.545823633,0.025103051,0.0162354,0.008867652,21.74331818,4944319.9,5935558.103,3858112.767,2186784.564,0.1,0.12,0.3,0.35,3815408.74,25686.24928,4585.395975,2185.311504,1626.75157,1194.596485,1887.33924,215.3741938,1174.64663,8852.641516,0.292503015,858.8798388,1073.599799,314.1721721,3720,34.05490416,1726.027719,1907.70437,674.4639049,0.269583649,0.548221693,992.784064
310,398.7697181,29674.34045,95.67313086,32.44078358,4.318239363,19.13462617,28.70193926,0.583466642,0.026981476,0.016848523,0.010132953,21.62471197,5433554.2,6522874.189,4239868.223,2403164.175,0.1,0.12,0.2,0.35,3746365.961,25090.61725,4245.76742,2185.311504,1492.439256,1171.548128,2062.915714,206.6829825,1079.347524,8692.446104,0.292928031,863.7231959,1079.653995,314.5525927,3720,33.63369698,1722.300525,1873.18298,668.8070621,0.268529789,0.547558672,993.9861929
330,398.7697181,29216.02929,88.45993697,31.19389855,4.168622518,17.69198739,26.53798109,0.621109651,0.028962385,0.017479778,0.011482607,21.44538996,5955219.736,7149123.333,4289474,3010157.193,0.1,0.1,0.3,0.4,3714298.196,24625.07224,3961.774154,2185.311504,1379.918075,1153.104962,2182.568572,199.0819993,999.5099599,8618.041383,0.294976477,870.9570565,1088.696321,315.0553024,3720,33.20644545,1719.458536,1857.149098,665.4617676,0.267834935,0.546684975,995.5747556
330,398.7697181,28774.18953,87.13234292,30.95893687,4.140444015,17.42646858,26.13970287,0.621109651,0.029035713,0.017553105,0.011482607,21.39123147,5865844.652,7041830.315,3520915.158,3706226.482,0.2,0.1,0.4,0.5,3648667.45,24190.48535,3897.424227,2185.311504,1359.208462,1135.798889,2020.322525,197.6481965,984.815793,8465.762688,0.294213767,863.7041845,1079.630231,315.1940501,3720,32.49008447,1716.617067,1824.333725,659.6929758,0.266867972,0.546444325,996.0131985
310,398.7697181,29019.666,93.541982,32.07743447,4.274626777,18.7083964,28.0625946,0.583466642,0.027083897,0.016950944,0.010132953,21.54293536,5312520.083,6377575.13,3188787.565,3356618.489,0.1,0.2,0.1,0.5,3646039.413,24445.99008,4143.349874,2185.311504,1459.194706,1145.45086,1841.143458,204.4693639,1055.759397,8459.665025,0.2915149,853.6759239,1067.094905,315.3050823,3720,32.60589162,1718.248252,1823.019706,660.199283,0.26710802,0.546251899,996.36406
280,398.7697181,30134.30942,107.5421119,34.39423253,4.552880672,21.50842238,32.26263358,0.527002128,0.024265203,0.015998569,0.008266634,21.71843089,4638521.662,5568453.376,2784226.688,2930764.935,0.1,0.2,0.3,0.5,3788851.532,25562.58863,4700.500508,2185.311504,1677.587721,1189.447342,1621.463585,218.5655241,1210.716589,8791.022577,0.291728025,851.7207889,1064.650986,315.6309629,3720,33.51598364,1725.581331,1894.425766,671.9638903,0.269252757,0.545687909,997.3938427
300,398.7697181,29266.0182,97.49617619,32.7484036,4.355170995,19.49923524,29.24885286,0.564645137,0.026131192,0.016641434,0.009489758,21.60808961,5066220.163,6081896.955,3040948.477,3200998.397,0.3,0.15,0.2,0.5,3667470.993,24694.68976,4298.360559,2185.311504,1520.87759,1155.359487,1761.058379,208.5562317,1099.525479,8509.391308,0.290760132,851.3284463,1064.160558,315.7211996,3720,32.78668591,1719.967041,1833.735496,662.2867039,0.267535471,0.545531945,997.6789907
280,398.7697181,30490.61088,108.8066835,34.59585984,4.577114446,21.7613367,32.64200505,0.527002128,0.024217712,0.015951078,0.008266634,21.76102071,4693065.343,5633931.984,3380359.19,2372181.888,0.1,0.15,0.3,0.4,3839405.659,25913.22168,4760.552585,2185.311504,1697.314223,1203.43425,1744.32358,219.7902739,1224.713206,8908.319986,0.292166006,857.3891943,1071.736493,315.7465573,3720,34.08479106,1727.920245,1919.702829,676.5410649,0.270029458,0.545488133,997.7591211
310,398.7697181,28999.30766,93.4767098,32.06624094,4.273283394,18.69534196,28.04301294,0.583466642,0.0270871,0.016954147,0.010132953,21.54038777,5308813.086,6373124.953,3186562.477,3354276.291,0.3,0.12,0.3,0.5,3640236.734,24425.49621,4140.211326,2185.311504,1458.176502,1144.651561,1839.939677,204.4011525,1055.036947,8446.201451,0.291255279,853.811454,1067.264317,315.7594967,3720,32.58530817,1718.240539,1820.118367,659.8872477,0.267072111,0.54546578,997.8000095
310,398.7697181,29418.2327,94.81946507,32.29572906,4.300827278,18.96389301,28.44583952,0.583466642,0.027022005,0.016889052,0.010132953,21.59227815,5385072.047,6464672.325,3878803.395,2721967.295,0.1,0.12,0.3,0.4,3703583.425,24837.50236,4204.675426,2185.311504,1479.12262,1161.094446,1985.267362,205.7994036,1069.898922,8593.180606,0.292103904,860.7303374,1075.912922,315.8570424,3720,33.25138849,1720.994698,1851.791713,665.3618259,0.267996227,0.545297324,998.1082541
290,398.7697181,30009.91414,103.4084521,33.72673974,4.472673314,20.68169043,31.02253564,0.545823633,0.025138465,0.016270813,0.008867652,21.71268772,4902843.635,5885766.668,3531460.001,2478217.545,0.2,0.1,0.4,0.4,3769560.46,25433.04451,4543.607344,2185.311504,1613.105289,1184.575145,1817.549377,214.5086909,1164.964134,8746.262772,0.291445778,856.8696288,1071.087036,316.1380297,3720,33.686045,1724.914355,1884.78023,671.0209796,0.269071961,0.544812657,998.9961739
290,398.7697181,30176.01192,103.9778075,33.81946012,4.483812983,20.79556151,31.19334226,0.545823633,0.025115356,0.016247704,0.008867652,21.73266593,4929838.144,5918173.042,3846812.478,2180379.542,0.2,0.1,0.3,0.35,3790426.21,25596.13584,4570.765681,2185.311504,1621.986867,1191.097457,1882.129069,215.072429,1171.265913,8794.676197,0.291445941,859.8760795,1074.845099,316.5086525,3720,33.96457333,1726.092923,1895.213105,673.1118841,0.269439135,0.544174697,1000.167342
330,398.7697181,29363.24195,88.93308159,31.27721051,4.178615163,17.78661632,26.67992448,0.621109651,0.028936731,0.017454123,0.011482607,21.4644031,5987072.35,7187361.765,4671785.147,2647975.387,0.2,0.1,0.1,0.35,3723793.316,24767.94444,3984.718214,2185.311504,1387.298826,1159.27272,2260.615978,199.5902782,1004.746852,8640.072283,0.2942479,875.2975109,1094.121889,316.7166664,3720,33.49055924,1720.873406,1861.896658,667.2062477,0.268189741,0.543817293,1000.824666
330,398.7697181,28707.01284,86.93035497,30.92303194,4.136138452,17.38607099,26.07910649,0.621109651,0.029047046,0.017564439,0.011482607,21.3828849,5852246.603,7025506.126,3512753.063,3697634.803,0.2,0.12,0.3,0.5,3629145.895,24122.51287,3887.615366,2185.311504,1356.05758,1133.165843,2015.930685,197.4290524,982.5801362,8420.46811,0.293324428,864.4999681,1080.62496,317.0655105,3720,32.42139449,1716.693318,1814.572948,658.6514628,0.26675957,0.54321897,1001.927013
310,398.7697181,29577.36876,95.36171912,32.3879439,4.311896389,19.07234382,28.60851574,0.583466642,0.026996185,0.016863232,0.010132953,21.61292958,5415868.225,6501642.527,4226067.643,2395341.984,0.2,0.1,0.2,0.35,3718852.717,24992.60137,4230.73061,2185.311504,1487.581434,1167.734692,2056.582828,206.3611373,1075.900736,8628.608938,0.291730106,864.7673906,1080.959238,317.1064932,3720,33.53450721,1722.372817,1859.426359,667.3237079,0.268371321,0.543148765,1002.056518
320,398.7697181,28784.53404,89.89047627,31.44511471,4.198755885,17.97809525,26.96714288,0.602288146,0.028063709,0.017266473,0.010797236,21.46145947,5565069.89,6680756.171,3340378.085,3516187.458,0.2,0.15,0.2,0.5,3618347.562,24205.63364,4000.033393,2185.311504,1402.233567,1136.244442,1923.046506,200.614466,1015.343553,8395.41345,0.291664039,858.9004095,1073.625512,317.3144562,3720,32.43403671,1717.267651,1809.173781,658.2291884,0.266776647,0.542792793,1002.713682
330,398.7697181,29133.05977,88.21067632,31.14991877,4.163347727,17.64213526,26.4632029,0.621109651,0.028976001,0.017493393,0.011482607,21.43531313,5938439.237,7128978.676,4277387.206,3001675.232,0.1,0.12,0.2,0.4,3690363.128,24541.14954,3949.638184,2185.311504,1376.029769,1149.855682,2176.775893,198.8136585,996.7510763,8562.506423,0.293910303,871.9102323,1089.88779,317.3360974,3720,33.12115845,1719.545482,1845.181564,664.1813744,0.267700907,0.542755777,1002.782068
290,398.7697181,29590.62807,101.970739,33.49146353,4.444409311,20.3941478,30.5912217,0.545823633,0.025197846,0.016330194,0.008867652,21.66151973,4834678.194,5803935.407,2901967.704,3054702.846,0.2,0.15,0.4,0.5,3702394.781,25018.7793,4475.093155,2185.311504,1590.67789,1168.105276,1685.57272,213.0779096,1149.05114,8590.422672,0.2903089,851.8487659,1064.810957,317.7023022,3720,33.04263991,1722.622819,1851.19739,665.489851,0.268193449,0.54213016,1003.939275
300,398.7697181,29599.19086,98.60101685,32.93343567,4.377388717,19.72020337,29.58030505,0.564645137,0.026081509,0.016591751,0.009489758,21.64925129,5123631.297,6150817.883,3690490.73,2589818.056,0.1,0.15,0.2,0.4,3708134.087,25020.18277,4351.135896,2185.311504,1538.112393,1168.452528,1894.440715,209.6826095,1111.754151,8603.739206,0.290674811,859.0080843,1073.760105,317.9870188,3720,33.35322028,1722.756753,1854.067043,666.4687678,0.268318426,0.541644752,1004.83898
290,398.7697181,29940.44754,103.1702955,33.68787988,4.468004766,20.63405911,30.95108866,0.545823633,0.025148199,0.016280547,0.008867652,21.70428348,4891552.057,5872211.353,3523326.812,2472510.043,0.2,0.12,0.3,0.4,3750002.524,25362.73955,4532.214734,2185.311504,1609.390199,1181.846917,1813.612171,214.2724034,1162.328153,8700.883782,0.290606337,857.7079965,1072.134996,318.0199104,3720,33.61570724,1724.981313,1875.001262,669.9639805,0.268960776,0.541588732,1004.942917
310,398.7697181,29330.50011,94.53830743,32.24781205,4.295075775,18.90766149,28.36149223,0.583466642,0.027035497,0.016902544,0.010132953,21.58150224,5369104.29,6445503.35,3867302.01,2713896.147,0.2,0.1,0.3,0.4,3678566.422,24748.79483,4191.119825,2185.311504,1474.736741,1157.651492,1979.726702,205.5074856,1066.786994,8535.135302,0.290998628,861.7052784,1077.131598,318.1944935,3720,33.16182566,1721.066782,1839.283211,664.0165242,0.267853241,0.54129158,1005.4946
320,398.7697181,29602.17508,92.4296445,31.88614259,4.251670453,18.4859289,27.72889335,0.602288146,0.027932944,0.017135708,0.010797236,21.56192889,5722268.397,6869469.865,4808628.905,2169306.273,0.1,0.1,0.2,0.3,3733781.844,25008.6907,4122.576224,2185.311504,1441.842957,1168.341179,2230.23003,203.3035207,1043.447747,8663.248008,0.292655793,873.4843776,1091.855472,318.3607585,3720,33.77372452,1722.878918,1866.890922,668.7831279,0.268592056,0.541008888,1006.019997
290,398.7697181,30099.95576,103.7171068,33.7770362,4.478715988,20.74342135,31.11513203,0.545823633,0.025125909,0.016258257,0.008867652,21.72353795,4917477.693,5903334.565,3837167.467,2174912.735,0.2,0.12,0.2,0.35,3769079.741,25519.17323,4558.283283,2185.311504,1617.920103,1188.110971,1877.681475,214.8145008,1168.380406,8745.147393,0.290536885,860.7825294,1075.978162,318.5575297,3720,33.88738514,1726.163453,1884.539871,671.9566318,0.269317317,0.54067471,1006.641794
280,398.7697181,30015.9288,107.1218376,34.32696044,4.544795766,21.42436751,32.13655127,0.527002128,0.024281208,0.016014574,0.008266634,21.70411531,4620394.329,5546691.871,2773345.936,2919311.511,0.2,0.2,0.2,0.5,3755617.965,25442.78996,4680.504571,2185.311504,1671.031711,1184.798861,1615.531421,218.1568214,1206.06488,8713.91292,0.290309621,853.1388426,1066.423553,318.7997761,3720,33.39732042,1725.685312,1877.808982,670.1663658,0.269062567,0.540263867,1007.407293
310,398.7697181,29479.86056,95.0169175,32.32933795,4.30486148,19.0033835,28.50507525,0.583466642,0.027012572,0.016879619,0.010132953,21.59981799,5396285.942,6478134.385,4210787.35,2386681.089,0.2,0.12,0.1,0.35,3693006.872,24894.81606,4214.107786,2185.311504,1482.20275,1163.512376,2049.569719,206.0041429,1072.084379,8568.640527,0.290660823,865.044507,1081.305634,319.0791403,3720,33.43490176,1722.281479,1846.503436,665.8322801,0.268193571,0.539790849,1008.290083
330,398.7697181,28628.98318,86.69570291,30.8812683,4.131130487,17.33914058,26.00871087,0.621109651,0.029060273,0.017577666,0.011482607,21.37315267,5836449.569,7006542.1,3503271.05,3687653.737,0.3,0.1,0.3,0.5,3606498.788,24043.62465,3876.226549,2185.311504,1352.397159,1130.106999,2010.827925,197.1741358,979.9829443,8367.921518,0.292288464,865.358529,1081.698161,319.1754933,3720,32.34162909,1716.764147,1803.249394,657.4420382,0.266631702,0.539627896,1008.594559
280,398.7697181,30345.35754,108.2912068,34.51381281,4.567252821,21.65824136,32.48736204,0.527002128,0.024236951,0.015970317,0.008266634,21.74374691,4670831.73,5607240.972,3364344.583,2360943.567,0.2,0.15,0.2,0.4,3798869.845,25766.27162,4735.980727,2185.311504,1689.273119,1197.732773,1736.552655,219.2919316,1219.007772,8814.267409,0.290465103,859.0859193,1073.857399,319.5911195,3720,33.93856117,1728.03739,1899.434923,674.3431574,0.269795782,0.538926114,1009.907938
310,398.7697181,28909.72325,93.1894618,32.01693427,4.267366015,18.63789236,27.95683854,0.583466642,0.027101245,0.016968292,0.010132953,21.52914538,5292499.44,6353540.745,3176770.372,3343968.813,0.1,0.15,0.4,0.5,3613835.475,24333.28239,4126.366894,2185.311504,1453.695618,1141.13403,1834.641555,204.1006739,1051.857609,8384.944351,0.290038901,856.4408648,1070.551081,319.7373158,3720,32.49274167,1718.750429,1806.917738,658.4848342,0.266971878,0.538679696,1010.369918
300,398.7697181,29941.89793,99.73706686,33.12261668,4.400107285,19.94741337,29.92112006,0.564645137,0.026031454,0.016541696,0.009489758,21.69087988,5182664.171,6221685.679,4355179.975,1964742.846,0.1,0.1,0.3,0.3,3750406.313,25355.44294,4405.516352,2185.311504,1555.834042,1181.915427,2030.990259,210.8339559,1124.328258,8701.820667,0.29062355,866.4549911,1083.068739,319.8813058,3720,33.93144712,1725.502587,1875.203156,670.768684,0.269109688,0.538437217,1010.824926
330,398.7697181,29036.78172,87.92138391,31.09879777,4.157216659,17.58427678,26.37641517,0.621109651,0.02899189,0.017509283,0.011482607,21.42356522,5918963.755,7105598.746,4263359.248,2991831.051,0.2,0.1,0.2,0.4,3662623.549,24443.84595,3935.56229,2185.311504,1371.516994,1146.084562,2170.051855,198.5017248,993.5491103,8498.144105,0.29266825,872.9357761,1091.16972,319.9046997,3720,33.02220632,1719.624632,1831.311775,662.695875,0.267542969,0.538397842,1010.898851
320,398.7697181,29116.05817,90.92031973,31.62472952,4.220304073,18.18406395,27.27609592,0.602288146,0.028009879,0.017212643,0.010797236,21.50270456,5628826.932,6757295.237,4054377.142,2845176.942,0.1,0.15,0.1,0.4,3654649.625,24528.94168,4049.621346,2185.311504,1418.298462,1149.262327,2069.74431,201.7098204,1026.742136,8479.642734,0.291235946,867.1164883,1083.89561,319.9777486,3720,33.02324175,1720.161178,1827.324813,662.3359679,0.267562806,0.538274929,1011.129686
290,398.7697181,29859.89595,102.8941129,33.64275913,4.46258418,20.57882258,30.86823387,0.545823633,0.025159537,0.016291886,0.008867652,21.69450194,4878457.574,5856491.685,3513895.011,2465891.236,0.3,0.1,0.3,0.4,3727348.873,25281.27637,4519.00996,2185.311504,1605.081928,1178.683078,1809.04572,213.9980316,1159.27129,8648.322008,0.289630012,858.6195761,1073.27447,320.1434196,3720,33.53416198,1725.042631,1863.674436,668.7385917,0.268830047,0.537996377,1011.653206
310,398.7697181,29255.6935,94.29854902,32.20689428,4.290164543,18.8597098,28.28956471,0.583466642,0.02704706,0.016914107,0.010132953,21.57227591,5355487.716,6429156.922,3857494.153,2707013.441,0.2,0.12,0.2,0.4,3657208.931,24673.09807,4179.564759,2185.311504,1470.996665,1154.715499,1975.001207,205.2581931,1064.133284,8485.580923,0.290048873,862.5954265,1078.244283,320.2450294,3720,33.08535897,1721.143851,1828.604466,662.8679989,0.267732912,0.537825678,1011.974293
280,398.7697181,30729.39705,109.6897479,34.73596446,4.593955286,21.93794959,32.90692438,0.527002128,0.024185128,0.015918494,0.008266634,21.79033844,4731153.804,5679656.427,3975759.499,1793575.714,0.1,0.1,0.4,0.3,3853805.069,26142.92301,4802.457028,2185.311504,1711.08946,1213.20147,1863.503613,220.6411299,1234.487201,8941.729988,0.29098293,866.4740431,1083.092554,320.8072146,3720,34.53528691,1730.855883,1926.902534,679.2979677,0.270668751,0.536883188,1013.750798
290,398.7697181,30011.80049,103.4149059,33.72779217,4.472799751,20.68298117,31.02447176,0.545823633,0.025138201,0.01627055,0.008867652,21.71291507,4903149.621,5886133.998,3825987.099,2168575.684,0.3,0.1,0.2,0.35,3744364.848,25430.03336,4543.821943,2185.311504,1613.205963,1184.649076,1872.525173,214.51509,1165.035566,8687.803055,0.289479568,861.7671377,1077.208922,320.8683976,3720,33.79793147,1726.227392,1872.182424,670.6178466,0.269174147,0.536780815,1013.944136
300,398.7697181,29110.84412,96.95955104,32.65815459,4.344335297,19.39191021,29.08786531,0.564645137,0.02615569,0.016665932,0.009489758,21.58785093,5038335.365,6048421.807,3024210.903,3183379.898,0.1,0.2,0.2,0.5,3623815.904,24536.75337,4272.643812,2185.311504,1512.506583,1149.000152,1751.978025,208.0067418,1093.585968,8408.101282,0.288830556,854.0907505,1067.613438,320.9341905,3720,32.62839694,1720.390229,1811.907952,659.8856933,0.267313354,0.536670773,1014.152042
290,398.7697181,29468.91937,101.5532768,33.42283718,4.436165888,20.31065537,30.46598305,0.545823633,0.02521537,0.016347718,0.008867652,21.64646541,4814885.308,5780174.439,2890087.219,3042197.073,0.3,0.15,0.3,0.5,3667933.102,24895.61399,4455.174504,2185.311504,1584.165749,1163.322998,1679.110663,212.6604901,1144.430557,8510.463509,0.288794557,853.3053777,1066.631722,320.9892566,3720,32.9199338,1722.735606,1833.966551,663.630764,0.267997333,0.536578706,1014.326051
330,398.7697181,28562.46637,86.49564415,30.84561696,4.126855589,17.29912883,25.94869325,0.621109651,0.029071601,0.017588993,0.011482607,21.36482452,5822981.395,6990373.824,3495186.912,3679144.118,0.3,0.12,0.2,0.5,3587169.066,23976.32083,3866.520091,2185.311504,1349.276371,1127.499101,2006.476836,196.9565154,977.7686404,8323.07204,0.291398926,866.1455415,1082.681927,321.0280875,3720,32.27354424,1716.839192,1793.584533,656.4097777,0.266524203,0.536513803,1014.448757
320,398.7697181,28646.82913,89.46256686,31.37018067,4.189766965,17.89251337,26.83877006,0.602288146,0.028086404,0.017289168,0.010797236,21.44411724,5538578.255,6648953.487,3324476.744,3499449.204,0.3,0.15,0.1,0.5,3578581.565,24066.33731,3979.368885,2185.311504,1395.558456,1130.835393,1914.464971,200.1574106,1010.607337,8303.147026,0.289845239,860.4918241,1075.61478,321.0810723,3720,32.2935532,1717.404683,1789.290782,656.0995059,0.266552865,0.536425267,1014.616188
300,398.7697181,29091.61025,96.89584368,32.6474238,4.343046952,19.37916874,29.0687531,0.564645137,0.026158615,0.016668856,0.009489758,21.58543738,5035024.922,6044447.686,3022223.843,3181288.256,0.3,0.12,0.4,0.5,3618366.725,24517.38709,4269.596027,2185.311504,1511.512789,1148.245181,1750.899831,207.9414018,1092.880838,8395.457912,0.28858691,854.2231557,1067.778945,321.3629681,3720,32.60900136,1720.382852,1809.183363,659.5917572,0.267279516,0.535954721,1015.506979
310,398.7697181,29384.46961,94.71123997,32.27729294,4.29861436,18.94224799,28.41337199,0.583466642,0.02702719,0.016894237,0.010132953,21.58813576,5378925.63,6457293.673,4197240.888,2379002.932,0.3,0.1,0.1,0.35,3665897.114,24798.3799,4199.365329,2185.311504,1477.434378,1159.769161,2043.351313,205.6870901,1068.701058,8505.739541,0.289463776,866.0897029,1082.612129,321.605986,3720,33.33719465,1722.356006,1832.948557,664.3712722,0.268037864,0.535549733,1016.274916
280,398.7697181,29898.46822,106.7047749,34.26007186,4.536757244,21.34095498,32.01143247,0.527002128,0.024297201,0.016030567,0.008266634,21.68982844,4602405.523,5525096.666,2762548.333,2907945.614,0.3,0.2,0.1,0.5,3722640.542,25323.92303,4660.674768,2185.311504,1664.525802,1180.185904,1609.643282,217.7504136,1201.448719,8637.397579,0.288890973,854.5451922,1068.18149,321.9437361,3720,33.27948617,1725.787987,1861.320271,668.3815102,0.268873652,0.53498789,1017.342206
290,398.7697181,29791.11669,102.6582742,33.60418153,4.457949769,20.53165484,30.79748227,0.545823633,0.025169263,0.016301611,0.008867652,21.68611899,4867275.894,5843068.3,3505840.98,2460239.284,0.3,0.12,0.2,0.4,3707982.849,25211.66741,4507.737984,2185.311504,1601.402997,1175.981404,1805.145813,213.7634347,1156.660964,8603.388299,0.288790393,859.4492821,1074.311603,322.0066489,3720,33.46444991,1725.108593,1853.991424,667.6910748,0.268719815,0.534883365,1017.541011
300,398.7697181,29443.91001,98.08612352,32.84733412,4.367049752,19.6172247,29.42583706,0.564645137,0.026104538,0.01661478,0.009489758,21.6301527,5096875.756,6118698.386,3671219.032,2576294.057,0.2,0.15,0.1,0.4,3664133.48,24863.10925,4326.427954,2185.311504,1530.080389,1162.350725,1885.132223,209.1585033,1106.055174,8501.647498,0.288740439,860.8007581,1076.000948,322.1540407,3720,33.19518915,1722.893293,1832.06674,664.0945739,0.268067129,0.534638646,1018.006769
330,398.7697181,28954.79883,87.67500069,31.05519292,4.15198721,17.53500014,26.30250021,0.621109651,0.029005498,0.01752289,0.011482607,21.41351483,5902376.967,7085686.636,4251411.981,2983447.004,0.2,0.12,0.1,0.4,3638973.496,24360.92279,3923.579559,2185.311504,1367.673574,1142.872793,2164.324269,198.2356359,990.8220747,8443.270445,0.291601765,873.876049,1092.345061,322.1575366,3720,32.93782901,1719.709832,1819.486748,661.4292474,0.26741029,0.534632844,1018.017816
300,398.7697181,29856.13114,99.45278897,33.07537874,4.394434276,19.89055779,29.83583669,0.564645137,0.026043883,0.016554125,0.009489758,21.68052814,5167892.162,6203952.175,4342766.522,1959142.792,0.1,0.12,0.2,0.3,3726249.353,25268.68119,4391.844817,2185.311504,1551.39949,1178.546557,2025.522264,210.5464952,1121.181794,8645.770865,0.289581086,867.449953,1084.312441,322.1865391,3720,33.84373449,1725.580038,1863.124677,669.4620285,0.268971644,0.534584718,1018.109464
310,398.7697181,29168.91749,94.02040025,32.15935949,4.284459259,18.80408005,28.20612008,0.583466642,0.027060541,0.016927588,0.010132953,21.56152914,5339690.842,6410193.087,3846115.852,2699028.668,0.3,0.1,0.2,0.4,3632463.224,24585.35876,4166.167231,2185.311504,1466.657723,1151.309392,1969.518281,204.9685686,1061.054659,8428.165089,0.288943362,863.5587297,1079.448412,322.5565059,3720,32.99667397,1721.214556,1816.231612,661.5359939,0.267591264,0.533971558,1019.278559
280,398.7697181,30649.46545,109.4055413,34.69093475,4.588542494,21.88110825,32.82166238,0.527002128,0.024195564,0.01592893,0.008266634,21.78094024,4718895.362,5664940.41,3965458.287,1788928.551,0.1,0.12,0.3,0.3,3831653.645,26062.0694,4788.88852,2185.311504,1706.656019,1210.057974,1858.945729,220.3676808,1231.341525,8890.333498,0.290064879,867.3960532,1084.245067,322.9134862,3720,34.45442182,1730.918438,1915.826822,678.0918179,0.270540321,0.533381253,1020.406616
300,398.7697181,29651.2425,98.77358189,32.96224205,4.380847875,19.75471638,29.63207457,0.564645137,0.026073839,0.016584081,0.009489758,21.65561961,5132598.34,6161582.642,4005028.717,2270056.763,0.1,0.1,0.4,0.35,3695262.689,25066.06977,4359.295145,2185.311504,1540.804297,1170.497531,1955.007662,209.8579424,1113.664148,8573.874551,0.289157345,865.1727234,1081.465904,323.1689712,3720,33.51937302,1724.51991,1847.631345,666.7866897,0.268552138,0.532959583,1021.213949
310,398.7697181,28778.68923,92.76925884,31.94466853,4.25869364,18.55385177,27.83077765,0.583466642,0.027122079,0.016989126,0.010132953,21.51260775,5268634.897,6324891.833,3162445.917,3328890.438,0.2,0.15,0.3,0.5,3576193.054,24200.70523,4106.169851,2185.311504,1447.140722,1135.988383,1826.889519,203.6602441,1047.20669,8297.605121,0.288324637,857.9840006,1072.480001,323.3155203,3720,32.35945692,1718.879751,1788.096527,656.4647566,0.266759539,0.532718008,1021.677044
320,398.7697181,28607.69167,89.34093241,31.34884777,4.187208008,17.86818648,26.80227972,0.602288146,0.028092891,0.017295655,0.010797236,21.43916543,5531047.933,6639913.484,3319956.742,3494691.308,0.2,0.12,0.4,0.5,3566601.861,24025.14926,3973.469665,2185.311504,1393.661037,1129.297856,1912.025232,200.0272832,1009.261054,8275.351308,0.289270152,862.5424023,1078.178003,323.7076944,3720,32.2520592,1717.871426,1783.30093,655.4711378,0.266534714,0.532072617,1022.916314
320,398.7697181,29229.67296,91.27314147,31.68603093,4.227658973,18.25462829,27.38194244,0.602288146,0.027991689,0.017194453,0.010797236,21.51667763,5650669.932,6783517.325,4409286.261,2499190.594,0.1,0.1,0.3,0.35,3656936.956,24636.69624,4066.577791,2185.311504,1423.802254,1153.722223,2140.576593,202.0835952,1030.647262,8484.949877,0.290285488,872.976719,1091.220899,323.8553297,3720,33.2637684,1721.967276,1828.468478,663.5590154,0.267902989,0.531830062,1023.382842
280,398.7697181,30416.81072,108.5447757,34.55419704,4.57210674,21.70895514,32.56343272,0.527002128,0.024227467,0.015960833,0.008266634,21.75225895,4681768.7,5620370.588,3653240.882,2070662.848,0.1,0.12,0.4,0.35,3793517.229,25832.12693,4747.939258,2185.311504,1693.228631,1200.537395,1792.756973,219.5372263,1221.814341,8801.848086,0.289374457,864.6837945,1080.854743,323.9471094,3720,34.11419106,1729.697768,1896.758615,674.9903032,0.270054925,0.531679385,1023.672866
300,398.7697181,28985.76376,96.54522442,32.58830263,4.335948992,19.30904488,28.96356732,0.564645137,0.026174772,0.016685014,0.009489758,21.57211266,5016805.599,6022575.749,3011287.874,3169776.71,0.2,0.2,0.1,0.5,3588101.894,24410.17439,4252.816692,2185.311504,1506.043355,1144.09013,1744.965183,207.5813955,1089.00009,8325.236417,0.287218115,855.5893692,1069.486712,324.3427755,3720,32.50160503,1720.512586,1794.050947,657.9644983,0.267111339,0.531030789,1024.923171
310,398.7697181,29094.9239,93.78319988,32.11876708,4.279587368,18.75663998,28.13495996,0.583466642,0.027072094,0.016939141,0.010132953,21.55232767,5326219.546,6394021.063,3836412.638,2692219.395,0.3,0.12,0.1,0.4,3611336.449,24510.48525,4154.746493,2185.311504,1462.95755,1148.404724,1964.841875,204.7212284,1058.429261,8379.146026,0.287993399,864.4386488,1080.548311,324.5846325,3720,32.92095395,1721.290364,1805.668225,660.3987796,0.267472064,0.530635103,1025.687439
330,398.7697181,28859.66441,87.38904538,31.00450772,4.145908846,17.47780908,26.21671361,0.621109651,0.029021377,0.01753877,0.011482607,21.40179793,5883126.143,7062576.402,4237545.841,2973716.38,0.3,0.1,0.1,0.4,3611563.999,24264.7772,3909.681227,2185.311504,1363.212855,1139.145175,2157.675737,197.9263201,987.6570447,8379.673995,0.290359371,874.8872112,1093.609014,324.6942801,3720,32.83993171,1719.787112,1805.782,659.9597107,0.267253935,0.53045591,1026.033925
300,398.7697181,29756.74879,99.12334878,33.02055173,4.387850071,19.82466976,29.73700463,0.564645137,0.026058367,0.016568608,0.009489758,21.6684777,5150773.372,6183401.407,4328380.985,1952653.076,0.2,0.1,0.2,0.3,3698289.078,25168.2224,4376.011336,2185.311504,1546.260435,1174.642486,2019.184633,210.2128296,1117.535461,8580.896481,0.288368079,868.5263903,1085.657988,324.7836598,3720,33.74210679,1725.649125,1849.144539,667.9481394,0.268809388,0.53030993,1026.316365
310,398.7697181,29760.8245,95.95079589,32.48782472,4.323886455,19.19015918,28.78523877,0.583466642,0.026968433,0.01683548,0.010132953,21.63517027,5449323.601,6541805.043,4906353.782,1721527.643,0.1,0.1,0.2,0.25,3712858.953,25165.12791,4258.94402,2185.311504,1496.770652,1174.948314,2190.575448,206.9694895,1082.420795,8614.702002,0.289464494,875.6965886,1094.620736,324.8307454,3720,33.96081379,1725.688535,1856.429477,669.1290836,0.268946438,0.53023306,1026.465156
300,398.7697181,29397.33027,97.93165308,32.8214592,4.363942834,19.58633062,29.37949592,0.564645137,0.026111489,0.016621731,0.009489758,21.62439449,5088848.966,6109062.385,3665437.431,2572236.794,0.1,0.12,0.4,0.4,3650226.322,24814.32114,4318.988732,2185.311504,1527.670749,1160.520155,1882.339135,209.0009891,1104.345454,8469.379635,0.288100299,863.0091338,1078.761417,325.0286249,3720,33.1461491,1723.380849,1825.113161,663.3582857,0.268039196,0.52991025,1027.090455
300,398.7697181,29573.09282,98.51447147,32.91897912,4.375652753,19.70289429,29.55434144,0.564645137,0.026085364,0.016595606,0.009489758,21.64605131,5119134.116,6145419.107,3994522.419,2264101.776,0.1,0.12,0.3,0.35,3673177.886,24987.00318,4346.854588,2185.311504,1536.762341,1167.426912,1950.172753,209.5946156,1110.796244,8522.632637,0.288188749,866.0896479,1082.61206,325.280224,3720,33.4395773,1724.592727,1836.588943,665.5930224,0.268426263,0.529500373,1027.885508
280,398.7697181,30556.87599,109.0763035,34.63869713,4.582263436,21.81526071,32.72289106,0.527002128,0.024207713,0.01594108,0.008266634,21.77000859,4704694.633,5647892.717,3953524.902,1783545.068,0.2,0.1,0.3,0.3,3806021.535,25968.47861,4773.179081,2185.311504,1701.520123,1206.416408,1853.664938,220.050441,1227.697433,8830.861003,0.288997508,868.3973806,1085.496726,325.2887544,3720,34.36076146,1730.972905,1903.010768,676.6948658,0.270389555,0.529486487,1027.912464
330,398.7697181,28467.52769,86.21002756,30.79464731,4.120744103,17.24200551,25.86300827,0.621109651,0.029087856,0.017605248,0.011482607,21.35288549,5803753.374,6967290.965,3483645.482,3666995.245,0.1,0.15,0.3,0.5,3558831.516,23878.49174,3852.638562,2185.311504,1344.820936,1123.775902,2000.263988,196.6453708,974.6073593,8257.322289,0.290061096,869.0359421,1086.294928,325.3941389,3720,32.17460429,1717.419541,1779.415758,654.9104725,0.266421001,0.529315004,1028.245479
320,398.7697181,28976.74267,90.487573,31.54937881,4.211263991,18.0975146,27.1462719,0.602288146,0.028032364,0.017235128,0.010797236,21.48545706,5602035.821,6725133.038,4035079.823,2831634.963,0.1,0.1,0.4,0.4,3613898.378,24386.16001,4028.648247,2185.311504,1411.547892,1143.792129,2060.468802,201.2503386,1021.952379,8385.090301,0.289373115,870.5826554,1088.228319,325.593819,3720,32.87847505,1720.797813,1806.949189,660.1626473,0.267390231,0.528990386,1028.876468
320,398.7697181,28534.26042,89.11271088,31.30878183,4.182402067,17.82254218,26.73381326,0.602288146,0.028105106,0.01730787,0.010797236,21.42984767,5516918.863,6622951.817,3311475.908,3485764.114,0.3,0.1,0.4,0.5,3545409.404,23950.90263,3962.458853,2185.311504,1390.100928,1126.412991,1907.447078,199.7828765,1006.735037,8226.179846,0.288291329,863.3577881,1079.197235,325.6842517,3720,32.17710018,1717.935343,1772.704702,654.3348659,0.266414285,0.528843501,1029.162235
280,398.7697181,29798.55456,106.3499721,34.20306556,4.529906587,21.26999443,31.90499164,0.527002128,0.024310896,0.016044262,0.008266634,21.67761051,4587102.12,5506725.234,2753362.617,2898276.439,0.3,0.15,0.4,0.5,3694097.088,25221.65347,4643.793143,2185.311504,1658.991108,1176.261579,1604.633103,217.404022,1197.521666,8571.170082,0.287637109,856.9010935,1071.126367,325.744618,3720,33.17807155,1726.184781,1847.048544,666.8459049,0.268745759,0.528745497,1029.352993
280,398.7697181,30155.91084,107.6187666,34.40648824,4.554353622,21.52375332,32.28562998,0.527002128,0.024262296,0.015995662,0.008266634,21.7210332,4641827.943,5572422.501,3343453.501,2346283.158,0.2,0.12,0.4,0.4,3745389.186,25573.17836,4703.928992,2185.311504,1678.783485,1190.295188,1726.412525,218.6399782,1211.565024,8690.179759,0.288175005,862.7324772,1078.415596,325.9987126,3720,33.74626011,1728.572348,1872.694593,671.4533941,0.269531329,0.528333375,1030.155932
290,398.7697181,29329.27699,101.0742354,33.34391384,4.426686003,20.21484709,30.32227063,0.545823633,0.025235639,0.016367987,0.008867652,21.62907926,4792172.802,5752908.526,2876454.263,3027846.593,0.1,0.2,0.3,0.5,3627812.049,24752.93675,4432.309287,2185.311504,1576.693011,1157.835294,1671.693546,212.1803926,1139.128398,8417.373275,0.286995594,856.3402333,1070.425292,326.086246,3720,32.77771149,1723.228979,1813.906025,661.4766859,0.26781083,0.528191551,1030.432537
280,398.7697181,30332.36984,108.2450963,34.50646402,4.566369555,21.64901926,32.47352889,0.527002128,0.02423868,0.015972046,0.008266634,21.74219592,4668842.884,5604853.402,3643154.712,2064945.99,0.2,0.1,0.4,0.35,3770034.195,25746.74622,4733.658646,2185.311504,1688.553825,1197.222763,1788.093665,219.2472935,1218.497409,8747.361948,0.28838373,865.6236123,1082.029515,326.1369949,3720,34.02891353,1729.753355,1885.017097,673.7135852,0.269917787,0.528109361,1030.592904
320,398.7697181,29144.36581,91.0082071,31.64001072,4.22213747,18.20164142,27.30246213,0.602288146,0.028005336,0.0172081,0.010797236,21.50619267,5634267.991,6763827.12,4396487.628,2491936.307,0.1,0.12,0.2,0.35,3632552.243,24550.41888,4053.747608,2185.311504,1419.669449,1150.373281,2134.714975,201.8029978,1027.714897,8428.371633,0.28919386,873.9469337,1092.433667,326.172067,3720,33.17596077,1722.04892,1816.276121,662.2467025,0.267764781,0.528052575,1030.703732
290,398.7697181,29688.09102,102.3049733,33.54630689,4.450997359,20.46099466,30.69149199,0.545823633,0.025183908,0.016316256,0.008867652,21.67350829,4850525.046,5822959.239,3493775.544,2451772.311,0.1,0.15,0.3,0.4,3678300.343,25105.81166,4490.830038,2185.311504,1595.89173,1171.93413,1799.302629,213.411467,1152.750535,8534.517936,0.287472776,862.2793646,1077.849206,326.3403496,3720,33.35844657,1725.631355,1839.150171,666.0987194,0.268599696,0.527780277,1031.235505
310,398.7697181,28648.82965,92.35275717,31.87287764,4.250078681,18.47055143,27.70582715,0.583466642,0.027142898,0.017009945,0.010132953,21.49610736,5244980.561,6296495.271,3148247.636,3313944.88,0.3,0.15,0.2,0.5,3538885.882,24069.31726,4086.166535,2185.311504,1440.643564,1130.888062,1819.203834,203.222665,1042.596738,8211.043748,0.286610094,859.5123935,1074.390492,326.8613486,3720,32.22724531,1719.007264,1769.442941,654.4610933,0.266548841,0.526939024,1032.881861
320,398.7697181,28487.48757,88.95634255,31.28130061,4.179105755,17.79126851,26.68690276,0.602288146,0.028113508,0.017316272,0.010797236,21.42344328,5507238.186,6611330.356,3305665.178,3479647.556,0.1,0.2,0.1,0.5,3532488.678,23903.75261,3954.920777,2185.311504,1387.661682,1124.436396,1904.309935,199.61523,1005.00431,8196.200737,0.287712306,863.7349522,1079.66869,326.8618588,3720,32.1293108,1717.953581,1766.244339,653.6089859,0.266334814,0.526938201,1032.883474
300,398.7697181,29314.65296,97.65745759,32.77547915,4.358421929,19.53149152,29.29723728,0.564645137,0.026123876,0.016634118,0.009489758,21.61414058,5074600.872,6091957.83,3655174.698,2565034.876,0.2,0.1,0.4,0.4,3626811.757,24730.72503,4305.844599,2185.311504,1523.393476,1157.270771,1877.380648,208.7210708,1101.310585,8415.052363,0.287059593,863.9279341,1079.909918,327.21303,3720,33.06194472,1723.443681,1813.405879,662.0933378,0.267904194,0.526372681,1033.993175
320,398.7697181,28466.67887,88.89180983,31.26995216,4.177744553,17.77836197,26.66754295,0.602288146,0.028116983,0.017319747,0.010797236,21.4207954,5503243.001,6606534.215,3303267.107,3477123.271,0.3,0.12,0.3,0.5,3526519.44,23882.81291,3951.810954,2185.311504,1386.655014,1123.620661,1903.015157,199.545998,1004.290045,8182.350708,0.287436084,863.865958,1079.832447,327.3238692,3720,32.10815364,1717.944651,1763.25972,653.288269,0.266297793,0.52619444,1034.343427
290,398.7697181,29823.9007,102.7706762,33.62257335,4.460159205,20.55413525,30.83120287,0.545823633,0.025164623,0.016296971,0.008867652,21.69011784,4872605.143,5849465.958,3802152.873,2155066.406,0.1,0.15,0.2,0.35,3690889.862,25238.16873,4512.982251,2185.311504,1603.156396,1177.269037,1861.530449,213.8752799,1157.90506,8563.728569,0.287143142,865.7319753,1082.164969,327.6082629,3720,33.60530193,1726.861784,1845.444931,667.7354748,0.268921691,0.525737655,1035.242111
300,398.7697181,29482.49428,98.21405941,32.86874889,4.369621158,19.64281188,29.46421782,0.564645137,0.026098795,0.016609037,0.009489758,21.63491177,5103523.722,6126679.139,3982341.44,2257197.577,0.2,0.1,0.3,0.35,3647604.213,24895.41189,4332.439504,2185.311504,1532.076106,1163.866844,1944.566368,209.2888621,1107.471203,8463.295728,0.287061727,867.0823894,1083.852987,327.6597262,3720,33.34708433,1724.65818,1823.802106,664.209463,0.268278235,0.525655081,1035.404735
320,398.7697181,28899.30325,90.24699949,31.50741174,4.206229272,18.0493999,27.07409985,0.602288146,0.028044948,0.017247712,0.010797236,21.47581633,5587142.047,6707253.358,4024352.015,2824106.677,0.1,0.12,0.3,0.4,3591682.835,24307.82782,4017.015082,2185.311504,1407.7951,1140.751124,2055.311356,200.9944064,1019.289647,8333.545039,0.288364912,871.4754385,1089.344298,327.7092947,3720,32.79893878,1720.874704,1795.841417,658.968423,0.26726475,0.525575572,1035.561371
280,398.7697181,30079.26024,107.3466554,34.36296275,4.549122565,21.46933107,32.20399661,0.527002128,0.024272632,0.016005998,0.008266634,21.71178326,4630091.203,5558332.776,3334999.666,2340350.643,0.3,0.1,0.4,0.4,3724007.93,25495.66371,4690.980602,2185.311504,1674.538725,1187.285478,1722.308243,218.3755531,1208.553224,8640.570238,0.287260065,863.5965279,1079.49566,327.9978174,3720,33.66896836,1728.62529,1862.003965,670.2918289,0.269406826,0.52511325,1036.473103
280,398.7697181,30260.25045,107.9891228,34.46564014,4.561462919,21.59782455,32.39673683,0.527002128,0.024248302,0.015981668,0.008266634,21.73356847,4657802.197,5591599.277,3634539.53,2060062.891,0.2,0.12,0.3,0.35,3749954.284,25673.77206,4721.465121,2185.311504,1684.560802,1194.391545,1784.109941,218.9993132,1215.664225,8700.771855,0.287531389,866.4783887,1083.097986,328.0581102,3720,33.95599196,1729.81462,1874.977142,672.6219048,0.269802068,0.525016741,1036.663628
300,398.7697181,28881.4561,96.19965383,32.52992764,4.328940883,19.23993077,28.85989615,0.564645137,0.026190801,0.016701043,0.009489758,21.55891062,4998848.621,6001018.753,3000509.376,3158430.922,0.2,0.15,0.4,0.5,3557749.392,24303.27515,4236.266323,2185.311504,1500.652676,1139.99491,1739.114805,207.2259045,1085.175222,8254.811507,0.285817013,858.180949,1072.726186,328.4904706,3720,32.39449289,1720.973142,1778.874696,656.3421385,0.266980864,0.524325712,1038.029887
320,398.7697181,29045.44226,90.7009503,31.58655495,4.215724078,18.14019006,27.21028509,0.602288146,0.028021253,0.017224017,0.010797236,21.49397649,5615245.892,6740991.467,4381644.453,2483523.172,0.2,0.1,0.2,0.35,3604309.142,24450.45097,4038.877602,2185.311504,1414.87644,1146.489356,2127.915922,201.4770414,1024.314096,8362.841027,0.287922661,874.9912903,1093.739113,328.7803283,3720,33.07414976,1722.121774,1802.154571,660.7251623,0.267602088,0.523863459,1038.945837
300,398.7697181,29233.98595,97.36733154,32.72675735,4.352571994,19.47346631,29.21019946,0.564645137,0.026137052,0.016647294,0.009489758,21.6032451,5059524.974,6073859.512,3644315.707,2557414.531,0.2,0.12,0.3,0.4,3605224.318,24649.68637,4291.95496,2185.311504,1518.867697,1153.8326,1872.133284,208.4244425,1098.099392,8364.964451,0.286138348,864.2995753,1080.374469,328.9405203,3720,32.97991583,1723.39373,1802.612159,660.859206,0.267759987,0.523608341,1039.452044
310,398.7697181,29184.37932,94.06992963,32.16782905,4.28547579,18.81398593,28.22097889,0.583466642,0.027058135,0.016925182,0.010132953,21.56344619,5342503.758,6413569.938,4168820.46,2362894.188,0.1,0.15,0.1,0.35,3608110.979,24593.93628,4168.423497,2185.311504,1467.430349,1151.91591,2030.301854,205.0201741,1061.602863,8371.66218,0.286854214,870.4430428,1088.053804,329.0097932,3720,33.12996046,1723.089825,1804.05549,661.2731416,0.267772344,0.523498095,1039.670947
330,398.7697181,28325.28642,85.78205941,30.71811605,4.111568124,17.15641188,25.73461782,0.621109651,0.029112395,0.017629788,0.011482607,21.33488666,5774942.089,6932703.589,3466351.794,3648791.362,0.2,0.15,0.2,0.5,3517528.813,23734.64545,3831.901527,2185.311504,1338.144909,1118.197058,1990.952538,196.1781426,969.870493,8161.490348,0.288134433,870.6409734,1088.301217,329.2811491,3720,32.02887408,1717.558537,1758.764407,652.7012126,0.266188503,0.523066688,1040.528431
290,398.7697181,29209.6714,100.6638759,33.27615715,4.418547762,20.13277518,30.19916277,0.545823633,0.025253139,0.016385487,0.008867652,21.61409033,4772716.669,5729551.823,2864775.912,3015553.591,0.2,0.2,0.2,0.5,3593943.465,24631.90754,4412.759484,2185.311504,1570.291667,1153.134383,1665.338266,211.768183,1134.586429,8338.790229,0.285480453,857.7638565,1072.204821,329.3097725,3720,32.65691463,1723.336986,1796.971732,659.646795,0.267617456,0.523021223,1040.618881
310,398.7697181,28986.7672,93.4364385,32.05933286,4.272454332,18.6872877,28.03093155,0.583466642,0.027089079,0.016956126,0.010132953,21.53881467,5306525.962,6370379.306,3822227.584,2682264.971,0.1,0.15,0.2,0.4,3579674.976,24399.20417,4138.026273,2185.311504,1457.548295,1144.158414,1958.004371,204.3590553,1054.591213,8305.683996,0.286533643,867.5630308,1084.453789,329.337978,3720,32.80843479,1721.892758,1789.837488,658.7094397,0.267349996,0.52297643,1040.70801
300,398.7697181,29405.22615,97.95782664,32.82584489,4.36446944,19.59156533,29.38734799,0.564645137,0.02611031,0.016620552,0.009489758,21.62537109,5090209.03,6110695.114,3971951.824,2251308.726,0.2,0.12,0.2,0.35,3625766.458,24817.23758,4320.149307,2185.311504,1528.07904,1160.830328,1939.783787,209.0276875,1104.63515,8412.627024,0.28609292,867.988571,1084.985714,329.7471825,3720,33.26809794,1724.729762,1812.883229,663.0280054,0.268153592,0.522327435,1042.001097
280,398.7697181,30013.76508,107.1141277,34.32572511,4.544647304,21.42282553,32.1342383,0.527002128,0.024281502,0.016014868,0.008266634,21.70385193,4620061.784,5546292.658,3327775.595,2335281.119,0.3,0.12,0.3,0.4,3705716.975,25429.38257,4679.919329,2185.311504,1670.911442,1184.713585,1718.800566,218.1493159,1205.979545,8598.130941,0.286472921,864.3825124,1080.47814,329.7524384,3720,33.60284823,1728.683157,1852.858487,669.2982034,0.269301737,0.52231911,1042.017705
320,398.7697181,28809.45814,89.96785855,31.45864657,4.200379189,17.99357171,26.99035757,0.602288146,0.028059625,0.017262389,0.010797236,21.46458268,5569860.585,6686507.305,4011904.383,2815371.497,0.2,0.1,0.3,0.4,3565939.348,24217.02066,4003.525158,2185.311504,1403.440681,1137.222603,2049.326211,200.6969977,1016.20004,8273.814122,0.287190897,872.4374748,1090.546844,330.0921107,3720,32.70667753,1720.943985,1782.969674,657.5831786,0.267116963,0.521781631,1043.09107
280,398.7697181,30176.66856,107.6924392,34.41826305,4.555768785,21.53848784,32.30773176,0.527002128,0.024259505,0.015992871,0.008266634,21.72353174,4645005.6,5576237.215,3624554.19,2054403.184,0.3,0.1,0.3,0.35,3726708.305,25589.26073,4707.33976,2185.311504,1679.93273,1191.11005,1779.49204,218.7115098,1212.380452,8646.835742,0.286540435,867.4078277,1084.259785,330.2253394,3720,33.8714948,1729.869134,1863.354153,671.3569676,0.269666133,0.52157112,1043.512073
290,398.7697181,29541.2111,101.8012196,33.46361331,4.441063892,20.36024393,30.54036589,0.545823633,0.025204946,0.016337294,0.008867652,21.65541742,4826640.872,5794286.761,3476572.057,2439699.689,0.2,0.15,0.2,0.4,3636968.579,24957.23015,4466.783821,2185.311504,1588.033497,1166.16333,1790.969296,212.9085153,1147.174854,8438.618568,0.285655809,863.9809523,1079.97619,330.2520084,3720,33.20942601,1725.752719,1818.48429,663.859721,0.268361878,0.521529001,1043.596347
280,398.7697181,29663.59822,105.8706687,34.12590446,4.520634197,21.17413373,31.7612006,0.527002128,0.024329526,0.016062892,0.008266634,21.6610112,4566428.734,5481907.244,2740953.622,2885214.339,0.1,0.2,0.4,0.5,3655670.52,25083.82675,4621.009194,2185.311504,1651.514282,1170.960205,1597.863334,216.9351218,1192.216607,8482.011449,0.285940073,859.7714695,1074.714337,330.5762474,3720,33.04127525,1726.6371,1827.83526,664.774575,0.268563939,0.52101747,1044.620942
330,398.7697181,29159.0321,88.28839009,31.16363732,4.164993066,17.65767802,26.48651703,0.621109651,0.028971748,0.017489141,0.011482607,21.43845935,5943671.013,7135259.319,4994681.523,2253239.785,0.1,0.1,0.2,0.3,3634384.508,24552.99168,3953.165857,2185.311504,1377.242054,1150.868733,2311.713366,198.8973634,997.6112331,8432.622919,0.289194199,886.0404197,1107.550525,330.6785842,3720,33.40755322,1723.383678,1817.192254,663.4782688,0.268052988,0.520856228,1044.944326
320,398.7697181,28961.19616,90.43925224,31.54095393,4.21025326,18.08785045,27.13177567,0.602288146,0.028034886,0.01723765,0.010797236,21.48352368,5599044.309,6721541.787,4369002.162,2476357.501,0.2,0.12,0.1,0.35,3580225.944,24365.24741,4026.218284,2185.311504,1410.794119,1143.181323,2122.124102,201.1989615,1021.417552,8306.962369,0.286830776,875.9487493,1094.935937,331.0681205,3720,32.98732355,1722.201858,1790.112972,659.4276391,0.267465366,0.520243386,1046.175261
300,398.7697181,29152.39841,97.09712397,32.68131521,4.347116004,19.41942479,29.12913719,0.564645137,0.026149386,0.016659628,0.009489758,21.593055,5045484.104,6057003.727,3634202.236,2550317.359,0.3,0.1,0.3,0.4,3582092.345,24567.1821,4279.014773,2185.311504,1514.652632,1150.630475,1867.245442,208.1477638,1095.108662,8311.292857,0.285098081,865.2163121,1081.52039,331.1043522,3720,32.89672419,1723.457561,1791.046172,659.6096122,0.267626822,0.520186457,1046.289753
290,398.7697181,29912.61016,103.0748257,33.67228953,4.466131802,20.61496513,30.9224477,0.545823633,0.025152112,0.01628446,0.008867652,21.70090654,4887025.6,5866777.431,4106744.202,1852666.557,0.1,0.1,0.4,0.3,3689543.486,25321.5979,4527.401182,2185.311504,1607.900931,1180.753252,1921.408956,214.1776029,1161.271467,8560.60466,0.28618715,871.0122655,1088.765332,331.3764751,3720,33.8031975,1728.47365,1844.771743,668.6329687,0.269203501,0.519759286,1047.149661
320,398.7697181,28376.47933,88.61201053,31.22070012,4.171837097,17.72240211,26.58360316,0.602288146,0.028132104,0.017334868,0.010797236,21.40928207,5485920.78,6585739.232,3292869.616,3466178.543,0.1,0.15,0.4,0.5,3499728.008,23789.89295,3938.29388,2185.311504,1382.290325,1120.083821,1897.400689,199.2455198,1001.193151,8120.188313,0.286159119,866.5863804,1083.232975,331.4225357,3720,32.01432664,1718.482147,1749.864004,651.8668707,0.266198528,0.51968705,1047.295213
310,398.7697181,29334.35599,94.55059747,32.2499081,4.295327361,18.91011949,28.36517924,0.583466642,0.027034906,0.016901953,0.010132953,21.58197426,5369802.277,6446341.269,4512438.888,2035686.716,0.1,0.1,0.3,0.3,3622050.665,24738.98285,4191.461137,2185.311504,1474.928458,1157.801992,2100.196356,205.5202555,1066.923024,8404.005514,0.2864902,875.3731365,1094.216421,331.4317323,3720,33.40162965,1724.731982,1811.025332,663.0762674,0.268159261,0.51967263,1047.324274
300,398.7697181,28758.29335,95.79156526,32.4608567,4.320649036,19.15831305,28.73746958,0.564645137,0.026209863,0.016720105,0.009489758,21.54323089,4977643.004,5975561.83,2987780.915,3145032.542,0.3,0.15,0.3,0.5,3522582.187,24178.64509,4216.764527,2185.311504,1494.286757,1135.158815,1732.2045,206.8052413,1080.658388,8173.215359,0.284203769,859.6482609,1074.560326,331.8396651,3720,32.26945021,1721.090728,1761.291094,654.447701,0.266781317,0.519033793,1048.613342
300,398.7697181,29315.64808,97.66074666,32.77603108,4.358488199,19.53214933,29.298224,0.564645137,0.026123727,0.016633969,0.009489758,21.61426382,5074771.783,6092163.004,3959905.953,2244481.107,0.3,0.1,0.2,0.35,3600478.571,24726.67875,4305.908195,2185.311504,1523.444783,1157.309748,1934.238003,208.724431,1101.346989,8353.953206,0.284965667,868.9693289,1086.211661,332.0995719,3720,33.17654211,1724.793908,1800.239285,661.6585847,0.268007005,0.518627588,1049.434647
330,398.7697181,28663.10151,86.79800825,30.89948367,4.133314709,17.35960165,26.03940248,0.621109651,0.029054498,0.017571891,0.011482607,21.37740056,5843336.877,7014810.177,4208886.106,2953604.285,0.1,0.15,0.1,0.4,3553958.044,24063.83097,3880.940472,2185.311504,1353.993057,1131.440616,2143.930458,197.2853204,981.1152873,8246.014693,0.287687454,879.270538,1099.088172,332.1718363,3720,32.63523768,1720.560773,1776.979022,656.8878198,0.266995835,0.51851476,1049.663003
320,398.7697181,28732.90242,89.72998285,31.41703059,4.195386919,17.94599657,26.91899485,0.602288146,0.028072198,0.017274962,0.010797236,21.45496925,5555133.831,6668828.129,4001296.877,2807927.633,0.2,0.12,0.2,0.4,3543975.745,24139.58288,3992.034172,2185.311504,1399.729973,1134.215702,2044.225093,200.4431744,1013.567168,8222.853423,0.286182485,873.3195456,1091.649432,332.1833773,3720,32.62795674,1721.019554,1771.987873,656.4013041,0.266992721,0.518496745,1049.699472
310,398.7697181,28502.14028,91.88219553,31.79157358,4.240322656,18.37643911,27.56465866,0.583466642,0.027166623,0.01703367,0.010132953,21.47733391,5218256.003,6264412.968,3132206.484,3297059.457,0.1,0.2,0.2,0.5,3496074.557,23919.33151,4063.55751,2185.311504,1433.303106,1125.125745,1810.518258,202.727049,1037.388435,8111.711451,0.284600082,862.8087713,1078.510964,332.3948576,3720,32.07623614,1719.570844,1748.037279,652.1733694,0.266355214,0.518166861,1050.36775
290,398.7697181,29091.0344,100.2567901,33.20880442,4.410458369,20.05135802,30.07703702,0.545823633,0.025270627,0.016402975,0.008867652,21.59913301,4753415.75,5706381.452,2853190.726,3003358.659,0.3,0.2,0.1,0.5,3560346.755,24511.85901,4393.379208,2185.311504,1563.94139,1148.470976,1659.032237,211.3583943,1130.080694,8260.837998,0.283965083,859.1753842,1073.96923,332.507081,3720,32.53699695,1723.443624,1780.173378,657.8303488,0.267425439,0.517991976,1050.722376
310,398.7697181,28482.48678,91.81914433,31.78066374,4.23901358,18.36382887,27.5457433,0.583466642,0.027169819,0.017036866,0.010132953,21.47480775,5214675.142,6260114.216,3130057.108,3294796.956,0.3,0.12,0.4,0.5,3490473.301,23899.55195,4060.535337,2185.311504,1432.319547,1124.353644,1809.354278,202.6605401,1036.690568,8098.715225,0.284340173,862.9348239,1078.66853,332.8292326,3720,32.05629638,1719.561874,1745.23665,651.871181,0.266320269,0.517490602,1051.740375
300,398.7697181,29082.77668,96.86652365,32.64248398,4.342453877,19.37330473,29.05995709,0.564645137,0.026159962,0.016670204,0.009489758,21.58432581,5033501.358,6042618.677,3625571.206,2544260.495,0.3,0.12,0.2,0.4,3562328.717,24496.7239,4267.975318,2185.311504,1511.055416,1147.897721,1863.073501,207.9113229,1092.556316,8265.436614,0.284203833,866.0527857,1082.565982,333.0037047,3720,32.82564404,1723.526398,1781.164359,658.5420001,0.267514656,0.517219471,1052.291707
330,398.7697181,28184.43161,85.35815265,30.64212263,4.102457181,17.07163053,25.6074458,0.621109651,0.029136921,0.017654314,0.011482607,21.31692794,5746404.223,6898444.445,3449222.223,3630760.234,0.3,0.15,0.1,0.5,3476628.705,23592.20338,3811.379454,2185.311504,1331.532236,1112.671158,1981.726939,195.7141473,965.1785794,8066.592523,0.286207387,872.2282304,1090.285288,333.1291073,3720,31.88441812,1717.695174,1738.314353,650.5114417,0.265957929,0.51702477,1052.687979
330,398.7697181,29062.65079,87.9988045,31.11248703,4.158858423,17.5997609,26.39964135,0.621109651,0.028987629,0.017505021,0.011482607,21.42671478,5924175.794,7111855.695,4978298.987,2245849.167,0.1,0.12,0.1,0.3,3606789.151,24455.55096,3939.073296,2185.311504,1372.724705,1147.093791,2304.544381,198.5852571,994.4060221,8368.59523,0.28795017,887.0998339,1108.874792,333.2817243,3720,33.30764476,1723.471735,1803.394576,661.9931787,0.267896096,0.516788013,1053.170249
290,398.7697181,29832.10682,102.7988005,33.62717362,4.460711846,20.55976011,30.83964016,0.545823633,0.025163463,0.016295811,0.008867652,21.69111741,4873938.584,5851066.728,4095746.71,1847705.283,0.1,0.12,0.3,0.3,3667018.435,25240.15852,4514.2059,2185.311504,1603.595117,1177.591217,1916.550755,213.9032549,1158.216347,8508.341269,0.285207522,871.9483059,1089.935382,333.5230767,3720,33.72108327,1728.541562,1833.509218,667.4091718,0.269073691,0.516414042,1053.932922
310,398.7697181,28828.86235,92.93010625,31.97235007,4.262015559,18.58602125,27.87903187,0.583466642,0.027114084,0.016981131,0.010132953,21.51895103,5277769.887,6335858.208,3801514.925,2667729.772,0.2,0.15,0.1,0.4,3534620.021,24239.50338,4113.681803,2185.311504,1449.649838,1137.95806,1948.018055,203.8289568,1048.986992,8201.145951,0.284476919,869.3589691,1086.698711,333.5876675,3720,32.64666809,1722.031806,1767.31001,656.2801989,0.2670928,0.516314051,1054.137029
280,398.7697181,29548.8154,105.4629585,34.06013129,4.5127306,21.0925917,31.63888754,0.527002128,0.024345492,0.016078858,0.008266634,21.64680542,4548843.32,5460796.303,2730398.151,2874103.317,0.2,0.2,0.3,0.5,3623443.032,24967.68249,4601.663304,2185.311504,1645.154266,1166.450695,1592.103387,216.5353881,1187.703961,8407.236132,0.284520243,861.1329064,1076.416133,333.6373161,3720,32.92586159,1726.73307,1811.721516,663.0267245,0.268378427,0.516237218,1054.293919
320,398.7697181,28863.50107,90.13574372,31.48798471,4.203898696,18.02714874,27.04072311,0.602288146,0.028050788,0.017253552,0.010797236,21.47134511,5580254.263,6698984.71,4354340.061,2468046.998,0.3,0.1,0.1,0.35,3552331.671,24266.52215,4011.546003,2185.311504,1406.059581,1139.34478,2115.405904,200.8759273,1018.058238,8242.241125,0.285559299,876.9789181,1096.223648,333.6434258,3720,32.88664921,1722.273063,1776.165835,657.9232291,0.267304412,0.516227765,1054.313226
310,398.7697181,29247.09099,94.27090964,32.20217393,4.289597982,18.85418193,28.28127289,0.583466642,0.027048396,0.016915444,0.010132953,21.57121009,5353917.995,6427272.503,4499090.752,2029665.001,0.1,0.12,0.2,0.3,3597307.193,24650.72021,4177.982982,2185.311504,1470.565508,1154.377037,2094.326742,205.2294333,1063.827364,8346.594866,0.285382053,876.3707807,1095.463476,333.7841146,3720,33.3117729,1724.810976,1798.653596,661.738792,0.268017929,0.516010177,1054.757802
280,398.7697181,29914.45083,106.7614985,34.26917688,4.537851448,21.3522997,32.02844956,0.527002128,0.024295019,0.016028386,0.008266634,21.69177631,4604852.134,5528033.774,3316820.265,2327593.168,0.1,0.15,0.4,0.4,3677360.97,25327.41457,4663.124296,2185.311504,1665.410654,1180.813301,1713.48039,217.8057368,1202.076551,8532.338371,0.285224637,867.0362583,1083.795323,333.8331337,3720,33.50113328,1729.161149,1838.680485,667.7701277,0.269183809,0.515934407,1054.912702
290,398.7697181,29395.77082,101.3023266,33.38151573,4.431202502,20.26046531,30.39069797,0.545823633,0.025225967,0.016358315,0.008867652,21.63737242,4802987.151,5765890.937,3459534.562,2427743.553,0.3,0.15,0.1,0.4,3596038.535,24810.10589,4442.989896,2185.311504,1580.251086,1160.448213,1782.71423,212.4091344,1141.652972,8343.651282,0.283838493,865.6649266,1082.081158,334.1250827,3720,33.06171877,1725.872144,1798.019267,661.6406307,0.268126078,0.515483599,1055.835261
320,398.7697181,28644.08116,89.45396859,31.36867314,4.18958613,17.89079372,26.83619058,0.602288146,0.028086862,0.017289626,0.010797236,21.44376752,5538045.941,6648314.455,3988988.673,2799290.297,0.3,0.1,0.2,0.4,3518523.942,24049.81151,3978.708898,2185.311504,1395.424328,1130.726705,2038.305242,200.148215,1010.512169,8163.799279,0.285008244,874.2696547,1092.837068,334.5386093,3720,32.53664057,1721.087434,1759.261971,655.0303731,0.266846384,0.514846404,1057.142005
310,398.7697181,29040.01953,93.60714093,32.08860468,4.275967372,18.72142819,28.08214228,0.583466642,0.027080703,0.01694775,0.010132953,21.54547595,5316220.647,6382017.584,4148311.43,2351269.636,0.1,0.1,0.4,0.35,3566253.073,24446.04688,4146.111023,2185.311504,1460.211143,1146.248772,2020.882211,204.5374321,1056.480594,8274.542038,0.284935829,873.9726421,1092.465803,334.7305679,3720,32.97989144,1723.722699,1783.126536,659.0299051,0.267591495,0.514551154,1057.748595
290,398.7697181,29613.97883,102.0507873,33.50460656,4.445988096,20.41015746,30.6152362,0.545823633,0.0251945,0.016326848,0.008867652,21.66439616,4838473.477,5808491.569,3775519.52,2139970.578,0.1,0.12,0.4,0.35,3631293.761,25024.1768,4478.567372,2185.311504,1591.926592,1169.022277,1849.240343,213.1578477,1149.937136,8425.451661,0.284509276,869.8020256,1087.252532,334.7900328,3720,33.39014665,1727.473503,1815.646881,664.5163121,0.268628866,0.51445976,1057.936504
320,398.7697181,28242.94347,88.19774292,31.1476351,4.163073835,17.63954858,26.45932288,0.602288146,0.02815465,0.017357414,0.010797236,21.39213734,5460273.701,6554950.422,3277475.211,3449973.906,0.2,0.15,0.3,0.5,3461114.547,23654.81053,3918.338509,2185.311504,1375.828017,1114.847217,1889.086171,198.7997243,996.607926,8030.596044,0.284339911,868.1329411,1085.166176,335.0756443,3720,31.8777059,1718.613338,1730.557274,649.7963514,0.265980735,0.514021245,1058.839036
330,398.7697181,28145.50011,85.24093829,30.62107642,4.099934023,17.04818766,25.57228149,0.621109651,0.029143742,0.017661135,0.011482607,21.31193901,5738513.224,6888971.457,3444485.729,3625774.451,0.2,0.12,0.4,0.5,3464604.24,23551.13238,3805.678497,2185.311504,1329.703768,1111.143193,1979.175527,195.5856359,963.8812194,8038.692948,0.285612013,874.3677301,1092.959663,335.8497173,3720,31.84281844,1718.188494,1732.30212,649.881553,0.265942592,0.512836519,1061.285107
310,398.7697181,28374.71391,91.4733663,31.72076653,4.231826668,18.29467326,27.44200989,0.583466642,0.027187415,0.017054462,0.010132953,21.46090889,5195037.406,6236539.503,3118269.752,3282389.212,0.2,0.2,0.1,0.5,3459465.252,23790.41541,4043.955793,2185.311504,1426.925633,1120.11938,1802.970118,202.2953755,1032.863404,8026.769293,0.282884589,864.298498,1080.373123,335.8656855,3720,31.94625415,1719.692428,1729.732626,650.2038193,0.26614768,0.512812137,1061.335566
290,398.7697181,29738.82923,102.4789457,33.57481798,4.454422332,20.49578914,30.74368371,0.545823633,0.025176685,0.016309033,0.008867652,21.67972595,4858773.496,5832861.34,4083002.938,1841956.213,0.2,0.1,0.3,0.3,3640948.297,25145.86693,4498.924381,2185.311504,1598.605587,1173.927088,1910.920323,213.584862,1154.676108,8447.852444,0.284068091,872.9622976,1091.202872,335.941969,3720,33.6259506,1728.601202,1820.474148,665.991407,0.268921169,0.512695691,1061.576622
330,398.7697181,28950.9149,87.66301794,31.05307066,4.151732695,17.53260359,26.29890538,0.621109651,0.029006161,0.017523554,0.011482607,21.41302497,5901570.276,7084718.218,4959302.753,2237279.437,0.2,0.1,0.1,0.3,3574838.122,24342.68093,3922.744452,2185.311504,1367.486651,1142.71659,2296.230239,198.2226849,990.6894465,8294.461362,0.286500837,888.2339668,1110.292459,336.2084912,3720,33.19182537,1723.54839,1787.419061,660.271662,0.267711373,0.512289263,1062.418832
330,398.7697181,28779.43811,87.14766181,30.96165822,4.140770353,17.42953236,26.14429854,0.621109651,0.029034855,0.017552248,0.011482607,21.39186331,5866875.937,7043068.352,4577994.429,2594814.656,0.1,0.1,0.3,0.35,3556048.713,24174.03609,3897.7856,2185.311504,1359.447427,1135.998581,2217.76515,197.6648057,984.9853466,8250.865534,0.286693072,885.4020215,1106.752527,336.2466865,3720,32.88356332,1722.440583,1778.024357,658.1382072,0.267347368,0.51223107,1062.539529
290,398.7697181,28991.09882,99.91383689,33.15195629,4.40363089,19.98276738,29.97415107,0.545823633,0.025285459,0.016417807,0.008867652,21.58646345,4737155.514,5686861.361,2843430.68,2993084.927,0.3,0.15,0.4,0.5,3531521.584,24409.49991,4377.039373,2185.311504,1558.591541,1144.542246,1653.71854,211.0124894,1126.284796,8193.956852,0.282636988,861.5989099,1076.998637,336.4003837,3720,32.43471771,1723.863083,1765.760792,656.2816706,0.267298624,0.511997038,1063.025212
310,398.7697181,29145.95035,93.94671185,32.14675459,4.282946407,18.78934237,28.18401356,0.583466642,0.027064124,0.016931171,0.010132953,21.55867426,5335505.864,6405169.104,4483618.373,2022684.98,0.2,0.1,0.2,0.3,3568663.22,24548.50433,4162.37018,2185.311504,1465.508231,1150.407031,2087.521973,204.8917651,1060.239056,8280.134142,0.284092097,877.4460178,1096.807522,336.432026,3720,33.20763806,1724.880628,1784.33161,660.1888613,0.267851689,0.511948883,1063.125202
280,398.7697181,29997.06541,107.0548215,34.31622118,4.543505125,21.41096429,32.11644644,0.527002128,0.02428377,0.016017136,0.008266634,21.70182505,4617503.781,5543221.825,3603094.187,2042239.62,0.1,0.15,0.3,0.35,3676024.204,25405.94259,4676.971414,2185.311504,1669.986303,1184.057624,1769.565266,218.0915731,1205.323128,8529.23676,0.284335706,871.1228146,1088.903518,336.5513903,3720,33.68812372,1730.444509,1838.012102,668.6124071,0.269422526,0.511767311,1063.502393
310,398.7697181,28782.76733,92.78227584,31.94690962,4.25896258,18.55645517,27.83468275,0.583466642,0.027121431,0.016988478,0.010132953,21.5131217,5269374.17,6325779.316,3795467.59,2663486.028,0.1,0.12,0.4,0.4,3520713.71,24191.10546,4106.546215,2185.311504,1447.343779,1136.147784,1945.101886,203.6739033,1047.350766,8168.880054,0.283811489,871.661866,1089.577333,336.5589059,3720,32.5976981,1722.548162,1760.356855,655.5453162,0.267068258,0.511755883,1063.526143
320,398.7697181,28568.3949,89.21874884,31.32740393,4.184635785,17.84374977,26.76562465,0.602288146,0.028099424,0.017302188,0.010797236,21.43418131,5523483.615,6630832.671,3978499.603,2791929.546,0.3,0.12,0.1,0.4,3496808.188,23973.25368,3967.357707,2185.311504,1391.755052,1127.753378,2033.259594,199.8964751,1007.908693,8113.413647,0.283999632,875.1412234,1093.926529,336.6060832,3720,32.45872301,1721.161714,1748.404094,653.8606647,0.266723363,0.511684157,1063.675223
280,398.7697181,29434.91324,105.0583273,33.994729,4.504871861,21.01166546,31.51749818,0.527002128,0.024361447,0.016094813,0.008266634,21.63262807,4531390.71,5439844.79,2719922.395,2863076.205,0.3,0.2,0.2,0.5,3591460.643,24852.42992,4582.476153,2185.311504,1638.842279,1161.975241,1586.385682,216.1378747,1183.225395,8333.029502,0.283100189,862.483317,1078.104146,336.6747412,3720,32.81124376,1726.827841,1795.730321,661.2910405,0.268194146,0.51157981,1063.892182
290,398.7697181,29350.91538,101.1484459,33.35615243,4.428156013,20.22968918,30.34453377,0.545823633,0.025232488,0.016364836,0.008867652,21.63178046,4795691.298,5757132.41,3454279.446,2424055.752,0.2,0.12,0.4,0.4,3582767.611,24763.20305,4435.62593,2185.311504,1577.850646,1158.685419,1780.16757,212.2548443,1139.949779,8312.859631,0.283223181,867.7123343,1084.640418,336.80464,3720,33.0146681,1726.317214,1791.383805,660.9342033,0.268096727,0.511382504,1064.302662
320,398.7697181,29232.16188,91.28080724,31.68736151,4.227818619,18.25616145,27.38424217,0.602288146,0.027991295,0.017194059,0.010797236,21.51698035,5651144.515,6784087.053,5088065.29,1785286.067,0.1,0.1,0.2,0.25,3597425.429,24625.78467,4066.707432,2185.311504,1423.921835,1153.819124,2267.29798,202.0917079,1030.732109,8346.869203,0.285537185,886.3772183,1107.971523,336.8611629,3720,33.5130422,1725.559956,1798.712715,662.5522362,0.268193395,0.511296697,1064.481275
310,398.7697181,28960.54875,93.35234171,32.04490223,4.270722474,18.67046834,28.00570251,0.583466642,0.027093215,0.016960262,0.010132953,21.53552643,5301749.862,6364645.693,4137019.7,2344869.466,0.1,0.12,0.3,0.35,3543641.916,24365.65694,4133.853326,2185.311504,1456.23644,1143.128596,2015.69501,204.2711152,1053.660408,8222.07886,0.283906183,874.8918184,1093.614773,336.8840011,3720,32.89819735,1723.796949,1771.820958,657.8086293,0.267462679,0.511262035,1064.553443
290,398.7697181,29528.58159,101.7578874,33.45649058,4.440208306,20.35157749,30.52736623,0.545823633,0.025206765,0.016339113,0.008867652,21.6538552,4824586.389,5791820.395,3764683.257,2133828.567,0.2,0.1,0.4,0.35,3607350.889,24937.83978,4464.590707,2185.311504,1587.357542,1165.666934,1844.23863,212.8651915,1146.695242,8369.898594,0.28345075,870.7418188,1088.427274,337.0162898,3720,33.3032175,1727.530743,1803.675445,663.2156362,0.268489224,0.51106135,1064.971476
300,398.7697181,28618.06388,95.32684958,32.38202195,4.31118552,19.06536992,28.59805487,0.564645137,0.02623175,0.016741991,0.009489758,21.52525647,4953494.858,5946572.458,2973286.229,3129774.978,0.1,0.2,0.3,0.5,3481924.043,24035.29501,4194.547481,2185.311504,1487.037491,1129.651656,1724.333293,206.3250654,1075.51479,8078.878947,0.282299983,862.7688667,1078.461083,337.0635011,3720,32.12554839,1721.611875,1740.962022,652.2682951,0.266595089,0.510989767,1065.120664
300,398.7697181,28979.7459,96.52522408,32.58492696,4.335543724,19.30504482,28.95756722,0.564645137,0.026175697,0.016685939,0.009489758,21.57135046,5015766.316,6021328.11,3612796.866,2535296.046,0.1,0.15,0.3,0.4,3532364.128,24390.76568,4251.613512,2185.311504,1505.731362,1143.853114,1856.897874,207.5608391,1088.77872,8195.911751,0.28281517,868.9802181,1086.225273,337.4576808,3720,32.71876587,1724.079835,1766.182064,656.9372269,0.267396587,0.510392887,1066.366271
280,398.7697181,29774.52047,106.2645926,34.18933341,4.528256376,21.25291853,31.87937779,0.527002128,0.024314203,0.016047569,0.008266634,21.67466157,4583419.519,5502304.344,3301382.606,2316759.724,0.2,0.15,0.3,0.4,3638305.334,25185.86975,4639.515168,2185.311504,1657.659242,1175.317232,1705.981903,217.3205765,1196.576663,8441.720153,0.283521616,868.6507148,1085.813394,337.5198385,3720,33.35973499,1729.266831,1819.152667,665.6454678,0.268957071,0.510298893,1066.56269
330,398.7697181,28070.38718,85.01482441,30.58043604,4.095061907,17.00296488,25.50444732,0.621109651,0.029156948,0.01767434,0.011482607,21.30228649,5723290.99,6870697.467,3435348.733,3616156.562,0.3,0.1,0.4,0.5,3442808.604,23475.20898,3794.742655,2185.311504,1326.176537,1108.195652,1974.253148,195.3374684,961.3785303,7988.121971,0.284574699,875.1781999,1093.97275,337.8671663,3720,31.76573643,1718.251481,1721.404302,648.7131731,0.265818452,0.509774305,1067.660245
330,398.7697181,28521.86654,86.37319139,30.823775,4.124236611,17.27463828,25.91195742,0.621109651,0.029078558,0.01759595,0.011482607,21.359713,5814737.741,6980477.48,4188286.488,2939148.413,0.1,0.1,0.4,0.4,3512389.213,23919.02514,3860.296938,2185.311504,1347.366187,1125.902849,2134.047885,196.8231837,976.4133003,8149.565273,0.285730433,882.8413915,1103.551739,337.9561874,3720,32.48757387,1721.229038,1756.194607,654.6720977,0.266822051,0.509640026,1067.941552
330,398.7697181,28692.14002,86.88517527,30.9149952,4.135174736,17.37703505,26.06555258,0.621109651,0.029049588,0.017566981,0.011482607,21.38101408,5849205.056,7021854.81,4564205.626,2586999.14,0.1,0.12,0.2,0.35,3530963.991,24085.7693,3885.040921,2185.311504,1355.352806,1132.576896,2211.46174,197.3799989,982.0800752,8192.663106,0.285536844,886.370724,1107.963405,338.6149375,3720,32.79319717,1722.522125,1765.481996,656.7885946,0.267204959,0.508648559,1070.023202
320,398.7697181,28110.63436,87.78718162,31.07505427,4.154369123,17.55743632,26.33615449,0.602288146,0.028177185,0.017379949,0.010797236,21.37502914,5434856.077,6524437.067,3262218.533,3433914.246,0.3,0.15,0.2,0.5,3422855.679,23520.97092,3898.577968,2185.311504,1369.423524,1109.657464,1880.843906,198.3568374,992.0637233,7941.826514,0.282520359,869.6634395,1087.079299,338.6941793,3720,31.74221092,1718.742439,1711.42784,647.743054,0.265764641,0.508529554,1070.273607
310,398.7697181,28698.7001,92.51265478,31.90045772,4.253388259,18.50253096,27.75379643,0.583466642,0.027134885,0.017001932,0.010132953,21.50245481,5254061.609,6307396.89,3784438.134,2655746.059,0.2,0.1,0.4,0.4,3496741.238,24106.12026,4093.596655,2185.311504,1443.137864,1132.846107,1939.782599,203.390776,1044.366527,8113.258306,0.282704731,872.5798446,1090.724806,338.7847561,3720,32.51150879,1722.611643,1748.370619,654.2511315,0.266930046,0.508393595,1070.559829
300,398.7697181,29116.43559,96.97797686,32.66125756,4.344707843,19.39559537,29.09339306,0.564645137,0.026154845,0.016665087,0.009489758,21.58854856,5039292.831,6049571.226,3932221.297,2228789.399,0.1,0.15,0.2,0.35,3544648.739,24523.86599,4273.18193,2185.311504,1512.794014,1149.218509,1921.489065,208.0256356,1093.78991,8224.414926,0.282466406,872.5696005,1090.712001,338.8154636,3720,32.97101749,1725.343826,1772.32437,658.5837234,0.267723445,0.508347518,1070.656865
290,398.7697181,29273.44796,100.8826719,33.3123009,4.422888939,20.17653439,30.26480158,0.545823633,0.025243792,0.016376141,0.008867652,21.62209317,4783090.315,5742005.181,3445203.108,2417686.392,0.3,0.1,0.4,0.4,3560978.436,24684.87121,4422.962481,2185.311504,1573.704744,1155.640821,1775.768645,211.9880744,1137.008122,8262.303645,0.28224566,868.5767415,1085.720927,338.8363458,3720,32.93593863,1726.371838,1780.489218,659.7515022,0.26797004,0.508316189,1070.722853
290,398.7697181,29455.69351,101.5078712,33.41536448,4.435268285,20.30157424,30.45236136,0.545823633,0.025217284,0.016349632,0.008867652,21.6448226,4812732.517,5777590.057,3755433.537,2128585.81,0.2,0.12,0.3,0.35,3586890.324,24864.09448,4452.664824,2185.311504,1583.45745,1162.802849,1839.96864,212.6150352,1143.927995,8322.425293,0.282540463,871.5990389,1089.498799,338.9701554,3720,33.22892876,1727.594184,1793.445162,662.1041511,0.268371525,0.50811553,1071.145691
330,398.7697181,28027.7642,84.88649927,30.55734759,4.092294051,16.97729985,25.46594978,0.621109651,0.02916447,0.017681863,0.011482607,21.29679165,5714652.001,6860326.532,3430163.266,3610698.175,0.1,0.2,0.1,0.5,3430369.259,23431.9618,3788.535738,2185.311504,1324.174747,1106.522852,1971.459258,195.1964741,959.9581933,7959.259777,0.283977692,875.802401,1094.753001,339.1721426,3720,31.721818,1718.331182,1715.184629,648.047563,0.265752653,0.507812931,1071.783971
310,398.7697181,28868.39696,93.05685396,31.99414624,4.264631251,18.61137079,27.91705619,0.583466642,0.027107801,0.016974848,0.010132953,21.52393822,5284968.257,6344499.708,4123924.81,2337447.261,0.2,0.1,0.3,0.35,3517453.87,24272.51369,4119.646918,2185.311504,1451.627021,1139.510164,2009.678583,203.961795,1050.38987,8161.316463,0.282707643,875.8832714,1094.854089,339.3089454,3720,32.8034819,1723.862955,1758.726935,656.3927455,0.267311083,0.507608191,1072.216267
330,398.7697181,28006.35276,84.82203544,30.54574258,4.090902855,16.96440709,25.44661063,0.621109651,0.029168257,0.01768565,0.011482607,21.29402671,5710312.225,6855116.717,3427558.359,3607956.167,0.3,0.12,0.3,0.5,3424203.92,23410.42948,3785.421681,2185.311504,1323.169153,1105.682524,1970.055667,195.1256039,959.2446903,7944.954747,0.28368402,875.9232771,1094.904096,339.6400071,3720,31.69993735,1718.319584,1712.10196,647.7158779,0.265714101,0.507113404,1073.262422
330,398.7697181,28442.64408,86.13487135,30.7812213,4.119134305,17.22697427,25.8404614,0.621109651,0.029092149,0.017609542,0.011482607,21.34973421,5798693.775,6961217.017,4176730.21,2931038.744,0.1,0.12,0.3,0.4,3489541.785,23838.9119,3848.743456,2185.311504,1343.648548,1122.796191,2128.502727,196.5634079,973.7755102,8096.553891,0.28466249,883.7321779,1104.665222,340.1176901,3720,32.40575335,1721.305749,1744.770893,653.4441794,0.266692766,0.506401181,1074.771901
310,398.7697181,28269.48683,91.13571115,31.66216706,4.224795764,18.22714223,27.34071334,0.583466642,0.027204714,0.017071761,0.010132953,21.44726225,5175860.992,6213518.598,3106759.299,3270272.947,0.2,0.15,0.4,0.5,3428626.744,23682.52923,4027.752396,2185.311504,1421.65843,1115.984586,1796.734632,201.9380931,1029.126146,7955.216734,0.281406478,866.9576025,1083.697003,340.1225246,3720,31.83744477,1720.174834,1714.313372,648.5557824,0.266016776,0.506393983,1074.787178
290,398.7697181,29229.15546,100.7307044,33.28720097,4.419874209,20.14614088,30.21921131,0.545823633,0.025250281,0.016382629,0.008867652,21.61653737,4775885.168,5733355.543,3440013.326,2414044.439,0.1,0.2,0.1,0.4,3548453.848,24639.93215,4415.721317,2185.311504,1571.334148,1153.899943,1773.253097,211.8353725,1135.326104,8233.243668,0.28167915,869.223311,1086.529139,340.1461097,3720,32.89075924,1726.443714,1774.226924,659.0728659,0.267901899,0.506358871,1074.861707
300,398.7697181,28497.0909,94.92589118,32.31384847,4.303002208,18.98517824,28.47776735,0.564645137,0.026250788,0.01676103,0.009489758,21.5096452,4932659.748,5921560.321,2960780.161,3116610.695,0.2,0.2,0.2,0.5,3447380.89,23912.8897,4175.41679,2185.311504,1480.782798,1124.900059,1717.540252,205.9097849,1071.076875,7998.730743,0.28068587,864.2012018,1080.251502,340.3455877,3720,32.0025063,1721.724226,1723.690445,650.404466,0.266398392,0.506062092,1075.492057
290,398.7697181,29207.29702,100.6557056,33.27480672,4.418385565,20.13114113,30.19671169,0.545823633,0.025253489,0.016385837,0.008867652,21.613791,4772329.297,5729086.791,3437452.075,2412247.07,0.3,0.12,0.3,0.4,3542349.528,24617.93175,4412.151713,2185.311504,1570.164216,1153.040788,1772.011555,211.759967,1134.495998,8219.080217,0.281405027,869.3652768,1086.706596,340.6203848,3720,32.86862809,1726.431837,1771.174764,658.7403949,0.267863227,0.505653824,1076.360416
310,398.7697181,28627.01236,92.28271585,31.86078898,4.248628075,18.45654317,27.68481476,0.583466642,0.027146415,0.017013462,0.010132953,21.49332187,5241002.712,6291719.942,3775031.965,2649145.239,0.2,0.12,0.3,0.4,3476273.033,24033.59204,4082.557148,2185.311504,1439.550965,1130.030363,1935.245555,203.1489781,1041.821502,8065.767279,0.281753722,873.4203127,1091.775391,340.7391342,3720,32.43791516,1722.68107,1738.136516,653.1461428,0.266813749,0.505477601,1076.735664
280,398.7697181,29635.88555,105.7722126,34.11003281,4.518726963,21.15444251,31.73166377,0.527002128,0.024333371,0.016066737,0.008266634,21.65758798,4562182.112,5476809.258,3286085.555,2306024.951,0.3,0.15,0.2,0.4,3599608.204,25045.63624,4616.139731,2185.311504,1649.97843,1169.871224,1698.549876,216.8386656,1191.126869,8351.933751,0.281818262,870.2493112,1087.811639,341.1721313,3720,33.21951364,1729.370843,1799.804102,663.5386531,0.268732149,0.504836076,1078.103935
290,398.7697181,29371.20189,101.2180294,33.36762388,4.42953389,20.24360588,30.36540882,0.545823633,0.025229537,0.016361885,0.008867652,21.63431062,4798990.419,5761092.94,3744710.411,2122507.925,0.3,0.1,0.3,0.35,3563199.286,24778.67375,4438.846815,2185.311504,1578.936104,1159.482539,1835.017805,212.3246281,1140.719948,8267.456538,0.281481724,872.5281398,1090.660175,341.1725144,3720,33.14282875,1727.650308,1781.599643,660.8159922,0.268233163,0.504835509,1078.105146
320,398.7697181,28660.2083,89.5040556,31.37745387,4.190639421,17.90081112,26.85121668,0.602288146,0.028084195,0.017286959,0.010797236,21.44580401,5541146.8,6652036.974,4323824.033,2450750.464,0.1,0.15,0.1,0.35,3493305.523,24058.78531,3980.995836,2185.311504,1396.205653,1131.359837,2101.419801,200.2017752,1011.066545,8105.286645,0.282806271,881.4229909,1101.778739,341.2429163,3720,32.67471579,1723.036344,1746.652762,654.7569,0.267034541,0.504731356,1078.327615
330,398.7697181,28590.88026,86.58065598,30.86077147,4.128672728,17.3161312,25.97419679,0.621109651,0.029066781,0.017584174,0.011482607,21.3683669,5828704.484,6997244.279,4548208.781,2577932.103,0.2,0.1,0.2,0.35,3501904.432,23983.47189,3870.265521,2185.311504,1350.602501,1128.607286,2204.147769,197.0490218,978.709574,8125.238125,0.284189855,887.408365,1109.260456,341.2786209,3720,32.68839099,1722.593473,1750.952216,655.2233851,0.267037193,0.504678551,1078.440442
290,398.7697181,28855.87115,99.44971622,33.07486778,4.394372914,19.88994324,29.83491487,0.545823633,0.025305677,0.016438025,0.008867652,21.56921673,4715150.435,5660444.7,2830222.35,2979181.421,0.1,0.2,0.4,0.5,3492654.794,24271.3288,4354.948329,2185.311504,1551.351557,1139.225472,1646.525835,210.5433857,1121.147784,8103.7768,0.280836325,864.542351,1080.677939,341.3426175,3720,32.29652609,1724.340505,1746.327397,654.1892427,0.267117253,0.504583932,1078.642671
320,398.7697181,28454.10103,88.85249796,31.26303692,4.176915103,17.77049959,26.65574939,0.602288146,0.028119103,0.017321867,0.010797236,21.41918098,5500809.225,6603612.515,3962167.509,2780468.427,0.1,0.15,0.2,0.4,3463839.194,23855.98969,3949.665103,2185.311504,1386.041774,1123.123734,2025.401862,199.5038106,1003.85493,8036.917863,0.282452004,878.1113386,1097.639173,341.3957456,3720,32.33919211,1721.732081,1731.919597,652.0658659,0.266585855,0.504505408,1078.810556
310,398.7697181,28789.85396,92.80497708,31.95081764,4.259431558,18.56099542,27.84149312,0.583466642,0.027120301,0.016987348,0.010132953,21.51401775,5270663.439,6327327.058,4112762.588,2331120.495,0.2,0.12,0.2,0.35,3495105.006,24193.06282,4107.542325,2185.311504,1447.697904,1136.425775,2004.549362,203.6977221,1047.602029,8109.461866,0.28167777,876.7911395,1095.988924,341.4371412,3720,32.72264471,1723.935864,1747.552503,655.1843944,0.267183569,0.504444242,1078.941366
300,398.7697181,28831.08722,96.03270998,32.50168934,4.325550878,19.206542,28.80981299,0.564645137,0.026198582,0.016708823,0.009489758,21.55250798,4990173.672,5990604.649,3594362.789,2522359.852,0.2,0.15,0.2,0.4,3490191.899,24240.39596,4228.066789,2185.311504,1498.048459,1138.016525,1847.98409,207.0539293,1083.327442,8098.062307,0.280879533,870.6912532,1088.364067,341.4413712,3720,32.56683718,1724.206011,1745.095949,654.655544,0.267154516,0.504437993,1078.954733
330,398.7697181,28350.70468,85.85825319,30.73175532,4.113203411,17.17165064,25.75747596,0.621109651,0.02910801,0.017625403,0.011482607,21.33810075,5780071.538,6938861.391,4163316.834,2921625.849,0.2,0.1,0.3,0.4,3463060.57,23746.01723,3835.341834,2185.311504,1339.333483,1119.190293,2122.065478,196.261415,970.7138263,8035.111272,0.283418397,884.6874549,1105.859319,342.5500486,3720,32.31081606,1721.373577,1731.530285,652.0194598,0.266540382,0.502805358,1082.458154
300,398.7697181,29206.45228,97.27607904,32.71141803,4.350730267,19.45521581,29.18282371,0.564645137,0.02614121,0.016651452,0.009489758,21.59980839,5054783.195,6068167.101,4247716.971,1916263.295,0.1,0.1,0.4,0.3,3542965.289,24608.39077,4287.334283,2185.311504,1517.444216,1152.751202,1983.628507,208.3310495,1097.089384,8220.508928,0.281462084,878.0615037,1097.57688,342.7516805,3720,33.17431378,1727.012423,1771.482645,659.4910455,0.26801273,0.502509571,1083.09531
310,398.7697181,28543.846,92.01593512,31.81470236,4.243097922,18.40318702,27.60478053,0.583466642,0.027159858,0.017026905,0.010132953,21.48268383,5225851.461,6273531.166,3764118.699,2641486.807,0.3,0.1,0.3,0.4,3452555.876,23949.51839,4069.756096,2185.311504,1435.389357,1126.763468,1929.980831,202.8680438,1038.868701,8010.737923,0.280646761,874.3276192,1092.909524,342.9407618,3720,32.35255595,1722.743335,1726.277938,651.8645379,0.266676813,0.502232511,1083.692807
290,398.7697181,29299.08429,100.9706155,33.32681759,4.424632546,20.19412311,30.29118466,0.545823633,0.025240046,0.016372394,0.008867652,21.62530276,4787259.933,5747010.724,3735556.97,2117319.74,0.3,0.12,0.2,0.35,3542953.108,24705.70833,4427.05589,2185.311504,1575.076607,1156.648267,1830.791117,212.0763881,1137.981505,8220.480665,0.280571249,873.3759552,1091.719944,343.1057452,3720,33.06924597,1727.712717,1771.476554,659.7151652,0.268116545,0.501991011,1084.214155
310,398.7697181,28144.08949,90.73328568,31.59218483,4.216399516,18.14665714,27.2199857,0.583466642,0.027225483,0.01709253,0.010132953,21.43090107,5153006.084,6186081.734,3093040.867,3255832.491,0.3,0.15,0.3,0.5,3392599.475,23555.67476,4008.48528,2185.311504,1415.380851,1111.056641,1789.301345,201.5113718,1024.671993,7871.625036,0.279690165,868.4147253,1085.518407,343.5304242,3720,31.70932528,1720.29138,1696.299737,646.6147352,0.265811878,0.50137044,1085.556141
330,398.7697181,27900.43889,84.47109835,30.48248812,4.083320209,16.89421967,25.3413295,0.621109651,0.029188965,0.017706357,0.011482607,21.27892022,5686686.757,6826754.81,3413377.405,3593028.847,0.1,0.15,0.4,0.5,3394625.007,23302.45698,3768.45202,2185.311504,1317.69476,1101.107834,1962.413571,194.739297,955.3604245,7876.324743,0.282301106,877.9819111,1097.477389,343.5514693,3720,31.58972908,1718.701173,1697.312503,646.0415636,0.265568923,0.501339727,1085.622643
300,398.7697181,28377.13065,94.52823338,32.24609383,4.29486954,18.90564668,28.35847001,0.564645137,0.026269813,0.016780055,0.009489758,21.4940673,4911996.148,5896754.079,2948377.04,3103554.779,0.3,0.2,0.1,0.5,3413124.915,23791.50985,4156.457375,2185.311504,1474.579593,1120.187578,1710.801534,205.4970176,1066.675492,7919.248861,0.279071516,865.6208056,1082.026007,343.5999683,3720,31.88038929,1721.835082,1706.562457,648.5547904,0.266203116,0.501268964,1085.7759
330,398.7697181,28504.69458,86.32142201,30.81453621,4.123128841,17.2642844,25.8964266,0.621109651,0.029081504,0.017598897,0.011482607,21.35754879,5811252.57,6976293.601,4534590.841,2570213.432,0.2,0.12,0.1,0.35,3477139.559,23896.33147,3857.693429,2185.311504,1346.558618,1125.228001,2197.920466,196.7667854,975.8403029,8067.777823,0.283033302,888.3631045,1110.453881,343.6158672,3720,32.59905777,1722.673203,1738.56978,653.8893322,0.266896328,0.50124577,1085.82614
280,398.7697181,29957.3111,106.9136566,34.29358866,4.540785182,21.38273133,32.07409699,0.527002128,0.024289177,0.016022543,0.008266634,21.69699397,4611415.039,5535912.412,3875138.689,1748182.867,0.1,0.12,0.4,0.3,3640102.685,25359.52589,4670.13855,2185.311504,1667.784223,1182.496258,1818.957544,217.9540624,1203.760678,8445.890427,0.281930858,877.7852064,1097.231508,343.6236528,3720,33.74967246,1732.13148,1820.051343,667.5811399,0.269496164,0.501234413,1085.850743
320,398.7697181,28813.70096,89.9809797,31.46094049,4.200654374,17.99619594,26.99429391,0.602288146,0.028058934,0.017261698,0.010797236,21.46511186,5570672.908,6687482.483,4681237.738,2111836.573,0.1,0.1,0.3,0.3,3507372.056,24207.08222,4003.904811,2185.311504,1403.645362,1137.388463,2174.351275,200.7109883,1016.345269,8137.924293,0.282432455,886.618738,1108.273422,343.8297496,3720,32.95498826,1724.74938,1753.686028,656.6047489,0.267434441,0.500933966,1086.502009
310,398.7697181,28698.77642,92.51287418,31.90049555,4.253392799,18.50257484,27.75386226,0.583466642,0.027134874,0.017001921,0.010132953,21.5024635,5254074.07,6307411.849,4099817.702,2323783.313,0.3,0.1,0.2,0.35,3469220.442,24101.00642,4093.513113,2185.311504,1443.141287,1132.848794,1998.600102,203.3910065,1044.368956,8049.403619,0.280478983,877.7699995,1097.212499,343.8333435,3720,32.62892177,1724.000454,1734.610221,653.7834814,0.267033496,0.50092873,1086.513365
320,398.7697181,27962.29912,87.32674444,30.99345397,4.144583268,17.46534889,26.19802333,0.602288146,0.028202685,0.017405449,0.010797236,21.35570256,5406350.664,6490216.884,3245108.442,3415903.623,0.1,0.2,0.2,0.5,3379254.536,23369.25152,3876.406799,2185.311504,1362.241001,1103.837251,1871.597809,197.8588595,986.9674811,7840.661653,0.280401179,873.0475998,1091.3095,344.3761974,3720,31.5885303,1719.333366,1689.627268,645.415043,0.26556956,0.500139096,1088.228784
290,398.7697181,28740.03264,99.05209367,33.00868114,4.386424554,19.81041873,29.7156281,0.545823633,0.025323134,0.016455482,0.008867652,21.55434788,4696298.193,5637812.957,2818906.478,2967269.977,0.2,0.2,0.3,0.5,3459848.512,24154.12573,4336.058261,2185.311504,1545.148901,1134.670475,1640.362169,210.1405845,1116.746791,8027.658545,0.279319743,865.9069102,1082.383638,344.4524716,3720,32.17915717,1724.439967,1729.924256,652.4117871,0.266928808,0.500028347,1088.46981
330,398.7697181,28272.4091,85.62264712,30.68956041,4.10814449,17.12452942,25.68679414,0.621109651,0.029121593,0.017638985,0.011482607,21.32814854,5764210.28,6919820.264,4151892.158,2913608.532,0.2,0.12,0.2,0.4,3440480.466,23666.84256,3823.93208,2185.311504,1335.65818,1116.119015,2116.581796,196.0037955,968.1060751,7982.720146,0.282350192,885.5665483,1106.958185,344.6856362,3720,32.22985421,1721.448762,1720.240233,650.8045423,0.266412386,0.4996901,1089.20661
290,398.7697181,29108.19933,100.3156681,33.21855429,4.411629356,20.06313362,30.09470043,0.545823633,0.02526809,0.016400438,0.008867652,21.60130178,4756207.299,5709732.651,3425839.591,2404097.958,0.1,0.15,0.4,0.4,3513781.543,24516.09631,4395.933671,2185.311504,1564.859849,1149.145458,1766.381903,211.4177169,1130.732371,8152.795805,0.280085886,872.1030229,1090.128779,344.8057702,3720,32.76623913,1726.937455,1756.890772,657.2028456,0.267747338,0.499516003,1089.586234
320,398.7697181,27942.22511,87.26443086,30.98239402,4.14325696,17.45288617,26.17932926,0.602288146,0.028206154,0.017408918,0.010797236,21.35307551,5402492.865,6485585.673,3242792.836,3413466.144,0.3,0.12,0.4,0.5,3373497.933,23349.05686,3873.413771,2185.311504,1361.268949,1103.049568,1870.346275,197.7913602,986.2777778,7827.304988,0.280124613,873.1682517,1091.460315,344.8167922,3720,31.56804695,1719.322985,1686.748967,645.1046358,0.265533535,0.499500036,1089.621063
310,398.7697181,28472.92398,91.78841106,31.77534456,4.238375332,18.35768221,27.53652332,0.583466642,0.027171378,0.017038425,0.010132953,21.4735755,5212929.711,6258018.86,3754811.316,2634955.31,0.3,0.12,0.2,0.4,3432304.817,23877.76529,4058.842798,2185.311504,1431.840128,1123.977296,1925.490182,202.6281128,1036.350404,7963.750725,0.279695571,875.1586904,1093.948363,344.8742302,3720,32.27966844,1722.811642,1716.152409,650.770251,0.266561591,0.499416845,1089.802568
300,398.7697181,29124.94994,97.00614513,32.66600062,4.345277301,19.40122903,29.10184354,0.564645137,0.026153553,0.016663795,0.009489758,21.58961468,5040756.546,6051328.387,4235929.871,1910945.806,0.1,0.12,0.3,0.3,3519981.273,24525.94685,4274.409164,2185.311504,1513.233421,1149.552321,1978.43009,208.0545157,1094.101684,8167.180629,0.280418701,879.0030872,1098.753859,344.9384113,3720,33.0905509,1727.083032,1759.990636,658.2437192,0.26788058,0.499323921,1090.00538
300,398.7697181,28683.93482,95.54509888,32.41906981,4.315632775,19.10901978,28.66352966,0.564645137,0.026221447,0.016731689,0.009489758,21.53371384,4964835.805,5960187.041,3576112.224,2509552.438,0.3,0.15,0.1,0.4,3448444.215,24091.55108,4204.775114,2185.311504,1490.44204,1132.23804,1839.156683,206.5507273,1077.930432,8001.197908,0.278943526,872.383736,1090.47967,345.3842623,3720,32.41629163,1724.330063,1724.222108,652.3948296,0.266914561,0.498679352,1091.414269
320,398.7697181,28293.17777,88.35333107,31.1750965,4.16636744,17.67066621,26.50599932,0.602288146,0.02814616,0.017348924,0.010797236,21.39859027,5469906.078,6566513.899,3939908.339,2764847.957,0.2,0.15,0.1,0.4,3417634.354,23693.27018,3925.612423,2185.311504,1378.255091,1116.813949,2014.689794,198.9672814,998.3300173,7929.711817,0.280269395,879.9075866,1099.884483,345.731862,3720,32.17332004,1721.872319,1708.817177,649.5761807,0.266322004,0.498177978,1092.512684
310,398.7697181,28621.14589,92.26387329,31.8575361,4.24823774,18.45277466,27.67916199,0.583466642,0.027147362,0.01701441,0.010132953,21.49257198,5239932.588,6290435.279,4088782.932,2317528.787,0.3,0.12,0.1,0.35,3447129.514,24022.4791,4081.559004,2185.311504,1439.257033,1129.799624,1993.527957,203.1291498,1041.612947,7998.147494,0.279448892,878.6667866,1098.333483,345.9367463,3720,32.54892832,1724.072057,1723.564757,652.5878582,0.266907264,0.497882928,1093.160118
300,398.7697181,28905.24302,96.27837052,32.54323395,4.330538325,19.2556741,28.88351115,0.564645137,0.026187141,0.016697383,0.009489758,21.56192395,5002938.997,6005929.169,3903853.96,2212710.746,0.1,0.12,0.4,0.35,3484177.329,24308.49862,4239.681346,2185.311504,1501.880605,1140.92775,1908.421043,207.3069395,1086.046479,8084.107096,0.27967615,876.7444,1095.9305,346.1699478,3720,32.75285797,1725.989934,1742.088664,655.3217152,0.26742967,0.497547523,1093.897035
320,398.7697181,28724.39408,89.70348364,31.41239119,4.194830384,17.94069673,26.91104509,0.602288146,0.028073602,0.017276366,0.010797236,21.453896,5553493.28,6666858.679,4666801.076,2105323.794,0.1,0.12,0.2,0.3,3481935.089,24116.79044,3990.501236,2185.311504,1399.316603,1133.880735,2168.014218,200.4148769,1013.273868,8078.904575,0.281255874,887.6036429,1109.504554,346.2264157,3720,32.86245143,1724.825726,1740.967544,655.2285686,0.267288465,0.497466375,1094.075474
330,398.7697181,28404.72348,86.02067274,30.76080948,4.116686932,17.20413455,25.80620182,0.621109651,0.029098686,0.017616078,0.011482607,21.34493814,5791005.8,6951987.755,4518792.041,2561258.647,0.3,0.1,0.1,0.35,3448450.197,23795.33825,3843.117888,2185.311504,1341.867123,1121.307538,2190.694728,196.438795,972.5115294,8001.211787,0.28168596,889.3852282,1111.731535,346.2442611,3720,32.49544864,1722.742628,1724.225099,652.3421559,0.266730371,0.497440736,1094.131865
280,398.7697181,29475.79588,105.203541,34.018215,4.507693905,21.04070821,31.56106231,0.527002128,0.024355709,0.016089075,0.008266634,21.63772511,4537654.091,5447363.854,3268418.313,2293626.886,0.1,0.2,0.2,0.4,3554281.155,24882.1978,4589.136524,2185.311504,1641.107521,1163.581389,1689.96401,216.2806258,1184.83266,8246.764386,0.279780889,873.5980833,1091.997604,346.8498789,3720,33.05598553,1729.891736,1777.140578,661.082267,0.268514787,0.496572179,1096.045617
330,398.7697181,28181.54419,85.34917669,30.64051148,4.102264024,17.06983534,25.60475301,0.621109651,0.029137443,0.017654836,0.011482607,21.31654626,5745799.951,6897719.029,4138631.417,2904302.749,0.3,0.1,0.2,0.4,3414308.874,23575.03537,3810.697013,2185.311504,1331.392217,1112.55415,2110.21586,195.7043095,965.079231,7921.995924,0.281105814,886.5088177,1108.136022,347.0884759,3720,32.13591265,1721.514968,1707.154437,649.3948993,0.266261514,0.496230823,1096.799584
320,398.7697181,28513.90855,89.04936654,31.29765218,4.181067082,17.80987331,26.71480996,0.602288146,0.028108507,0.017311271,0.010797236,21.42725526,5512997.25,6618243.998,4301858.599,2438300.42,0.1,0.1,0.4,0.35,3450647.618,23908.86865,3959.022079,2185.311504,1389.112797,1125.612278,2091.349568,199.7149819,1006.033925,8006.310318,0.28078614,885.039902,1106.299878,347.1204118,3720,32.52160192,1723.697119,1725.323809,652.4696507,0.266851882,0.496185168,1096.900501
280,398.7697181,29646.14741,105.8086478,34.11590723,4.519432867,21.16172957,31.74259435,0.527002128,0.024331947,0.016065314,0.008266634,21.65885534,4563753.643,5478695.85,3561152.302,2018466.892,0.2,0.12,0.4,0.35,3577716.661,25049.50553,4617.742711,2185.311504,1650.546797,1170.274219,1750.155392,216.8743663,1191.530144,8301.140246,0.280007386,876.6418799,1095.80235,347.2251269,3720,33.33086024,1731.102022,1788.85833,663.2655657,0.268895898,0.49603553,1097.231401
290,398.7697181,28610.70501,98.57365603,32.92886601,4.376839983,19.71473121,29.57209681,0.545823633,0.025344306,0.016476654,0.008867652,21.53634173,4673614.313,5610581.408,2805290.704,2952937.583,0.3,0.2,0.2,0.5,3425116.412,24024.13683,4313.364422,2185.311504,1537.685582,1129.189695,1632.943902,209.6547951,1111.451315,7947.071943,0.27776568,866.5681804,1083.210225,347.2417167,3720,32.04845044,1724.362732,1712.558206,650.4280858,0.266697358,0.496011832,1097.283825
280,398.7697181,29455.00288,105.1296732,34.00627008,4.506258616,21.02593464,31.53890195,0.527002128,0.024358626,0.016091992,0.008266634,21.63513361,4534468.011,5443539.029,3266123.418,2292016.433,0.3,0.12,0.4,0.4,3548520.947,24861.26822,4585.636526,2185.311504,1639.955229,1162.764368,1688.848564,216.2080235,1184.01507,8233.399355,0.279524649,873.7346643,1092.16833,347.2976093,3720,33.03501868,1729.879662,1774.260474,660.7672572,0.268478054,0.495932006,1097.460446
300,398.7697181,29030.49191,96.69326819,32.61327874,4.338947537,19.33865364,29.00798046,0.564645137,0.026167937,0.016678179,0.009489758,21.57774742,5024498.438,6031810.849,4222267.595,1904782.373,0.2,0.1,0.3,0.3,3493374.879,24430.47225,4259.437035,2185.311504,1508.352742,1145.844539,1972.403785,207.7334859,1090.638678,8105.447565,0.279204624,880.0196553,1100.024569,347.4004087,3720,32.99348511,1727.144701,1746.687439,656.7983588,0.267725187,0.495785254,1097.785292
300,398.7697181,28277.05384,94.19644128,32.18945253,4.288071104,18.83928826,28.25893238,0.564645137,0.026285798,0.01679604,0.009489758,21.48099643,4894755.146,5876056.597,2938028.299,3092661.367,0.3,0.15,0.4,0.5,3383989.258,23688.93573,4140.624798,2185.311504,1469.40385,1116.255646,1705.177755,205.1519245,1063.003128,7851.647316,0.277668507,868.1181129,1085.147641,347.5920316,3720,31.77716258,1722.278377,1691.994629,646.9918833,0.26607738,0.495511935,1098.39082
290,398.7697181,29191.08296,100.6000599,33.26560775,4.417280704,20.12001198,30.18001796,0.545823633,0.025255872,0.01638822,0.008867652,21.61175138,4769690.997,5725919.564,3721847.717,2109549.313,0.1,0.15,0.3,0.35,3511915.229,24594.74712,4409.373814,2185.311504,1569.296178,1152.403333,1824.459752,211.7040005,1133.880096,8148.465518,0.279142282,876.3358397,1095.4198,347.643708,3720,32.9573579,1728.257619,1755.957614,658.0417056,0.267989804,0.495438278,1098.554117
280,398.7697181,29793.72334,106.3327618,34.20029795,4.529573998,21.26655236,31.89982854,0.527002128,0.024311562,0.016044928,0.008266634,21.67701635,4586359.801,5505834.094,3854083.866,1738684.451,0.2,0.12,0.3,0.3,3594713.033,25194.1115,4642.535776,2185.311504,1658.722637,1176.071223,1809.629105,217.3872043,1197.331178,8340.575809,0.279944058,879.6118399,1099.5148,347.8744582,3720,33.58334652,1732.238911,1797.356517,665.1013316,0.269229738,0.495109646,1099.283288
320,398.7697181,27832.52054,86.92383526,30.92187232,4.135999397,17.38476705,26.07715058,0.602288146,0.028225199,0.017427963,0.010797236,21.3386678,5381406.779,6460272.244,3230136.122,3400143.286,0.2,0.2,0.1,0.5,3341730.634,23237.98449,3857.048533,2185.311504,1355.955877,1098.744228,1863.504722,197.4219745,982.5079744,7753.597416,0.278580497,874.5360501,1093.170063,347.9146993,3720,31.45536449,1719.455761,1670.865317,643.3973893,0.265356716,0.49505238,1099.41045
280,398.7697181,29095.78559,103.8533087,33.79920702,4.481379672,20.77066173,31.1559926,0.527002128,0.024409621,0.016142988,0.008266634,21.58993448,4479415.675,5377449.79,2688724.895,2830236.732,0.2,0.2,0.4,0.5,3495221.44,24506.91637,4525.364909,2185.311504,1620.044764,1148.647048,1569.350507,214.9492963,1169.887926,8109.732021,0.278725316,868.8692191,1086.086524,348.0177418,3720,32.46717471,1727.739856,1747.61072,656.0823649,0.267711616,0.494905803,1099.736064
300,398.7697181,28639.74466,95.39864637,32.39421415,4.312649069,19.07972927,28.61959391,0.564645137,0.026228356,0.016738598,0.009489758,21.52804178,4957225.654,5951051.205,3570630.723,2505705.771,0.2,0.12,0.4,0.4,3435218.236,24045.2269,4197.753624,2185.311504,1488.157475,1130.502491,1836.504939,206.3993304,1076.309456,7970.510538,0.27830243,874.5177589,1093.147199,348.1493069,3720,32.36948376,1724.801931,1717.609118,651.6923954,0.266888668,0.494718779,1100.15181
330,398.7697181,27816.76633,84.33725673,30.45832931,4.080424267,16.86745135,25.30117702,0.621109651,0.029196903,0.017714296,0.011482607,21.27313453,5677676.393,6815938.046,3407969.023,3587335.814,0.2,0.15,0.3,0.5,3363224.665,23214.53606,3761.923404,2185.311504,1315.606917,1099.363123,1959.498543,194.5917453,953.8790296,7803.4686,0.28053112,882.2302666,1102.787833,348.4167973,3720,31.50232735,1719.490529,1681.612333,644.7343631,0.265510767,0.494338968,1100.997079
300,398.7697181,28818.79902,95.99196244,32.49479323,4.32472301,19.19839249,28.79758873,0.564645137,0.026200484,0.016710726,0.009489758,21.55094276,4988056.297,5988062.782,3892240.808,2206128.393,0.2,0.1,0.4,0.35,3459748.521,24221.11238,4225.993099,2185.311504,1497.412824,1137.533642,1903.069811,207.0119301,1082.876438,8027.426544,0.278548268,877.6866431,1097.108304,348.4353044,3720,32.66420635,1726.049119,1729.874261,653.9961274,0.267287449,0.494312711,1101.055562
290,398.7697181,28966.89948,99.83076362,33.13817134,4.401975348,19.96615272,29.94922908,0.545823633,0.025289065,0.016421413,0.008867652,21.583385,4733216.81,5682133.025,3409279.815,2392477.063,0.2,0.15,0.3,0.4,3474013.993,24373.18066,4372.865783,2185.311504,1557.295651,1143.590593,1758.352094,210.9286079,1125.365318,8060.525779,0.278266778,873.7188244,1092.14853,348.5508073,3720,32.62232291,1727.046604,1737.006997,655.0412464,0.26751684,0.494148906,1101.420551
320,398.7697181,28247.47089,88.21149138,31.15006268,4.163364986,17.64229828,26.46344741,0.602288146,0.028153899,0.017356663,0.010797236,21.39270822,5461124.86,6555972.221,3933583.333,2760409.356,0.1,0.12,0.4,0.4,3403710.099,23645.16066,3918.748644,2185.311504,1376.042484,1115.021006,2011.645361,198.8145366,996.7600975,7897.404285,0.279579164,882.3102311,1102.887789,348.8061672,3720,32.12434121,1722.41872,1701.85505,648.8415446,0.266300864,0.493787141,1102.227488
310,398.7697181,28002.4216,90.27857272,31.51292274,4.20689041,18.05571454,27.08357181,0.583466642,0.027249152,0.017116199,0.010132953,21.41228607,5127181.618,6155079.974,3077539.987,3239515.776,0.1,0.2,0.3,0.5,3351239.863,23410.81798,3986.705023,2185.311504,1408.287622,1105.488405,1780.900025,201.0280156,1019.639108,7775.661053,0.277678165,871.6036231,1089.504529,348.88212,3720,31.56294624,1720.835323,1675.619931,644.3978704,0.265624003,0.493679642,1102.467499
320,398.7697181,28620.87175,89.38178068,31.35601358,4.188067568,17.87635614,26.8145342,0.602288146,0.028090711,0.017293475,0.010797236,21.44082949,5533576.827,6642949.372,4650064.56,2097773.486,0.2,0.1,0.2,0.3,3452484.971,24012.21217,3974.97309,2185.311504,1394.298243,1129.814204,2160.666447,200.0709939,1009.713173,8010.573407,0.279885724,888.6595884,1110.824485,348.9214538,3720,32.75519431,1724.891033,1726.242485,653.6335485,0.267116673,0.493623989,1102.591794
330,398.7697181,28104.1607,85.11624387,30.59867125,4.097247991,17.02324877,25.53487316,0.621109651,0.029151017,0.017668409,0.011482607,21.30662063,5730118.659,6878893.948,4127336.369,2896376.399,0.3,0.12,0.1,0.4,3391991.741,23496.78423,3799.428634,2185.311504,1327.758615,1109.517721,2104.792751,195.4488222,962.5010681,7870.214951,0.280037359,887.3764704,1109.220588,349.1986095,3720,32.05579679,1721.58867,1695.995871,648.1927924,0.26613479,0.493232205,1103.467606
320,398.7697181,28427.65904,88.77033245,31.24857848,4.175180895,17.75406649,26.63109973,0.602288146,0.028123537,0.017326301,0.010797236,21.41580332,5495722.403,6597505.886,4288378.826,2430660.063,0.1,0.12,0.3,0.35,3426648.19,23821.95889,3945.574754,2185.311504,1384.760045,1122.08511,2085.16839,199.4156034,1002.9455,7950.626026,0.279679238,885.7001505,1107.125188,349.209412,3720,32.43247727,1723.707941,1713.324095,651.1374853,0.266703491,0.493216947,1103.501742
280,398.7697181,29565.85894,105.5234627,34.06990005,4.51390444,21.10469253,31.6570388,0.527002128,0.024343116,0.016076482,0.008266634,21.64891858,4551452.995,5463929.166,3551553.958,2013026.535,0.3,0.1,0.4,0.35,3555383.479,24968.33715,4604.212479,2185.311504,1646.098092,1167.119906,1745.711823,216.5947595,1188.373638,8249.322036,0.279015132,877.5217864,1096.902233,349.295971,3720,33.24936602,1731.149814,1777.69174,662.0459813,0.268764302,0.493094723,1103.775268
310,398.7697181,28369.2463,91.45576515,31.71771456,4.231460478,18.29115303,27.43672955,0.583466642,0.027188314,0.017055361,0.010132953,21.46019934,5194037.786,6235339.479,3741203.688,2625406.097,0.1,0.15,0.3,0.4,3401936.599,23771.07334,4042.86335,2185.311504,1426.651066,1119.903843,1918.923698,202.2767682,1032.66859,7893.289349,0.278234017,878.1729642,1097.716205,349.451676,3720,32.1713118,1723.392695,1700.968299,649.1440075,0.266444213,0.492875015,1104.267296
300,398.7697181,28949.95837,96.42648481,32.56825652,4.333542361,19.28529696,28.92794544,0.564645137,0.026180268,0.01669051,0.009489758,21.56758416,5010635.501,6015168.668,4210618.068,1899526.948,0.2,0.12,0.2,0.3,3470662.324,24349.00898,4246.676104,2185.311504,1504.191093,1142.682994,1967.264533,207.4593222,1087.685848,8052.749121,0.278160991,880.9493911,1101.186739,349.5609982,3720,32.91061684,1727.213965,1735.331162,655.564476,0.267594396,0.492720872,1104.612754
330,398.7697181,28781.47029,87.15347466,30.96269079,4.140894176,17.43069493,26.1460424,0.621109651,0.02903453,0.017551922,0.011482607,21.39210303,5867267.265,7043538.133,5282653.6,1853562.666,0.1,0.1,0.2,0.25,3494120.001,24162.17937,3897.823159,2185.311504,1359.538104,1136.074355,2349.316471,197.6711078,985.0496848,8107.176424,0.281680413,899.290917,1124.113646,349.7441038,3720,33.14096901,1726.165501,1747.06,657.0779276,0.267646616,0.492462913,1105.191368
300,398.7697181,28561.36967,95.13889085,32.35008191,4.3073515,19.02777817,28.54166725,0.564645137,0.026240656,0.016750898,0.009489758,21.51795025,4943727.907,5934847.428,3560908.457,2498883.127,0.3,0.1,0.4,0.4,3412996.039,23965.9852,4185.35827,2185.311504,1484.105456,1127.424232,1831.801145,206.1305066,1073.434412,7918.949841,0.277260857,875.3844688,1094.230586,350.2159877,3720,32.28924452,1724.858419,1706.49802,650.4875653,0.266759705,0.491799364,1106.682521
310,398.7697181,28937.54422,93.27851825,32.03222909,4.269201552,18.65570365,27.98355548,0.583466642,0.027096851,0.016963898,0.010132953,21.53263631,5297557.214,6359612.502,4769709.376,1673582.237,0.1,0.1,0.3,0.25,3480407.388,24329.20946,4130.063189,2185.311504,1455.084841,1142.224582,2132.793962,204.1938839,1052.84331,8075.359952,0.279061689,888.3347585,1110.418448,350.327856,3720,33.10644964,1727.343915,1740.203694,656.4681533,0.267710476,0.49164232,1107.036025
300,398.7697181,28745.06316,95.74763535,32.45341259,4.319755406,19.14952707,28.7242906,0.564645137,0.026211924,0.016722166,0.009489758,21.54153719,4975360.262,5972821.443,3882333.938,2200513.163,0.2,0.12,0.3,0.35,3438884.916,24146.51468,4214.320541,2185.311504,1493.601479,1134.638219,1898.50418,206.7599021,1080.17216,7979.018095,0.277578729,878.5484849,1098.185606,350.4243452,3720,32.58848856,1726.115002,1719.442458,652.864001,0.267167706,0.491506947,1107.340931
310,398.7697181,28507.6997,91.89994653,31.79464439,4.240691126,18.37998931,27.56998396,0.583466642,0.027165724,0.017032771,0.010132953,21.47804465,5219264.133,6265623.209,4072655.086,2308387.498,0.1,0.15,0.2,0.35,3414015.243,23905.76458,4064.062276,2185.311504,1433.58001,1125.343117,1986.113536,202.7457691,1037.584908,7921.314632,0.277865795,881.935124,1102.418905,350.9157845,3720,32.43005922,1724.700244,1707.007622,650.8116499,0.266778337,0.490818617,1108.893879
280,398.7697181,28985.28994,103.460596,33.73524204,4.473694778,20.69211919,31.03817879,0.527002128,0.024425538,0.016158904,0.008266634,21.57586552,4462477.136,5357115.41,2678557.705,2819534.426,0.3,0.2,0.3,0.5,3464191.354,24395.12335,4506.791876,2185.311504,1613.918699,1144.303423,1563.796349,214.5603875,1165.541276,8037.734956,0.277303935,870.1665877,1087.708235,350.9535769,3720,32.35564493,1727.827211,1732.095677,654.3939073,0.267531807,0.490765763,1109.013303
320,398.7697181,28161.79508,87.94565278,31.10308957,4.157731375,17.58913056,26.38369583,0.602288146,0.028168464,0.017371228,0.010797236,21.38164654,5444666.939,6536214.813,3921728.888,2752090.448,0.2,0.1,0.4,0.4,3379127.688,23558.5699,3905.953194,2185.311504,1371.895573,1111.660639,2005.938747,198.5279137,993.8177247,7840.367336,0.278404388,883.225182,1104.031477,351.0750917,3720,32.03596108,1722.481988,1689.563844,647.5151128,0.266159007,0.490595898,1109.39729
280,398.7697181,29497.27836,105.2798447,34.03054938,4.509176003,21.05596893,31.5839534,0.527002128,0.024352699,0.016086065,0.008266634,21.64039931,4540945.23,5451314.801,3543354.621,2008379.137,0.3,0.12,0.3,0.35,3536284.048,24898.95414,4592.65831,2185.311504,1642.297808,1164.425351,1741.915437,216.3555942,1185.677209,8205.006884,0.278161489,878.3242175,1097.905272,351.1143685,3720,33.17967125,1731.204093,1768.142024,661.0030335,0.268653271,0.490541019,1109.521404
300,398.7697181,28516.65327,94.99067755,32.3248736,4.304325601,18.99813551,28.49720326,0.564645137,0.026247702,0.016757944,0.009489758,21.51217414,4936026.26,5925601.752,3555361.051,2494990.211,0.1,0.2,0.1,0.4,3400247.144,23920.61346,4178.285299,2185.311504,1481.793424,1125.667817,1829.116917,205.9769474,1071.793948,7889.369418,0.276658321,876.0398078,1095.04976,351.551612,3720,32.24328906,1724.933588,1700.123572,649.7975915,0.26669066,0.489930907,1110.903094
320,398.7697181,28333.72433,88.47896329,31.19725302,4.16902485,17.69579266,26.54368899,0.602288146,0.028139324,0.017342088,0.010797236,21.40378866,5477683.899,6575851.02,4274303.163,2422681.955,0.2,0.1,0.3,0.35,3399790.449,23727.03592,3931.535607,2185.311504,1380.214873,1118.40202,2078.712931,199.1024658,999.7205484,7888.309778,0.278407091,886.6884081,1108.36051,351.6817995,3720,32.33532248,1723.77368,1699.895224,649.6861403,0.266547882,0.489749541,1111.314486
290,398.7697181,29037.21776,100.0720754,33.17819811,4.406782511,20.01441509,30.02162263,0.545823633,0.025278604,0.016410952,0.008867652,21.59231701,4744657.983,5695867.927,3702314.153,2098477.657,0.2,0.15,0.2,0.35,3468745.628,24439.14852,4384.245933,2185.311504,1561.05996,1146.354961,1815.43648,211.1721667,1128.036222,8048.301938,0.277171939,878.0692398,1097.58655,351.6960571,3720,32.80019597,1728.369789,1734.372814,655.6907895,0.267738385,0.489729687,1111.359541
300,398.7697181,28856.62145,96.11725496,32.51599306,4.32726803,19.22345099,28.83517649,0.564645137,0.026194638,0.01670488,0.009489758,21.55575248,4994566.906,5995878.639,4197115.047,1893435.36,0.3,0.1,0.2,0.3,3444369.84,24254.66869,4231.893889,2185.311504,1499.367307,1139.018434,1961.306731,207.1410418,1084.263209,7991.744402,0.276946642,881.952762,1102.440953,351.9932359,3720,32.81458665,1727.274215,1722.18492,654.1346784,0.267440591,0.489316221,1112.298626
300,398.7697181,28494.48399,94.91719478,32.31236826,4.302824532,18.98343896,28.47515843,0.564645137,0.026251203,0.016761444,0.009489758,21.50930554,4932207.855,5921017.833,3552610.7,2493060.14,0.3,0.12,0.3,0.4,3394007.677,23898.30671,4174.782736,2185.311504,1480.64714,1124.797002,1827.786021,205.9007678,1070.980621,7874.892394,0.276365503,876.1772848,1095.221606,352.0315621,3720,32.22068097,1724.920722,1697.003838,649.4581117,0.266651091,0.489262948,1112.419736
310,398.7697181,27879.33984,89.88346216,31.44388786,4.198608711,17.97669243,26.96503865,0.583466642,0.027269894,0.017136941,0.010132953,21.39599956,5104742.145,6128141.831,3064070.916,3225337.806,0.2,0.2,0.2,0.5,3315876.439,23286.31544,3967.819328,2185.311504,1402.124152,1100.650038,1773.598003,200.6069834,1015.265919,7693.60963,0.275960969,873.0243953,1091.280494,352.2189963,3720,31.43695565,1720.946355,1657.938219,642.4894095,0.265422146,0.489002586,1113.012028
290,398.7697181,28826.96215,99.35046776,33.05835969,4.392390425,19.87009355,29.80514033,0.545823633,0.025310023,0.016442371,0.008867652,21.56551349,4710444.827,5654795.71,3392877.426,2380966.615,0.3,0.15,0.2,0.4,3434626.48,24231.64385,4350.03611,2185.311504,1549.803345,1138.088523,1750.396571,210.4429235,1120.049275,7969.137527,0.276447358,875.3182997,1094.147875,352.2596121,3720,32.47965418,1727.154015,1717.31324,652.8985659,0.267288272,0.488946203,1113.140374
320,398.7697181,27726.37256,86.59419479,30.86318426,4.128962042,17.31883896,25.97825844,0.602288146,0.02824376,0.017446524,0.010797236,21.32464455,5360998.919,6435773.012,3217886.506,3387248.954,0.2,0.15,0.4,0.5,3310395.887,23129.0999,3841.195583,2185.311504,1350.813698,1094.577369,1856.881807,197.0637498,978.8594252,7680.893468,0.277024824,877.2726619,1096.590827,352.2885351,3720,31.34487536,1719.962315,1655.197944,641.7240641,0.265225683,0.488906061,1113.231771
330,398.7697181,27693.60442,83.99495265,30.39645504,4.073007594,16.79899053,25.19848579,0.621109651,0.029217311,0.017734703,0.011482607,21.25827586,5654632.107,6788273.838,3394136.919,3572775.704,0.3,0.15,0.2,0.5,3325744.271,23089.20391,3745.385219,2185.311504,1310.267194,1094.90097,1952.042107,194.2138203,950.0903162,7716.50531,0.278638533,884.4005174,1105.500647,352.3903768,3720,31.37524066,1719.775319,1662.872135,642.8127465,0.265326946,0.488764766,1113.553591
300,398.7697181,28141.38384,93.7465852,32.11249659,4.278834798,18.74931704,28.12397556,0.564645137,0.026307634,0.016817876,0.009489758,21.46316705,4871379.152,5847994.18,2923997.09,3077891.674,0.1,0.2,0.4,0.5,3344640.581,23550.24224,4119.180462,2185.311504,1462.386384,1110.924586,1697.551042,204.6830195,1058.024,7760.349174,0.275762884,871.1416075,1088.927009,352.652441,3720,31.63745145,1722.782135,1672.320291,644.8766083,0.265896401,0.488401553,1114.381714
300,398.7697181,28659.56684,95.46431256,32.40536126,4.313987176,19.09286251,28.63929377,0.564645137,0.026225256,0.016735497,0.009489758,21.53058658,4960637.884,5955147.52,3870845.888,2194001.718,0.3,0.1,0.3,0.35,3414722.249,24060.08735,4200.79271,2185.311504,1489.181825,1131.280674,1893.209114,206.4672285,1077.036267,7922.95505,0.276450621,879.4794847,1099.349356,352.6644465,3720,32.50071043,1726.172966,1707.361124,651.5515983,0.267026828,0.488384927,1114.419651
320,398.7697181,28088.77671,87.71905461,31.06299407,4.152922775,17.54381092,26.31571638,0.602288146,0.028180943,0.017383707,0.010797236,21.37217892,5430638.371,6519373.795,3911624.277,2744999.493,0.2,0.12,0.3,0.4,3358150.411,23484.71109,3895.050772,2185.311504,1368.360787,1108.796296,2001.073783,198.2832419,991.3096754,7791.695141,0.277395318,884.0656172,1105.082021,353.0681281,3720,31.96053554,1722.55202,1679.075205,646.3831762,0.266039751,0.487826531,1115.695285
310,398.7697181,28217.85582,90.96997169,31.63336354,4.221339957,18.19399434,27.29099151,0.583466642,0.027213248,0.017080295,0.010132953,21.44053668,5166448.169,6202218.69,3721331.214,2611460.501,0.2,0.15,0.2,0.4,3358737.867,23617.98841,4019.594136,2185.311504,1419.073001,1113.955005,1909.331823,201.7624668,1027.291697,7793.058179,0.276174711,879.8674088,1099.834261,353.5025558,3720,32.01555992,1723.516408,1679.368934,646.8059393,0.266195533,0.487227029,1117.068076
320,398.7697181,28253.70757,88.23072423,31.15345834,4.163772244,17.64614485,26.46921727,0.602288146,0.028152848,0.017355612,0.010797236,21.39350661,5462315.556,6557401.628,4262311.058,2415884.81,0.2,0.12,0.2,0.35,3376883.182,23646.11127,3919.579862,2185.311504,1376.342504,1115.264121,2073.21221,198.8352556,996.9729719,7835.159557,0.277314386,887.5963004,1109.495375,353.8524948,3720,32.25244666,1723.847214,1688.441591,648.4481765,0.266417113,0.48674519,1118.173884
330,398.7697181,28198.29047,85.39942907,30.6495305,4.103345296,17.07988581,25.61982872,0.621109651,0.029134523,0.017651916,0.011482607,21.31868237,5749182.997,6901780.308,4486157.2,2542761.166,0.1,0.15,0.1,0.35,3388170.774,23584.35017,3812.99601,2185.311504,1332.176122,1113.209223,2175.764904,195.75938,965.6354379,7861.349412,0.278788156,893.9403074,1117.425384,354.0545022,3720,32.27889984,1723.540154,1694.085387,649.1091576,0.266456859,0.486467476,1118.812227
330,398.7697181,27993.77508,84.78387913,30.53887147,4.090079159,16.95677583,25.43516374,0.621109651,0.029170501,0.017687894,0.011482607,21.29238869,5707743.501,6852033.014,4111219.809,2885066.532,0.1,0.15,0.2,0.4,3359274.177,23383.07759,3783.323434,2185.311504,1322.573939,1105.185132,2097.053365,195.0836424,958.822366,7794.302543,0.278429848,890.6974861,1113.371858,354.2386708,3720,31.93941526,1722.251678,1679.637089,646.4471402,0.266013205,0.486214562,1119.3942
300,398.7697181,28586.6367,95.22260933,32.36431218,4.309059663,19.04452187,28.5667828,0.564645137,0.026236685,0.016746927,0.009489758,21.5212071,4948078.194,5940069.86,3861045.409,2188446.791,0.3,0.12,0.2,0.35,3394085.053,23986.30526,4189.256515,2185.311504,1485.411411,1128.416346,1888.691253,206.2171896,1074.361031,7875.071925,0.275480883,880.331432,1100.41429,354.6316849,3720,32.42573588,1726.237722,1697.042527,650.4306918,0.266908219,0.485675723,1120.636124
280,398.7697181,29224.40376,104.3103521,33.87349809,4.490305519,20.86207041,31.29310562,0.527002128,0.024391233,0.016124599,0.008266634,21.60621146,4499128.936,5401115.17,3240669.102,2274153.756,0.2,0.15,0.4,0.4,3483524.276,24626.56087,4546.793763,2185.311504,1627.174347,1153.702208,1676.473552,215.4009474,1174.946604,8082.591861,0.276569949,877.8428888,1097.303611,354.7827335,3720,32.79979934,1730.437712,1741.762138,657.2342444,0.268143955,0.485468947,1121.113438
290,398.7697181,29151.33047,100.4636461,33.24304599,4.414570908,20.09272921,30.13909382,0.545823633,0.025261725,0.016394073,0.008867652,21.6067444,4763223.29,5718155.211,4002708.647,1805733.224,0.1,0.12,0.4,0.3,3475075.182,24548.12022,4402.758067,2185.311504,1567.16821,1150.840633,1875.424805,211.566732,1132.370231,8062.987985,0.276590737,883.2102486,1104.012811,354.9357783,3720,33.0216584,1730.004018,1737.537591,656.9878271,0.268067576,0.485259617,1121.597059
310,398.7697181,28599.63442,92.1948353,31.8456149,4.246807245,18.43896706,27.65845059,0.583466642,0.027150836,0.017017883,0.010132953,21.48982255,5236011.721,6285728.356,4400009.849,1984966.849,0.1,0.1,0.4,0.3,3412041.831,23991.96155,4078.087133,2185.311504,1438.180085,1128.954211,2050.731051,203.0564821,1040.848816,7916.735854,0.276812484,887.672873,1109.591091,355.0403147,3720,32.63960624,1726.434976,1706.020916,651.7363766,0.267077004,0.48511674,1121.927395
320,398.7697181,28004.0422,87.4560618,31.01639373,4.14733424,17.49121236,26.23681854,0.602288146,0.028195498,0.017398262,0.010797236,21.36114563,5414356.631,6499827.889,3899896.733,2736769.637,0.3,0.1,0.3,0.4,3333838.037,23399.07324,3882.404749,2185.311504,1364.258268,1105.471903,1995.426629,197.9988586,988.3988004,7735.284744,0.276220293,884.9689563,1106.211195,355.3112066,3720,31.87302676,1722.613876,1666.919019,645.0699474,0.265899217,0.484746883,1122.783413
310,398.7697181,28342.2026,91.3689673,31.70265983,4.229654152,18.27379346,27.41069019,0.583466642,0.027192752,0.017059799,0.010132953,21.45669738,5189108.285,6229421.71,4049124.112,2295050.104,0.2,0.15,0.1,0.35,3366952.618,23738.44361,4038.609017,2185.311504,1425.297075,1118.84095,1975.293043,202.1849816,1031.707888,7812.118324,0.27563554,883.7589878,1104.698735,355.315682,3720,32.25932043,1724.828406,1683.476309,648.2600464,0.266506176,0.484740778,1122.797555
280,398.7697181,29393.30877,104.9104799,33.97080039,4.50199667,20.98209598,31.47314397,0.527002128,0.024367305,0.016100671,0.008266634,21.6274281,4525013.736,5432189.359,3530923.083,2001332.922,0.1,0.15,0.4,0.35,3506668.527,24792.21233,4575.118991,2185.311504,1636.535955,1160.339965,1736.158632,215.9924288,1181.58898,8136.291943,0.276807623,881.0964385,1101.370548,355.3822708,3720,33.07245731,1731.701651,1753.334264,659.3990365,0.268529014,0.484649951,1123.007976
310,398.7697181,27757.33291,89.49175002,31.37529682,4.190380671,17.89835,26.84752501,0.583466642,0.027290621,0.017157668,0.010132953,21.37974964,5082495.679,6101435.389,3050717.694,3211281.784,0.3,0.2,0.1,0.5,3280819.561,23162.90078,3949.110287,2185.311504,1396.013694,1095.853288,1766.357013,200.1886178,1010.930344,7612.269466,0.274243548,874.4321263,1093.040158,355.5266132,3720,31.31195303,1721.05586,1640.409781,640.5960714,0.265221815,0.484453185,1123.464098
320,398.7697181,27598.70389,86.197675,30.79244104,4.120479566,17.239535,25.8593025,0.602288146,0.028266257,0.017469021,0.010797236,21.30767227,5336450.597,6406303.238,3203151.619,3371738.546,0.3,0.15,0.3,0.5,3273484.711,22999.97816,3822.172567,2185.311504,1344.628244,1089.565114,1848.913342,196.6319021,974.4706378,7595.250897,0.275203174,878.7257332,1098.407167,355.7599404,3720,31.21365522,1720.079031,1636.742356,639.7361927,0.265015546,0.484135453,1124.201412
300,398.7697181,28024.32929,93.35840288,32.04594252,4.270847321,18.67168058,28.00752086,0.564645137,0.026326628,0.01683687,0.009489758,21.44768164,4851207.93,5823779.027,2911889.514,3065146.856,0.2,0.2,0.3,0.5,3311213.957,23431.81787,4100.712939,2185.311504,1456.33099,1106.324398,1690.968267,204.2774548,1053.727494,7682.79158,0.274147206,872.511422,1090.639278,355.8144081,3720,31.51799808,1722.885145,1655.606978,643.0677025,0.265704823,0.484061342,1124.373529
320,398.7697181,28160.895,87.94274426,31.10257525,4.157669693,17.58854885,26.38282328,0.602288146,0.028168624,0.017371388,0.010797236,21.38152525,5444486.874,6535998.649,4248399.122,2407999.502,0.3,0.1,0.2,0.35,3350346.364,23552.32417,3905.71891,2185.311504,1371.850202,1111.623874,2066.829905,198.5247753,993.7855324,7773.587926,0.276041934,888.5708291,1110.713536,356.2942015,3720,32.15633342,1723.911301,1675.173182,647.0125374,0.266263083,0.483409495,1125.889677
300,398.7697181,28395.49303,94.58904723,32.25646477,4.296114352,18.91780945,28.37671417,0.564645137,0.026266895,0.016777136,0.009489758,21.4964558,4915156.235,5900547.701,3540328.621,2484441.137,0.1,0.15,0.4,0.4,3365201.925,23796.48659,4159.106645,2185.311504,1475.52825,1120.908259,1821.842056,205.5602008,1067.348596,7808.056306,0.274975198,879.0064434,1098.758054,356.3289245,3720,32.11754649,1725.455471,1682.600962,647.910113,0.266537299,0.483362388,1125.999401
280,398.7697181,29518.94859,105.3568124,34.04298659,4.510670465,21.07136247,31.60704371,0.527002128,0.024349667,0.016083033,0.008266634,21.64309394,4544265.011,5455300.133,3818710.093,1722726.358,0.1,0.15,0.3,0.3,3517731.694,24914.54398,4596.185735,2185.311504,1643.498455,1165.276658,1793.950878,216.4311863,1186.529108,8161.96108,0.276499045,884.4046131,1105.505766,356.691256,3720,33.30190237,1732.878553,1758.865847,660.9059498,0.268830416,0.482871383,1127.144369
330,398.7697181,28355.22995,85.87157003,30.73413852,4.113489147,17.17431401,25.76147101,0.621109651,0.029107244,0.017624637,0.011482607,21.33866207,5780968.043,6939937.626,4857956.338,2191559.25,0.1,0.1,0.3,0.3,3402326.281,23735.8295,3835.729005,2185.311504,1339.541217,1119.363887,2251.847829,196.275965,970.8612206,7894.193504,0.278403438,899.4004524,1124.250565,356.8094604,3720,32.56786275,1725.324367,1701.163141,650.999392,0.266869513,0.482711416,1127.517895
290,398.7697181,29062.18767,100.1577528,33.19239794,4.408487922,20.03155057,30.04732585,0.545823633,0.025274901,0.016407249,0.008867652,21.59548079,4748720.155,5700744.484,3990521.139,1800235.1,0.2,0.1,0.4,0.3,3450156.771,24458.02476,4388.201751,2185.311504,1562.396472,1147.336446,1870.034047,211.2585681,1128.984523,8005.171438,0.275449719,884.162907,1105.203634,357.2334077,3720,32.93033038,1730.055199,1725.078386,655.6272746,0.267920529,0.482138558,1128.857568
310,398.7697181,28516.59294,91.92844737,31.79957423,4.241282664,18.38568947,27.57853421,0.583466642,0.027164282,0.017031329,0.010132953,21.47918539,5220882.779,6267566.361,4387296.453,1979231.482,0.1,0.12,0.3,0.3,3388494.426,23907.98768,4065.306927,2185.311504,1434.024605,1125.692127,2045.133717,202.7758221,1037.900363,7862.100362,0.275702654,888.605259,1110.756574,357.2644294,3720,32.55367031,1726.504164,1694.247213,650.4577852,0.266941184,0.482096693,1128.955597
320,398.7697181,27931.8236,87.23188256,30.9766155,4.142564004,17.44637651,26.16956477,0.602288146,0.028207969,0.017410733,0.010797236,21.35170223,5400477.818,6483166.648,3889899.989,2729754.378,0.3,0.12,0.2,0.4,3313090.319,23326.02442,3871.62928,2185.311504,1360.761217,1102.638138,1990.612213,197.7560932,985.9175244,7687.145179,0.275211003,885.7991775,1107.248972,357.2819381,3720,31.79834216,1722.682615,1656.545159,643.9492389,0.265781078,0.482073068,1129.010924
310,398.7697181,28068.06626,90.48923386,31.54966834,4.211298727,18.09784677,27.14677016,0.583466642,0.02723816,0.017105207,0.010132953,21.42092708,5139145.675,6169442.587,3701665.552,2597660.037,0.3,0.15,0.1,0.4,3315992.796,23466.52339,3996.588381,2185.311504,1411.5738,1108.068079,1899.837145,201.2521043,1021.970762,7693.879606,0.274115058,881.5428681,1101.928585,357.5103201,3720,31.86128773,1723.637959,1657.996398,644.4903034,0.26594913,0.481765114,1129.732611
290,398.7697181,28652.02015,98.71510889,32.95248394,4.379676084,19.74302178,29.61453267,0.545823633,0.025338027,0.016470375,0.008867652,21.54167854,4680320.934,5618632.573,3371179.544,2365740.031,0.1,0.2,0.2,0.4,3386639.003,24053.98008,4319.853617,2185.311504,1539.892156,1130.810119,1739.869489,209.7985494,1113.016953,7857.795345,0.274249261,878.0400705,1097.550088,357.7550682,3720,32.29993648,1727.523568,1693.319501,650.1971388,0.267026395,0.481435528,1130.506016
290,398.7697181,28631.07548,98.64338352,32.9405103,4.378238254,19.7286767,29.59301506,0.545823633,0.025341209,0.016473557,0.008867652,21.53897383,4676920.261,5614550.133,3368730.08,2364021.109,0.3,0.12,0.4,0.4,3380779.888,24032.90038,4316.45164,2185.311504,1538.773286,1129.988463,1738.680867,209.7256705,1112.223077,7844.200827,0.273975067,878.1750984,1097.718873,358.2081121,3720,32.27864725,1727.511401,1690.389944,649.8774403,0.266989125,0.480826632,1131.937634
280,398.7697181,29090.75253,103.8353992,33.79629257,4.481029517,20.76707985,31.15061977,0.527002128,0.024410345,0.016143711,0.008266634,21.58929455,4478643.203,5376522.453,3225913.472,2263798.928,0.3,0.15,0.3,0.4,3446212.422,24491.38706,4524.317288,2185.311504,1619.765389,1148.44896,1669.297505,214.9315771,1169.689699,7996.019624,0.274864654,879.3654773,1099.206847,358.2879992,3720,32.66412171,1730.531291,1723.106211,655.1963495,0.267925602,0.480719422,1132.190077
320,398.7697181,28081.83102,87.69738424,31.05915689,4.152462594,17.53947685,26.30921527,0.602288146,0.028182139,0.017384903,0.010797236,21.37127162,5429296.771,6517763.23,4236546.099,2401281.19,0.3,0.12,0.1,0.35,3327711.728,23472.36436,3893.914457,2185.311504,1368.022743,1108.522369,2061.391334,198.2598258,991.0698219,7721.070271,0.274948961,889.4666546,1111.833318,358.4384394,3720,32.07434274,1723.983322,1663.855864,645.787922,0.266133642,0.48051766,1132.665469
310,398.7697181,28293.89358,91.21394868,31.6757547,4.226426015,18.24278974,27.3641846,0.583466642,0.027200696,0.017067743,0.010132953,21.45043086,5180304.329,6218852.735,4042254.278,2291156.271,0.1,0.12,0.4,0.35,3352411.995,23687.70872,4031.148742,2185.311504,1422.878885,1116.942652,1972.13342,202.0209399,1029.9921,7778.380674,0.27491376,886.1848589,1107.731074,358.4424435,3720,32.20761204,1725.372288,1676.205998,647.4877041,0.266480519,0.480512292,1132.678122
290,398.7697181,28838.00612,99.38836405,33.06466399,4.393147518,19.87767281,29.81650921,0.545823633,0.025308362,0.016440711,0.008867652,21.56692814,4712241.581,5656952.679,3677019.241,2084140.461,0.2,0.12,0.4,0.35,3412158.788,24236.06796,4351.710009,2185.311504,1550.394503,1138.522648,1803.748216,210.4812894,1120.468721,7917.007221,0.274533794,881.9381564,1102.422696,358.5225692,3720,32.59489939,1728.948305,1706.079394,652.6205078,0.267458551,0.480404903,1132.931319
290,398.7697181,28272.08516,97.41373093,32.73455422,4.353508137,19.48274619,29.22411928,0.545823633,0.025396411,0.016528759,0.008867652,21.49215627,4618619.472,5544561.191,2772280.595,2918190.1,0.2,0.2,0.4,0.5,3327972.879,23678.94595,4258.330982,2185.311504,1519.591497,1115.902087,1614.950529,208.4719128,1098.612953,7721.676203,0.273120152,873.1392141,1091.424018,358.8328557,3720,31.70201722,1725.336992,1663.98644,645.1842023,0.266217864,0.479989492,1133.911824
300,398.7697181,27908.24135,92.97337624,31.97979266,4.262908718,18.59467525,27.89201287,0.564645137,0.026345609,0.016855851,0.009489758,21.4322293,4831200.686,5799760.728,2899880.364,3052505.646,0.3,0.2,0.2,0.5,3278061.301,23314.37204,4082.408584,2185.311504,1450.324822,1101.761607,1684.437479,203.8743166,1049.465916,7605.869657,0.272531313,873.8693128,1092.336641,358.9501203,3720,31.39943041,1722.986793,1639.03065,641.2723529,0.265514614,0.479832685,1134.28238
330,398.7697181,28236.07665,83.54034162,30.31408514,4.063134757,16.70806832,25.06210249,0.621109651,0.029244648,0.017762041,0.011482607,21.23840408,5624027.195,6751533.248,3375766.624,3553438.551,0.3,0.12,0.4,0.5,3276953.232,23627.47121,4425.85398,2185.311504,1303.175554,1088.974827,1942.136691,193.7106563,945.0585594,7603.298678,0.269276032,888.6054398,1110.7568,358.9563309,3720,31.88978866,1725.135367,1638.476616,650.3312677,0.266773255,0.479824383,1134.302006
300,398.7697181,28659.33781,95.46352277,32.40522721,4.313971085,19.09270455,28.63905683,0.564645137,0.026225293,0.016735535,0.009489758,21.53055599,4960596.844,5955098.252,4168568.776,1880557.343,0.1,0.15,0.2,0.3,3387899.311,24053.16121,4200.631743,2185.311504,1489.169505,1131.271315,1948.70845,206.466412,1077.027526,7860.719555,0.274281269,886.1765937,1107.720742,359.1800806,3720,32.60937357,1727.963208,1693.949656,651.0797947,0.267174893,0.479525478,1135.009055
280,398.7697181,29246.91547,104.3903334,33.88648207,4.491865545,20.87806668,31.31710002,0.527002128,0.024388029,0.016121396,0.008266634,21.60904928,4502578.703,5405256.546,3513416.755,1991410.306,0.2,0.15,0.3,0.35,3465922.751,24644.17563,4550.481293,2185.311504,1628.422005,1154.586847,1728.05002,215.4798788,1175.831859,8041.752203,0.274960695,882.7398472,1103.424809,359.1973416,3720,32.92353341,1731.798224,1732.961376,657.1707265,0.268289612,0.479502435,1135.063599
290,398.7697181,28986.12951,99.89673779,33.14911938,4.403290182,19.97934756,29.96902134,0.545823633,0.025286201,0.016418549,0.008867652,21.58583011,4736344.804,5685888.12,3980121.684,1795543.617,0.2,0.12,0.3,0.3,3428869.455,24381.09532,4375.785959,2185.311504,1558.324806,1144.346366,1865.433534,210.9952269,1126.095538,7955.77988,0.274468514,885.0341943,1106.292743,359.2507902,3720,32.85230652,1730.114336,1714.434727,654.4649846,0.267796641,0.479431096,1135.232497
330,398.7697181,28263.89339,85.59672382,30.68491424,4.107587452,17.11934476,25.67901715,0.621109651,0.029123091,0.017640484,0.011482607,21.32705105,5762465.095,6917725.204,4842407.643,2184544.801,0.1,0.12,0.2,0.3,3376184.27,23643.51485,3822.420354,2185.311504,1335.253793,1115.781088,2245.034735,195.9754276,967.8191491,7833.537918,0.277157071,900.3785391,1125.473174,359.2545331,3720,32.47266208,1725.39936,1688.092135,649.5848899,0.266719081,0.479426101,1135.244325
300,398.7697181,28478.73425,94.86495807,32.30347565,4.301757122,18.97299161,28.45948742,0.564645137,0.026253694,0.016763936,0.009489758,21.50726436,4929493.464,5917759.261,3846543.52,2180227.096,0.1,0.15,0.3,0.35,3362788.222,23875.34417,4172.162547,2185.311504,1479.832281,1124.177966,1882.005052,205.8465952,1070.402451,7802.455951,0.273974815,883.3900763,1104.237595,359.291071,3720,32.31300055,1726.814102,1681.394111,648.7456975,0.266783717,0.479377346,1135.359784
310,398.7697181,27642.11063,89.08748655,31.30435037,4.181870518,17.81749731,26.72624597,0.583466642,0.027312184,0.017179232,0.010132953,21.36286984,5059536.385,6073873.212,3036936.606,3196775.375,0.3,0.15,0.4,0.5,3249088.96,23045.86264,3929.810164,2185.311504,1389.707444,1090.90284,1758.882142,199.7558432,1006.455847,7538.647043,0.272723279,876.2479931,1095.309991,359.2936682,3720,31.19286488,1721.335715,1624.54448,638.7882234,0.265050216,0.479373881,1135.367992
330,398.7697181,27589.54491,83.78841246,30.35906021,4.068525376,16.75768249,25.13652374,0.621109651,0.029229697,0.01774709,0.011482607,21.24926729,5640727.596,6771581.747,3385790.874,3563990.393,0.1,0.2,0.2,0.5,3288340.991,22979.19714,3735.332095,2185.311504,1307.0453,1092.208587,1947.542217,193.985398,947.804274,7629.720945,0.276543922,890.3477642,1112.934705,359.3056464,3720,31.26508397,1720.993933,1644.170496,641.1601496,0.265278208,0.4793579,1135.405843
330,398.7697181,27868.20651,84.49327405,30.48648905,4.08379981,16.89865481,25.34798222,0.621109651,0.029187652,0.017705044,0.011482607,21.27987753,5688179.649,6828546.998,4097128.199,2875177.683,0.2,0.15,0.1,0.4,3317761.566,23253.69933,3769.235304,2185.311504,1318.040687,1101.396908,2090.285114,194.7637325,955.6058711,7697.983567,0.276228166,894.5071824,1118.133978,359.5281004,3720,31.80852077,1722.883303,1658.880783,644.4912346,0.265864484,0.479061302,1136.108797
310,398.7697181,28420.3345,91.61962895,31.74611659,4.234868319,18.32392579,27.48588868,0.583466642,0.027179958,0.017047005,0.010132953,21.4667974,5203344.086,6246511.508,4372558.055,1972582.581,0.2,0.1,0.3,0.3,3361232.125,23810.72739,4050.500595,2185.311504,1429.207236,1121.910456,2038.643848,202.4499264,1034.482278,7798.845439,0.274410755,889.6071099,1112.008887,359.7660313,3720,32.45406905,1726.563032,1680.616062,648.9759451,0.266781379,0.478744476,1136.860659
330,398.7697181,28050.07367,84.95323188,30.5693564,4.093733667,16.99064638,25.48596956,0.621109651,0.029160556,0.017677948,0.011482607,21.29965064,5719144.513,6865719.704,4462717.807,2529475.68,0.1,0.1,0.4,0.35,3344701.279,23432.41437,3791.377851,2185.311504,1325.215733,1107.392754,2165.038513,195.2698089,960.6968077,7760.490007,0.276665584,897.659301,1122.074126,360.1002701,3720,32.12278222,1724.232336,1672.350639,646.7786982,0.266272875,0.478300113,1137.916853
300,398.7697181,28252.64222,94.115449,32.17561094,4.286409791,18.8230898,28.2346347,0.564645137,0.026289716,0.016799957,0.009489758,21.47779558,4890546.522,5871004.228,3522602.537,2472001.78,0.2,0.15,0.3,0.4,3324674.473,23652.0156,4136.543888,2185.311504,1468.140422,1115.295839,1813.261532,205.0675891,1062.106684,7714.023129,0.273037228,880.6266224,1100.783278,360.1364583,3720,31.97096609,1725.568273,1662.337236,645.7095382,0.266302835,0.478252051,1138.031208
310,398.7697181,28024.2918,90.34872326,31.52516385,4.208358945,18.06974465,27.10461698,0.583466642,0.027245487,0.017112534,0.010132953,21.41516681,5131165.671,6159862.75,3695917.65,2593626.421,0.2,0.12,0.4,0.4,3302767.203,23420.52894,3989.837232,2185.311504,1409.381925,1106.347441,1897.061534,201.1026678,1020.415553,7663.193134,0.273448235,883.7628654,1104.703582,360.3652319,3720,31.81449495,1724.136332,1651.383601,643.7884412,0.265926277,0.477948439,1138.754133
290,398.7697181,28756.96449,99.11018431,33.01835894,4.387586743,19.82203686,29.73305529,0.545823633,0.025320576,0.016452924,0.008867652,21.55652554,4699052.41,5641119.34,3666727.571,2078307.125,0.3,0.1,0.4,0.35,3389431.526,24154.14877,4338.496291,2185.311504,1546.055078,1135.335937,1798.99147,210.1994843,1117.389753,7864.274654,0.273473741,882.8157132,1103.519641,360.6233166,3720,32.51197017,1728.997282,1694.715763,651.3802375,0.267324764,0.477606389,1139.56968
310,398.7697181,28205.8508,90.93141682,31.6266594,4.220535614,18.18628336,27.27942505,0.583466642,0.027215237,0.017082284,0.010132953,21.43896959,5164258.526,6199590.067,4029733.544,2284059.498,0.2,0.1,0.4,0.35,3327390.455,23598.73672,4017.620461,2185.311504,1418.47157,1113.482877,1966.374099,201.721588,1026.864962,7720.324844,0.273713596,887.1140819,1108.892602,360.7437214,3720,32.11670455,1725.4291,1663.695228,646.1292801,0.266334344,0.477446979,1139.95016
320,398.7697181,27455.55397,85.75294244,30.71290229,4.110943022,17.15058849,25.72588273,0.602288146,0.028291714,0.017494478,0.010797236,21.28849982,5308917.449,6373250.239,3186625.12,3354342.231,0.1,0.2,0.3,0.5,3231401.702,22853.5604,3800.826111,2185.311504,1337.690703,1083.943422,1839.973567,196.1463104,969.5482186,7497.608463,0.273081668,881.9935694,1102.491962,361.2484426,3720,31.06477922,1720.648136,1615.700851,637.4817279,0.264826274,0.47677991,1141.545079
290,398.7697181,28515.52402,98.24763861,32.87436729,4.3702958,19.64952772,29.47429158,0.545823633,0.025358839,0.016491187,0.008867652,21.52399913,4658157.042,5592025.261,3355215.156,2354536.952,0.2,0.2,0.1,0.4,3348151.418,23915.90525,4297.675766,2185.311504,1532.59992,1125.454977,1732.121818,209.3230626,1107.842866,7768.495138,0.272430383,879.6187696,1099.523462,361.3868357,3720,32.16046326,1727.630802,1674.075709,648.1029493,0.266803253,0.476597327,1141.982401
290,398.7697181,28897.99088,99.59424046,33.0988919,4.397258053,19.91884809,29.87827214,0.545823633,0.025299363,0.016431711,0.008867652,21.57459976,4722002.678,5668670.681,3968069.477,1790106.531,0.3,0.1,0.3,0.3,3404229.326,24292.01548,4361.405223,2185.311504,1553.606042,1140.881082,1860.101134,210.6895839,1122.747417,7898.609014,0.273327272,885.9753952,1107.469244,361.5222787,3720,32.76190377,1730.16439,1702.114663,653.1183474,0.26765103,0.476418772,1142.410401
290,398.7697181,28161.17831,97.03371441,32.67064215,4.345834572,19.40674288,29.11011432,0.545823633,0.025413725,0.016546073,0.008867652,21.47751384,4600601.974,5522931.541,2761465.771,2906806.074,0.3,0.2,0.3,0.5,3296506.939,23566.72423,4240.340712,2185.311504,1513.663484,1111.548781,1609.052867,208.0827775,1094.406828,7648.667855,0.271603261,874.4540867,1093.067608,361.8164686,3720,31.58917531,1725.431725,1648.253469,643.4760677,0.266036674,0.4760314,1143.340041
310,398.7697181,28338.32357,91.35649243,31.70049553,4.229394472,18.27129849,27.40694773,0.583466642,0.02719339,0.017060437,0.010132953,21.45619366,5188399.801,6228571.189,4359999.832,1966917.218,0.2,0.12,0.2,0.3,3337974.942,23727.79619,4037.89015,2185.311504,1425.102476,1118.688188,2033.113151,202.171786,1031.569812,7744.883331,0.273300688,890.5273793,1113.159224,361.9625122,3720,32.36909127,1726.630853,1668.987471,647.7117455,0.266647021,0.475839332,1143.801538
320,398.7697181,27827.51571,86.90800822,30.91905708,4.13566181,17.38160164,26.07240247,0.602288146,0.028226087,0.017428851,0.010797236,21.33799629,5380426.936,6459095.962,3875457.577,2719619.352,0.1,0.15,0.3,0.4,3282312.956,23218.60382,3856.036775,2185.311504,1355.708985,1098.544165,1983.65564,197.4047913,982.3327964,7615.734492,0.273676406,888.9118968,1111.139871,361.9918237,3720,31.68854494,1723.294017,1641.156478,642.3022169,0.265664774,0.475800802,1143.894163
330,398.7697181,28157.99126,85.27799176,30.62773105,4.10073182,17.05559835,25.58339753,0.621109651,0.029141584,0.017658977,0.011482607,21.31351719,5741007.704,6891966.031,4824376.222,2176410.325,0.2,0.1,0.2,0.3,3345912.499,23536.56994,3806.997753,2185.311504,1330.281778,1111.626209,2237.132455,195.6262705,964.2913371,7763.300322,0.275705048,901.4213191,1126.776649,362.001074,3720,32.36228879,1725.461629,1672.95625,647.9450367,0.266541913,0.475788644,1143.923394
290,398.7697181,28673.08478,98.78722708,32.96451877,4.381121274,19.75744542,29.63616813,0.545823633,0.025334832,0.01646718,0.008867652,21.54439518,4683740.231,5622737.372,3654779.292,2071534.821,0.3,0.12,0.3,0.35,3367836.06,24070.18339,4323.181056,2185.311504,1541.017153,1131.636275,1793.468194,209.8717996,1113.815176,7814.168116,0.272526245,882.9013828,1103.626729,362.1555447,3720,32.42637491,1728.871176,1683.91803,650.097842,0.267166584,0.475585705,1144.411521
330,398.7697181,27966.99245,84.70309023,30.52431805,4.08833454,16.94061805,25.41092707,0.621109651,0.029175258,0.017692651,0.011482607,21.28891689,5702304.704,6845503.846,4449577.5,2522027.733,0.1,0.12,0.3,0.35,3320834.913,23348.4326,3779.287959,2185.311504,1321.313684,1104.131997,2159.023996,194.9947642,957.9281728,7705.114452,0.275507439,898.5598496,1123.199812,362.3360728,3720,32.03634529,1724.302911,1660.417457,645.4882983,0.266135884,0.475348752,1144.98199
310,398.7697181,27944.5256,90.0926751,31.48046102,4.202996121,18.01853502,27.02780253,0.583466642,0.027258891,0.017125938,0.010132953,21.40463633,5116623.955,6142405.708,3685443.425,2586276.087,0.3,0.1,0.4,0.4,3280018.352,23339.90736,3977.596692,2185.311504,1405.387739,1103.211977,1892.003044,200.830042,1017.581543,7610.410474,0.272339942,884.6182349,1105.772794,362.4640242,3720,31.73228125,1724.190878,1640.009176,642.5545281,0.26579383,0.475180952,1145.386316
330,398.7697181,27822.02288,84.35303779,30.46117883,4.080765839,16.87060756,25.30591134,0.621109651,0.029195966,0.017713359,0.011482607,21.27381741,5678738.791,6817213.434,4090328.061,2870405.657,0.1,0.12,0.4,0.4,3303666.309,23205.03596,3762.428847,2185.311504,1315.853091,1099.568839,2087.018557,194.6091493,954.0536986,7665.27927,0.275511213,896.9869165,1121.233646,362.7053332,3720,31.75867498,1723.454207,1651.833154,643.7438628,0.265844666,0.474864812,1146.148853
310,398.7697181,28130.80213,90.69056115,31.58474589,4.215507039,18.13811223,27.20716835,0.583466642,0.027227698,0.017094745,0.010132953,21.42915782,5150579.635,6183168.829,4019059.739,2278009.569,0.2,0.12,0.3,0.35,3306034.159,23522.83448,4006.0924,2185.311504,1414.714376,1110.533453,1961.463623,201.4660099,1024.199107,7670.773238,0.27268235,887.967651,1109.959564,362.765388,3720,32.03910862,1725.493825,1653.01708,644.9698414,0.266211404,0.4747862,1146.338626
320,398.7697181,28404.15263,88.69713134,31.23569184,4.173635232,17.73942627,26.6091394,0.602288146,0.028127495,0.017330259,0.010797236,21.4127903,5491190.563,6592065.502,4944049.127,1734754.08,0.1,0.1,0.3,0.25,3361163.685,23784.53984,3941.804315,2185.311504,1383.618154,1121.159802,2206.501972,199.3369839,1002.135291,7798.686644,0.274561496,899.6127895,1124.515987,363.132844,3720,32.64779819,1727.383094,1680.581843,649.7441532,0.266959747,0.474305761,1147.499787
300,398.7697181,28323.16036,94.34922512,32.21554712,4.291203105,18.86984502,28.30476753,0.564645137,0.026278425,0.016788667,0.009489758,21.48702362,4902694.293,5885587.387,3825631.802,2168374.3,0.2,0.15,0.2,0.35,3318794.446,23718.03343,4147.581772,2185.311504,1471.787179,1118.066224,1872.3613,205.3109119,1064.69418,7700.38009,0.271875737,885.1269224,1106.408653,363.4104415,3720,32.15288649,1726.929857,1659.397223,646.3522342,0.266527923,0.473943454,1148.376995
320,398.7697181,27967.67321,87.34301849,30.99634177,4.144929576,17.4686037,26.20290555,0.602288146,0.028201779,0.017404543,0.010797236,21.3563882,5407358.182,6491426.389,4219427.153,2391578.143,0.1,0.15,0.2,0.35,3294148.265,23354.83082,3876.839204,2185.311504,1362.494866,1104.042965,2053.535236,197.8764838,987.1476068,7643.195181,0.273286774,892.8423958,1116.052995,363.562236,3720,31.95385621,1724.644554,1647.074133,643.9888183,0.266005855,0.473745574,1148.856666
280,398.7697181,28936.39451,103.2867801,33.70689219,4.470288855,20.65735602,30.98603403,0.527002128,0.024432618,0.016165984,0.008266634,21.56961386,4454980.086,5348115.349,3208869.209,2251838.042,0.1,0.2,0.3,0.4,3402489.977,24333.79493,4498.348146,2185.311504,1611.207284,1142.380922,1661.006258,214.3880093,1163.617436,7894.573317,0.272825051,882.5995757,1103.24947,363.7701207,3720,32.50584505,1731.032913,1701.244989,652.8196309,0.267715022,0.473474841,1149.513581
310,398.7697181,27899.11388,89.94689383,31.45498104,4.199939465,17.98937877,26.98406815,0.583466642,0.027266553,0.0171336,0.010132953,21.39862126,5108344.614,6132466.523,3679479.914,2582091.168,0.1,0.2,0.1,0.4,3266992.975,23293.83866,3970.627182,2185.311504,1403.113645,1101.426797,1889.122653,200.6746415,1015.967997,7580.18855,0.271699975,885.2752213,1106.594027,363.8243983,3720,31.6852898,1724.267347,1633.496488,641.8493261,0.265723221,0.473404205,1149.685099
300,398.7697181,28111.21528,93.64649539,32.09534934,4.276776839,18.72929908,28.09394862,0.564645137,0.026312518,0.016822759,0.009489758,21.45918319,4866178.159,5841750.49,3505050.294,2459684.417,0.3,0.15,0.2,0.4,3284548.092,23508.9856,4114.221684,2185.311504,1460.825048,1109.738463,1804.762923,204.5785317,1056.916179,7620.920532,0.271098935,882.2296741,1102.787093,363.9057655,3720,31.82569812,1725.679185,1642.274046,643.5288689,0.266070394,0.473298354,1149.942219
310,398.7697181,27876.49712,89.87428709,31.44228296,4.198416186,17.97485742,26.96228613,0.583466642,0.027270378,0.017137425,0.010132953,21.39562012,5104221.067,6127516.287,3676509.772,2580006.858,0.3,0.12,0.3,0.4,3260591.807,23271.09317,3967.16028,2185.311504,1401.981026,1100.537684,1887.687976,200.5971949,1015.164366,7565.336342,0.271387625,885.4039518,1106.75494,364.3088386,3720,31.66207292,1724.25231,1630.295904,641.5008652,0.265682399,0.472774695,1151.21593
320,398.7697181,27316.39374,85.28779296,30.62949106,4.100942821,17.05755859,25.58633789,0.602288146,0.028318596,0.01752136,0.010797236,21.26829087,5280120.301,6338679.833,3169339.917,3336147.281,0.2,0.2,0.2,0.5,3193094.658,22713.72441,3778.568198,2185.311504,1330.43467,1078.063649,1830.620622,195.6370175,964.3998195,7408.727154,0.271219079,882.6693284,1103.336661,364.319807,3720,30.92185518,1720.578049,1596.547329,635.3121822,0.264574756,0.472760461,1151.25059
330,398.7697181,27520.22904,83.72650624,30.3478429,4.067180873,16.74530125,25.11795187,0.621109651,0.029233421,0.017750813,0.011482607,21.2465608,5636560.001,6766578.633,3383289.316,3561357.175,0.2,0.2,0.1,0.5,3259380.377,22904.98573,3732.266036,2185.311504,1306.079602,1091.4016,1946.193348,193.9168759,947.1190793,7562.525541,0.274798786,895.2433121,1119.05414,364.4106751,3720,31.19194602,1721.942583,1629.690189,640.0737855,0.265262742,0.472642575,1151.537733
330,398.7697181,28067.8944,85.00677925,30.57898906,4.09488844,17.00135585,25.50203378,0.621109651,0.029157419,0.017674811,0.011482607,21.30194236,5722749.381,6870047.276,4809033.093,2169488.614,0.2,0.12,0.1,0.3,3320125.272,23445.50991,3793.881227,2185.311504,1326.051037,1108.090779,2230.407209,195.3286323,961.2894844,7703.467917,0.274458348,902.3844913,1127.980614,364.4121675,3720,32.26824724,1725.534775,1660.062636,646.5479172,0.266393226,0.47264064,1151.542449
310,398.7697181,28243.25776,91.05143806,31.64752468,4.223038983,18.21028761,27.31543142,0.583466642,0.02720905,0.017076097,0.010132953,21.44384475,5171074.879,6207772.964,4345441.075,1960349.357,0.3,0.1,0.2,0.3,3311048.257,23631.74199,4023.280183,2185.311504,1420.343824,1114.952611,2026.70044,201.8488137,1028.193389,7682.407117,0.272008533,891.5157724,1114.394716,364.4326754,3720,32.27059923,1726.688293,1655.524128,646.2465673,0.266488927,0.472614043,1151.607254
310,398.7697181,27505.83463,88.65101748,31.22757103,4.172661204,17.7302035,26.59530524,0.583466642,0.027335665,0.017202713,0.010132953,21.34451939,5034748.043,6044115.297,3022057.649,3181113.314,0.1,0.2,0.4,0.5,3209219.165,22906.47695,3908.969112,2185.311504,1382.898808,1085.558017,1750.809651,199.2874393,1001.62489,7446.139786,0.270711283,879.3576747,1099.197093,364.4791612,3720,31.05150897,1721.866869,1604.609583,636.6483321,0.264869549,0.472553765,1151.754149
280,398.7697181,28534.68258,101.8230266,33.46719727,4.441494401,20.36460533,30.54690799,0.527002128,0.024493094,0.01622646,0.008266634,21.51635621,4391845.263,5272323.245,2636161.623,2774906.971,0.3,0.2,0.4,0.5,3338561.511,23937.77483,4429.448243,2185.311504,1588.373672,1126.190989,1540.623044,212.9303145,1147.41622,7746.244308,0.271467688,876.9077484,1096.134686,364.490653,3720,31.89814996,1728.609486,1669.280755,647.4656576,0.266841592,0.472538866,1151.790463
310,398.7697181,28043.76661,90.41121076,31.53606377,4.209666593,18.08224215,27.12336323,0.583466642,0.027242226,0.017109273,0.010132953,21.41773012,5134714.517,6164123.07,4006679.995,2270992.71,0.3,0.1,0.3,0.35,3281296.972,23434.88121,3992.729829,2185.311504,1410.35669,1107.112639,1955.767508,201.1691398,1021.107182,7613.377171,0.271481976,888.8854068,1111.106759,365.04,3720,31.94913581,1725.549406,1640.648486,643.625523,0.266066674,0.471827745,1153.5264
330,398.7697181,27747.30521,84.15781342,30.42590915,4.076538118,16.83156268,25.24734402,0.621109651,0.029207583,0.017724975,0.011482607,21.26535636,5665596.072,6801435.861,4080861.517,2863762.468,0.2,0.1,0.4,0.4,3280337.917,23128.72205,3752.98902,2185.311504,1312.807717,1097.023964,2082.470686,194.3937288,951.8929028,7611.151939,0.274302383,898.5831573,1123.228947,365.3207226,3720,31.68093484,1723.683366,1640.168958,642.5803654,0.265739736,0.471465179,1154.413483
320,398.7697181,28311.41611,88.40946875,31.1849989,4.167555109,17.68189375,26.52284063,0.602288146,0.028143103,0.017345867,0.010797236,21.40091446,5473381.531,6570686.111,4928014.584,1729127.924,0.1,0.12,0.2,0.25,3334806.045,23690.79492,3927.945524,2185.311504,1379.130803,1117.523565,2199.727971,199.0276998,998.9513642,7737.530749,0.273300732,900.6211838,1125.77648,365.6056468,3720,32.55106978,1727.456708,1667.403023,648.3126757,0.266807254,0.471097757,1155.313844
330,398.7697181,27910.71117,84.62222397,30.50974375,4.086587438,16.92444479,25.38666719,0.621109651,0.029180028,0.017697421,0.011482607,21.28543689,5696860.699,6838968.426,4445329.477,2519619.946,0.2,0.1,0.3,0.35,3299267.323,23289.09385,3775.332875,2185.311504,1320.052222,1103.077853,2157.079424,194.9057566,957.0331234,7655.072593,0.274270066,901.6173228,1127.021654,365.75353,3720,31.97717772,1724.873853,1649.633661,644.6105198,0.266101426,0.47090728,1155.781155
290,398.7697181,28400.67179,97.85422673,32.80848204,4.362384628,19.57084535,29.35626802,0.545823633,0.025376493,0.016508841,0.008867652,21.50902571,4639504.438,5569633.179,3341779.907,2345108.707,0.2,0.15,0.4,0.4,3315151.053,23798.2748,4278.998346,2185.311504,1526.462948,1120.948218,1725.60005,208.9219882,1103.488478,7691.926565,0.270836078,882.3969892,1102.996237,365.852166,3720,32.04159929,1728.108126,1657.575526,646.3187497,0.266656486,0.470780321,1156.092845
320,398.7697181,27673.36543,86.4293185,30.83378834,4.125437263,17.2858637,25.92879555,0.602288146,0.028253092,0.017455856,0.010797236,21.31760118,5350791.519,6423519.23,3854111.538,2704639.676,0.2,0.15,0.2,0.4,3238062.137,23062.76769,3833.060796,2185.311504,1348.241734,1092.493231,1973.371294,196.8843095,977.0345302,7513.062233,0.271490732,890.5977385,1113.247173,366.1158334,3720,31.52895595,1723.416874,1619.031069,639.9077601,0.265409665,0.470441276,1156.926034
290,398.7697181,28569.92917,98.43395728,32.90552431,4.374037095,19.68679146,29.53018718,0.545823633,0.025350523,0.016482871,0.008867652,21.53106018,4666990.859,5602630.083,3641709.554,2064126.873,0.1,0.15,0.4,0.35,3338118.753,23964.15457,4306.386122,2185.311504,1535.506372,1127.589365,1787.425447,209.5127177,1109.905091,7745.217005,0.271096822,885.7745965,1107.218246,366.5327679,3720,32.3190032,1729.401283,1669.059376,648.4926041,0.267045844,0.469906145,1158.243547
300,398.7697181,28438.93049,94.73298655,32.28099831,4.29905912,18.94659731,28.41989597,0.564645137,0.026259999,0.016770241,0.009489758,21.50210022,4922635.793,5909526.762,4136668.733,1866166.346,0.1,0.12,0.4,0.3,3324976.795,23828.44257,4165.74828,2185.311504,1477.77361,1122.614025,1934.625047,205.7096636,1068.941755,7714.724587,0.271273373,890.487919,1113.109899,366.8145413,3720,32.38015648,1728.622853,1662.488397,647.6679683,0.266865814,0.46954518,1159.133951
310,398.7697181,27969.57359,90.17305844,31.49450179,4.204680518,18.03461169,27.05191753,0.583466642,0.027254675,0.017121722,0.010132953,21.40794695,5121189.157,6147886.143,3996125.993,2265010.684,0.3,0.12,0.2,0.35,3260182.379,23359.84473,3981.34251,2185.311504,1406.641667,1104.196319,1950.910746,200.9156732,1018.471248,7564.386373,0.270450543,889.7288647,1112.161081,367.0386498,3720,31.87233453,1725.612986,1630.091189,642.4780775,0.265944952,0.469258483,1159.842133
330,398.7697181,27963.42755,84.6922566,30.52236594,4.088100529,16.93845132,25.40767698,0.621109651,0.029175897,0.01769329,0.011482607,21.28845096,5701575.372,6844628.298,4791239.809,2161461.568,0.3,0.1,0.1,0.3,3290263.883,23340.01681,3778.680975,2185.311504,1321.144686,1103.990773,2222.606716,194.9828425,957.8082634,7634.182504,0.273005964,903.4107483,1129.263435,367.1200782,3720,32.15921652,1725.595107,1645.131941,644.9281986,0.266218101,0.4691544,1160.099447
280,398.7697181,28805.32278,102.8208597,33.63078138,4.461145255,20.56417193,30.8462579,0.527002128,0.0244517,0.016185066,0.008266634,21.5527807,4434883.939,5323990.323,3194394.194,2241680.136,0.2,0.2,0.2,0.4,3365894.849,24201.23933,4476.336169,2185.311504,1603.939225,1137.227579,1653.962987,213.9251941,1158.460503,7809.664052,0.271118783,884.0834515,1105.104314,367.1998292,3720,32.37252544,1731.121271,1682.947425,650.8175139,0.2675001,0.469052506,1160.35146
330,398.7697181,27671.35568,83.92704847,30.38416583,4.07153457,16.78540969,25.17811454,0.621109651,0.029221377,0.01773877,0.011482607,21.25531771,5650060.723,6782785.982,4069671.589,2855909.887,0.2,0.12,0.3,0.4,3258560.465,23051.99304,3741.854834,2185.311504,1309.207932,1094.015796,2077.094176,194.1387543,949.3387345,7560.623153,0.273229228,899.3626402,1124.2033,367.3336773,3720,31.60208114,1723.73858,1629.280233,641.3973695,0.265613082,0.468881594,1160.77442
320,398.7697181,27192.93802,84.90545257,30.5607588,4.092702985,16.98109051,25.47163577,0.602288146,0.028340893,0.017543657,0.010797236,21.25155853,5256449.818,6310263.888,3155131.944,3321191.52,0.3,0.2,0.1,0.5,3157323.144,22588.83985,3760.273359,2185.311504,1324.470406,1073.230634,1822.930626,195.2173056,960.1679735,7325.728868,0.269398211,884.0981698,1105.122712,367.694912,3720,30.79457071,1720.694126,1578.661572,633.3846548,0.264371323,0.46842095,1161.915922
280,398.7697181,29153.04014,104.0567337,33.8322933,4.485354842,20.81134673,31.2170201,0.527002128,0.024401419,0.016134785,0.008266634,21.59719196,4488189.832,5387982.991,3771588.094,1701468.313,0.2,0.12,0.4,0.3,3415499.458,24542.96626,4534.570015,2185.311504,1623.218064,1150.897044,1773.054403,215.1504491,1172.139488,7924.758358,0.271833,890.0738783,1112.592348,367.7433716,3720,32.92696567,1733.537116,1707.749729,655.317841,0.26827681,0.468359224,1162.069054
310,398.7697181,27395.34559,88.31631863,31.16856597,4.16558419,17.66326373,26.49489559,0.583466642,0.027353814,0.017220861,0.010132953,21.33035815,5015739.525,6021295.949,3010647.974,3169103.131,0.2,0.2,0.3,0.5,3176311.781,22794.19298,3893.010018,2185.311504,1377.677721,1081.459431,1744.617889,198.9274357,997.9203536,7369.786951,0.269016024,881.1526137,1101.440767,367.8820648,3720,30.93775936,1722.076661,1588.155891,634.9287257,0.264699992,0.46818265,1162.507325
290,398.7697181,28695.38352,98.86356737,32.97725339,4.382650507,19.77271347,29.65907021,0.545823633,0.025331455,0.016463803,0.008867652,21.54726773,4687359.707,5627082.482,3938957.737,1776973.415,0.1,0.15,0.3,0.3,3348734.464,24086.19449,4326.682284,2185.311504,1542.208012,1132.510797,1847.217573,209.9493078,1114.660131,7769.84794,0.270769963,889.1890334,1111.486292,367.9231333,3720,32.5523221,1730.602766,1674.367232,649.9953439,0.267349537,0.46813039,1162.637101
320,398.7697181,27799.13172,86.81976305,30.9033557,4.133779012,17.36395261,26.04592891,0.602288146,0.028231045,0.017433809,0.010797236,21.33424889,5374963.726,6452537.486,4194149.366,2377250.653,0.2,0.15,0.1,0.35,3245936.727,23184.47529,3851.704069,2185.311504,1354.332417,1097.428691,2041.932031,197.3089546,981.3560752,7531.333125,0.270919725,894.6564315,1118.320539,368.0418286,3720,31.77886003,1724.771577,1622.968364,641.3754484,0.26572663,0.467979416,1163.012178
330,398.7697181,27842.02524,84.44547566,30.47786463,4.082765982,16.88909513,25.3336427,0.621109651,0.029190483,0.017707875,0.011482607,21.27781365,5684961.809,6824684.045,4436044.629,2514357.28,0.2,0.12,0.2,0.35,3277690.155,23218.80428,3766.778781,2185.311504,1317.295063,1100.773826,2152.828878,194.7110591,955.0768257,7605.008512,0.273148539,903.2209655,1129.026207,368.2756697,3720,31.90542168,1725.117151,1638.845078,643.5412729,0.266008669,0.467682267,1163.751116
320,398.7697181,28203.9442,88.07603837,31.12613728,4.160495524,17.61520767,26.42281151,0.602288146,0.028161311,0.017364075,0.010797236,21.38707807,5452739.039,6545905.209,4909428.907,1722606.634,0.2,0.1,0.2,0.25,3304299.344,23582.24558,3911.893313,2185.311504,1373.929504,1113.308795,2191.874922,198.6685497,995.2608673,7666.74806,0.271832479,901.6986198,1127.123275,368.3830729,3720,32.43897843,1727.517371,1652.149672,646.6539395,0.266627785,0.467545913,1164.09051
310,398.7697181,27777.03927,89.55496947,31.38637705,4.191709804,17.91099389,26.86649084,0.583466642,0.027287265,0.017154312,0.010132953,21.38237928,5086086.094,6105745.611,3663447.367,2570840.257,0.1,0.15,0.4,0.4,3231441.656,23168.7245,3951.877075,2185.311504,1396.999877,1096.627448,1881.377683,200.2562035,1011.630073,7497.701166,0.269924418,888.3147633,1110.393454,368.7206472,3720,31.55765429,1724.813351,1615.720828,639.9343448,0.26556948,0.467117861,1165.157245
300,398.7697181,28348.77801,94.43412605,32.23003858,4.292942464,18.88682521,28.33023782,0.564645137,0.026274337,0.016784579,0.009489758,21.49036676,4907106.024,5890883.582,4123618.507,1860279.026,0.2,0.1,0.4,0.3,3299581.694,23737.33845,4151.505841,2185.311504,1473.111579,1119.072351,1928.862029,205.399202,1065.633887,7655.802007,0.270057567,891.4395624,1114.299453,369.1483494,3720,32.28707997,1728.675253,1649.790847,646.282581,0.266716114,0.466576649,1166.508784
280,398.7697181,28912.96607,103.2034928,33.69329935,4.468655844,20.64069857,30.96104785,0.527002128,0.024436017,0.016169384,0.008266634,21.56661286,4451387.727,5343802.793,3473471.816,1968769.45,0.3,0.12,0.4,0.35,3372330.191,24304.99153,4494.314263,2185.311504,1609.908056,1141.459718,1709.540442,214.3053572,1162.69559,7824.595552,0.270625834,887.9745374,1109.968172,369.3456442,3720,32.58181187,1732.413382,1686.165096,652.0586977,0.267784598,0.466327416,1167.132236
290,398.7697181,28266.50036,97.39456606,32.73133402,4.353121497,19.47891321,29.21836982,0.545823633,0.025397281,0.016529629,0.008867652,21.49141982,4617710.819,5543470.371,3326082.223,2334092.788,0.3,0.15,0.3,0.4,3277318.539,23662.56184,4257.223772,2185.311504,1519.292538,1115.682542,1717.978284,208.452307,1098.400831,7604.146276,0.269016192,883.9385244,1104.923156,369.4133011,3720,31.90426287,1728.209977,1638.659269,644.2569836,0.266436381,0.46624201,1167.346031
330,398.7697181,27583.22495,83.65925957,30.3356532,4.065719835,16.73185191,25.09777787,0.621109651,0.029237471,0.017754864,0.011482607,21.24361749,5632032.882,6761143.916,4056686.349,2846797.438,0.3,0.1,0.3,0.4,3233321.408,22963.03347,3728.942355,2185.311504,1305.030598,1090.524997,2070.854109,193.8424126,946.3747751,7502.062633,0.27197917,900.1914834,1125.239354,369.5959714,3720,31.51059856,1723.782178,1616.660704,640.0249632,0.265463852,0.466011573,1167.92327
300,398.7697181,27950.41442,93.11320515,32.00383191,4.265793611,18.62264103,27.93396154,0.564645137,0.0263387,0.016848941,0.009489758,21.43785182,4838466.654,5808483.378,3485090.027,2445677.212,0.1,0.2,0.2,0.4,3238200.397,23344.66396,4088.829515,2185.311504,1452.506063,1103.418661,1795.095653,204.0208236,1051.01358,7513.383029,0.268811149,885.7504592,1107.188074,369.8434343,3720,31.65870172,1726.258734,1619.100199,641.0227438,0.265854033,0.465699764,1168.705252
320,398.7697181,27976.8982,87.37151058,31.00139701,4.145535804,17.47430212,26.21145317,0.602288146,0.028200195,0.017402959,0.010797236,21.35758814,5409122.112,6493543.952,4545480.766,2050592.827,0.1,0.12,0.3,0.3,3267725.706,23357.14144,3878.084994,2185.311504,1362.939324,1104.403123,2114.722349,197.9073356,987.4629648,7581.888658,0.271005335,899.756753,1124.695941,370.1456261,3720,32.0816429,1726.515365,1633.862853,643.6195679,0.266174486,0.46531956,1169.660179
320,398.7697181,27520.88837,85.95570025,30.74919028,4.115293809,17.19114005,25.78671007,0.602288146,0.028280078,0.017482842,0.010797236,21.29725873,5321470.074,6388319.416,3832991.65,2689818.702,0.3,0.15,0.1,0.4,3194291.006,22908.62533,3810.350153,2185.311504,1340.853594,1086.506405,1963.193005,196.3678589,971.7923964,7411.502962,0.269304641,892.263037,1115.328796,370.1939174,3720,31.37092095,1723.537249,1597.145503,637.536859,0.265156923,0.46525886,1169.812779
300,398.7697181,27929.10104,93.04251394,31.991681,4.264335404,18.60850279,27.91275418,0.564645137,0.02634219,0.016852432,0.009489758,21.43501086,4834793.307,5804073.598,3482444.159,2443820.462,0.3,0.12,0.4,0.4,3232202.272,23323.22413,4085.471682,2185.311504,1451.403326,1102.580929,1793.813974,203.9467707,1050.231151,7499.465974,0.268517986,885.8769134,1107.346142,370.2997029,3720,31.63688209,1726.244532,1616.101136,640.6952245,0.265815656,0.465125947,1170.147061
300,398.7697181,28123.05451,93.68572675,32.10207149,4.277583608,18.73714535,28.10571803,0.564645137,0.026310602,0.016820844,0.009489758,21.46074545,4868216.748,5844197.777,3798728.555,2153125.497,0.2,0.12,0.4,0.35,3261470.465,23513.96633,4115.960767,2185.311504,1461.437032,1110.203378,1859.950525,204.6194939,1057.350403,7567.375034,0.269080837,889.0881854,1111.360232,370.389664,3720,31.94500374,1727.539706,1630.735233,643.2454113,0.266247504,0.465012976,1170.431338
290,398.7697181,28422.92655,97.93044645,32.821257,4.363918555,19.58608929,29.37913394,0.545823633,0.025373063,0.016505411,0.008867652,21.51193348,4643118.199,5573971.427,3623081.427,2053568.42,0.2,0.15,0.3,0.35,3296797.792,23815.4883,4282.511836,2185.311504,1527.651927,1121.821359,1778.810879,208.9997581,1104.332098,7649.342704,0.269125795,887.4382508,1109.297813,370.4090086,3720,32.16820127,1729.506691,1648.398896,646.2377571,0.266804454,0.464988691,1170.492467
330,398.7697181,27745.40478,84.15192387,30.4248445,4.076410502,16.83038477,25.24557716,0.621109651,0.029207934,0.017725326,0.011482607,21.26510066,5665199.582,6800959.882,4420623.923,2505616.799,0.3,0.1,0.2,0.35,3250126.584,23121.29311,3752.609477,2185.311504,1312.715844,1096.94719,2145.768399,194.3872259,951.8277158,7541.054575,0.271794722,904.1116655,1130.139582,370.737924,3720,31.8048382,1725.160577,1625.063292,642.0397544,0.26584492,0.464576157,1171.53184
300,398.7697181,27566.75129,91.84047401,31.78435486,4.239456478,18.3680948,27.5521422,0.564645137,0.026402291,0.016912533,0.009489758,21.38621727,4772331.382,5729089.294,2864544.647,3015310.154,0.2,0.2,0.4,0.5,3179391.406,22966.21542,4028.577092,2185.311504,1432.652277,1088.33606,1665.212398,202.6830422,1036.92665,7376.9324,0.26760253,880.5358728,1100.669841,370.7751436,3720,31.04745739,1723.998272,1589.695703,635.9447597,0.265029899,0.464529521,1171.649454
310,398.7697181,27277.729,87.93915744,31.10194097,4.157593623,17.58783149,26.38174723,0.583466642,0.027374414,0.017241461,0.010132953,21.31430624,4994319.449,5995581.572,2997790.786,3155569.248,0.3,0.2,0.2,0.5,3142476.261,22675.21907,3875.050532,2185.311504,1371.79425,1076.84087,1737.639016,198.5209048,993.7458325,7291.280621,0.267297935,882.5099334,1103.137417,371.0695712,3720,30.81682656,1722.179906,1571.23813,633.0977499,0.264505961,0.464160937,1172.579845
300,398.7697181,28271.90695,94.17926945,32.18651836,4.287718934,18.83585389,28.25378083,0.564645137,0.026286628,0.01679687,0.009489758,21.48031813,4893862.841,5874985.403,4112489.782,1855258.548,0.2,0.12,0.3,0.3,3277900.086,23659.59429,4139.365452,2185.311504,1469.13598,1116.052149,1923.946843,205.134047,1062.813066,7605.4956,0.269012473,892.31266,1115.390825,371.1985013,3720,32.20760826,1728.736259,1638.950043,645.0997643,0.266590131,0.463999718,1172.987264
320,398.7697181,27751.26263,86.67108464,30.87688344,4.130604698,17.33421693,26.00132539,0.602288146,0.028239419,0.017442183,0.010797236,21.32792251,5365759.127,6441487.548,4186966.906,2373179.623,0.1,0.12,0.4,0.35,3231391.473,23134.07748,3844.531623,2185.311504,1352.01313,1095.549304,2038.634447,197.1473706,979.7104626,7497.584731,0.270170941,897.1851502,1121.481438,371.2746763,3720,31.72716228,1725.346606,1615.695737,640.6038262,0.265704552,0.463904519,1173.227977
280,398.7697181,28997.978,103.5056483,33.74258632,4.47457712,20.70112966,31.05169449,0.527002128,0.024423707,0.016157073,0.008266634,21.57748344,4464420.339,5359448.186,3751613.73,1692457.322,0.3,0.12,0.3,0.3,3372463.642,24386.19898,4508.50485,2185.311504,1614.621487,1144.801728,1764.192757,214.6050425,1166.039927,7824.905189,0.269843131,891.7790187,1114.723773,371.7509611,3720,32.76845922,1733.628984,1686.231821,652.9557034,0.268021851,0.463310167,1174.733037
310,398.7697181,28043.91752,90.41166775,31.53614347,4.209676154,18.08233355,27.12350032,0.583466642,0.027242202,0.017109249,0.010132953,21.41774885,5134740.471,6164154.226,4314907.959,1946575.019,0.1,0.15,0.2,0.3,3253632.239,23428.09272,3992.627243,2185.311504,1410.363819,1107.118235,2013.248083,201.1696258,1021.11224,7549.188515,0.269191653,895.8247991,1119.780999,371.7892331,3720,32.06168748,1727.406368,1626.81612,643.1393442,0.266220618,0.463262474,1174.853977
310,398.7697181,27861.13781,89.82495028,31.4336516,4.197380764,17.96499006,26.94748508,0.583466642,0.02727298,0.017140027,0.010132953,21.3935788,5101419.086,6124152.565,3980699.167,2256266.734,0.1,0.15,0.3,0.35,3228509.652,23248.26244,3964.672811,2185.311504,1401.211404,1099.933525,1943.810433,200.5445507,1014.618293,7490.89823,0.268865481,892.875365,1116.094206,371.8220422,3720,31.75815492,1726.217677,1614.254826,640.772662,0.265821337,0.463221596,1174.957653
320,398.7697181,27091.89117,84.59238296,30.50436383,4.085942522,16.91847659,25.37771489,0.602288146,0.028359286,0.01756205,0.010797236,21.2377754,5237067.851,6286996.22,3143498.11,3308945.379,0.3,0.15,0.4,0.5,3127419.023,22485.14177,3745.278055,2185.311504,1319.586722,1069.273245,1816.632433,194.8729001,956.7028351,7256.344305,0.267841926,886.7494038,1108.436755,371.9007386,3720,30.68885408,1721.185627,1563.709511,631.7844765,0.264246815,0.463123576,1175.206334
330,398.7697181,28222.78909,83.50540151,30.30774516,4.062374876,16.7010803,25.05162045,0.621109651,0.02924676,0.017764153,0.011482607,21.23687022,5621674.989,6748709.47,4049225.682,2841561.882,0.3,0.12,0.2,0.4,3213910.766,23601.0743,4422.06691,2185.311504,1302.630511,1088.51936,2067.268416,193.6719254,944.6718329,7457.025398,0.264220002,901.7147892,1127.143486,371.9157829,3720,32.12651531,1728.612148,1606.955383,649.0934782,0.267024701,0.463104842,1175.253874
330,398.7697181,27544.99776,84.10774835,30.41685769,4.075453154,16.82154967,25.23232451,0.621109651,0.029210569,0.017727962,0.011482607,21.26318189,5662225.637,6797389.721,3398694.86,3577573.537,0.2,0.15,0.4,0.5,3247423.374,22919.75148,3750.460637,2185.311504,1312.026734,1096.371334,1954.499329,194.3384424,951.3387693,7534.782495,0.273544495,905.2462831,1131.557854,372.0831146,3720,31.21233847,1724.215101,1623.711687,640.4286602,0.265557808,0.462896577,1175.782642
310,398.7697181,27617.45734,89.00845331,31.29046159,4.180204587,17.80169066,26.70253599,0.583466642,0.027316421,0.017183468,0.010132953,21.35955678,5055047.859,6068484.824,3641090.895,2555151.505,0.2,0.15,0.3,0.4,3187882.4,23008.29426,3925.815325,2185.311504,1388.474577,1089.935031,1870.574809,199.6711164,1005.581086,7396.633494,0.267824565,889.1630805,1111.453851,372.2502228,3720,31.39312004,1724.736814,1593.9412,637.4622832,0.265283263,0.462688776,1176.310704
300,398.7697181,28041.1479,93.41410496,32.05550116,4.271994478,18.68282099,28.02423149,0.564645137,0.026323894,0.016834136,0.009489758,21.44990947,4854102.392,5827253.772,3787714.952,2146882.969,0.3,0.1,0.4,0.35,3238320.672,23431.18321,4103.040539,2185.311504,1457.199907,1106.9845,1854.868537,204.3357052,1054.34402,7513.662094,0.267951302,889.9646913,1112.455864,372.5224473,3720,31.86054757,1727.589855,1619.160336,641.9831772,0.266111382,0.462350662,1177.170933
320,398.7697181,27878.84089,87.06710736,30.9473453,4.139053991,17.41342147,26.12013221,0.602288146,0.028217171,0.017419935,0.010797236,21.34473849,5390276.676,6470920.38,4529644.266,2043448.541,0.2,0.1,0.3,0.3,3239794.49,23258.09123,3863.459909,2185.311504,1358.19083,1100.555277,2107.760887,197.5774491,984.0937484,7517.081698,0.269633939,900.7496583,1125.937073,372.6907956,3720,31.97951589,1726.572631,1619.897245,642.1015391,0.266010437,0.462141813,1177.702914
330,398.7697181,27663.17619,83.90208124,30.37964604,4.070992817,16.78041625,25.17062437,0.621109651,0.029222874,0.017740266,0.011482607,21.25422916,5648379.902,6780768.19,4407499.324,2498177.754,0.3,0.12,0.1,0.35,3226636.566,23038.23614,3740.555605,2185.311504,1308.818459,1093.690332,2139.758248,194.1111459,949.0623906,7486.552232,0.270632417,904.9400471,1131.175059,372.9021571,3720,31.71911222,1725.216177,1613.318283,640.760114,0.265707456,0.46187987,1178.370817
320,398.7697181,27477.52935,85.82096628,30.72508143,4.11240324,17.16419326,25.74628988,0.602288146,0.028287805,0.017490569,0.010797236,21.29144175,5313128.768,6378305.844,3826983.506,2685602.461,0.2,0.12,0.4,0.4,3181065.373,22862.95333,3803.861319,2185.311504,1338.751831,1084.803285,1960.296975,196.2206688,970.3011247,7380.816397,0.268612811,894.5760234,1118.220029,373.1446231,3720,31.32415834,1724.063848,1590.532687,636.835834,0.265137334,0.461579745,1179.137009
300,398.7697181,27440.25735,91.38566798,31.70555705,4.23000177,18.2771336,27.41570039,0.564645137,0.026425403,0.016935645,0.009489758,21.36751283,4748698.173,5700718.095,2850359.047,3000377.945,0.3,0.2,0.3,0.5,3145233.629,22839.16303,4007.036481,2185.311504,1425.557595,1082.946347,1657.490683,202.2026457,1031.892735,7297.678363,0.265947883,881.0943227,1101.367903,373.4635626,3720,30.91827844,1723.906667,1572.616815,633.9845973,0.264799479,0.461185554,1180.144858
300,398.7697181,28182.80421,93.88383245,32.13599472,4.281655009,18.77676649,28.16514973,0.564645137,0.026300952,0.016811194,0.009489758,21.46861982,4878510.968,5856555.784,4099589.049,1849438.669,0.3,0.1,0.3,0.3,3252798.688,23569.55191,4125.300373,2185.311504,1464.527353,1112.551047,1918.248202,204.8262026,1059.54309,7547.254482,0.267796434,893.2523068,1116.565384,373.5047441,3720,32.11550577,1728.787433,1626.399344,643.7290217,0.266441939,0.461134705,1180.274992
300,398.7697181,27811.94271,92.65389725,31.92480023,4.256309387,18.53077945,27.79616918,0.564645137,0.026361467,0.016871709,0.009489758,21.41933675,4814599.513,5779831.349,3467898.809,2433613.199,0.2,0.2,0.1,0.4,3198910.404,23204.63451,4067.006821,2185.311504,1445.341156,1097.975595,1786.767171,203.5391474,1045.929837,7422.221046,0.266871722,887.3081993,1109.135249,373.5238782,3720,31.51616571,1726.363101,1599.455202,638.8835243,0.265625512,0.461111083,1180.335455
320,398.7697181,27661.60105,86.39263584,30.82724435,4.124652604,17.27852717,25.91779075,0.602288146,0.028255173,0.017457937,0.010797236,21.31603145,5348520.516,6420792.936,4173515.408,2365555.292,0.2,0.1,0.4,0.35,3205761.811,23043.49534,3831.17168,2185.311504,1347.669508,1092.029539,2032.457882,196.8443622,976.6285167,7438.117915,0.268896869,898.1057104,1122.632138,373.6151444,3720,31.63398664,1725.401904,1602.880906,639.2125086,0.265554512,0.460998443,1180.623856
290,398.7697181,28277.41507,97.431947,32.73761471,4.3538756,19.4863894,29.2295841,0.545823633,0.025395584,0.016527932,0.008867652,21.49285608,4619483.139,5545598.006,3604638.704,2043115.055,0.3,0.15,0.2,0.35,3255893.557,23668.33142,4258.895822,2185.311504,1519.875656,1116.110762,1770.279816,208.490546,1098.814573,7554.435302,0.26715438,889.0836545,1111.354568,374.2453594,3720,32.01877299,1729.610147,1627.946779,644.0036642,0.266565176,0.460222139,1182.615336
300,398.7697181,27971.27337,93.18236467,32.01571507,4.267219699,18.63647293,27.9547094,0.564645137,0.026335289,0.016845531,0.009489758,21.44062819,4842060.408,5812797.609,3778318.446,2141557.014,0.3,0.12,0.3,0.35,3218546.142,23360.50431,4092.021423,2185.311504,1453.584907,1104.238242,1850.53213,204.0932437,1051.779056,7467.780556,0.266980357,890.7690587,1113.461323,374.3971567,3720,31.7884032,1727.647641,1609.273071,640.905015,0.26599679,0.460035545,1183.095015
280,398.7697181,28550.63005,101.8795603,33.47648672,4.442610263,20.37591206,30.56386808,0.527002128,0.024490729,0.016224095,0.008266634,21.51843366,4394283.68,5275250.516,3165150.31,2221158.112,0.3,0.15,0.4,0.4,3296155.748,23943.20618,4431.910406,2185.311504,1589.25556,1126.816282,1639.728251,212.9868164,1148.041949,7647.85301,0.267869851,887.4238739,1109.279842,374.4623654,3720,32.11223195,1731.455786,1648.077874,646.9063734,0.267098432,0.459955435,1183.301075
320,398.7697181,27795.3468,86.80787073,30.9012391,4.133525206,17.36157415,26.04236122,0.602288146,0.028231714,0.017434478,0.010797236,21.33374344,5374227.479,6451653.636,4516157.545,2037364.306,0.2,0.12,0.2,0.3,3215980.721,23173.68158,3851.010682,2185.311504,1354.146905,1097.278365,2101.831422,197.2960353,981.2244478,7461.828179,0.26845602,901.6652109,1127.081514,374.9265581,3720,31.89243015,1726.639989,1607.990361,640.8071689,0.265872639,0.459385969,1184.767924
290,398.7697181,28112.72242,96.867635,32.64267123,4.342476359,19.373527,29.0602905,0.545823633,0.02542133,0.016553678,0.008867652,21.47108848,4592727.749,5513478.69,3308087.214,2321464.712,0.1,0.2,0.3,0.4,3233289.915,23505.45062,4232.255001,2185.311504,1511.072752,1109.646247,1709.23874,207.9124631,1092.568616,7501.98956,0.266853898,887.2717979,1109.089747,375.0178666,3720,31.74517612,1728.744772,1616.644957,641.8693574,0.266228301,0.459274118,1185.056459
320,398.7697181,27396.33204,85.56868724,30.67988852,4.106984911,17.11373745,25.67060617,0.602288146,0.028302331,0.017505095,0.010797236,21.28051387,5297510.311,6359556.196,3815733.718,2677707.872,0.3,0.1,0.4,0.4,3157772.5,22780.90901,3791.777148,2185.311504,1334.81644,1081.614324,1954.873748,195.944742,967.5088326,7326.771477,0.26743622,895.4230246,1119.278781,375.278098,3720,31.23993778,1724.116982,1578.88625,635.5724557,0.26500142,0.458955641,1185.87879
330,398.7697181,27405.37711,83.67192646,30.33794968,4.065995087,16.73438529,25.10157794,0.621109651,0.029236708,0.0177541,0.011482607,21.24417217,5632885.631,6762167.624,3381083.812,3559035.592,0.3,0.15,0.3,0.5,3207811.49,22779.03116,3729.446102,2185.311504,1305.228193,1090.690118,1945.004068,193.8564412,946.5149757,7442.873649,0.271584427,906.3459558,1132.932445,375.5220853,3720,31.06851892,1724.243524,1603.905745,638.2477929,0.265316081,0.458657444,1186.64979
300,398.7697181,28106.82515,93.63188575,32.09284567,4.276476358,18.72637715,28.08956573,0.564645137,0.026313231,0.016823473,0.009489758,21.45860117,4865418.994,5840839.128,4088587.39,1844475.514,0.3,0.12,0.2,0.3,3231366.805,23492.71032,4113.310665,2185.311504,1460.597147,1109.56533,1913.387742,204.5632753,1056.754476,7497.527496,0.266751134,894.1148334,1117.643542,375.5311013,3720,32.0368624,1728.847296,1615.683403,642.5586604,0.266317226,0.458646433,1186.67828
320,398.7697181,27585.21695,86.15538609,30.78488667,4.119573786,17.23107722,25.84661583,0.602288146,0.028268668,0.017471432,0.010797236,21.30585543,5333832.514,6403160.281,4162054.183,2359059.051,0.2,0.12,0.3,0.35,3183899.057,22966.26235,3819.793264,2185.311504,1343.968565,1089.030556,2027.194411,196.5857843,974.0025729,7387.391206,0.267802541,898.9546007,1123.693251,375.6722464,3720,31.55449689,1725.466174,1591.949528,638.0256289,0.265428439,0.458474113,1187.124299
310,398.7697181,27702.92006,89.31696341,31.34464225,4.186703546,17.86339268,26.79508902,0.583466642,0.027299922,0.017166969,0.010132953,21.3724652,5072569.041,6089518.656,3958187.127,2243506.873,0.2,0.15,0.2,0.35,3183513.359,23088.33134,3940.418649,2185.311504,1393.287136,1093.712921,1933.446605,200.0016296,1008.995758,7386.496297,0.266632409,894.5887147,1118.235893,376.0023457,3720,31.59418498,1726.329509,1591.75668,638.3232354,0.265558817,0.45807161,1188.167412
290,398.7697181,27729.08988,95.5623158,32.42199059,4.315983391,19.11246316,28.66869474,0.545823633,0.025481932,0.01661428,0.008867652,21.42002557,4530839.424,5439182.982,2719591.491,2862727.885,0.3,0.2,0.4,0.5,3172326.411,23126.81208,4170.746459,2185.311504,1490.710613,1094.69308,1586.205053,206.5685175,1078.120993,7360.53996,0.265444701,882.2778049,1102.847256,376.0261396,3720,31.14615698,1726.507754,1586.163206,636.773488,0.265404792,0.458042625,1188.242601
310,398.7697181,27474.35507,88.55011099,31.20979367,4.170528971,17.7100222,26.5650333,0.583466642,0.027341124,0.017208171,0.010132953,21.34025822,5029017.271,6037235.619,3622341.372,2541993.945,0.3,0.15,0.2,0.4,3146969.964,22863.58366,3903.963641,2185.311504,1381.324732,1084.322357,1861.512178,199.1789786,1000.50803,7301.707066,0.265764457,890.7714161,1113.46427,376.0833081,3720,31.2450947,1724.851104,1573.484982,635.2414076,0.265046686,0.457972998,1188.423254
280,398.7697181,28889.72517,103.1208694,33.67980943,4.467035212,20.62417388,30.93626082,0.527002128,0.024439395,0.016172761,0.008266634,21.56363232,4447824.002,5339524.612,3737667.228,1686165.667,0.1,0.15,0.4,0.3,3341700.237,24275.06547,4490.287236,2185.311504,1608.619184,1140.545856,1758.003982,214.2233295,1161.781092,7753.526888,0.268383546,894.6597033,1118.324629,376.1907682,3720,32.65607218,1734.144184,1670.850119,651.2812595,0.267891664,0.457842176,1188.762828
320,398.7697181,27336.10915,85.34840612,30.64037316,4.102247442,17.06968122,25.60452184,0.602288146,0.028315078,0.017517842,0.010797236,21.27093341,5283872.829,6343184.668,3805910.801,2670814.597,0.1,0.2,0.1,0.4,3142385.873,22720.78401,3781.245343,2185.311504,1331.380197,1078.829836,1950.1377,195.7034649,965.0707022,7291.070902,0.26671941,895.3251402,1119.156425,376.3257959,3720,31.17757181,1724.009209,1571.192937,634.6339276,0.264883917,0.4576779,1189.189515
330,398.7697181,27800.66392,84.31966192,30.45515196,4.0800434,16.86393238,25.29589857,0.621109651,0.029197949,0.017715341,0.011482607,21.27237294,5676491.89,6814516.075,4770161.252,2151952.445,0.1,0.15,0.1,0.3,3235399.38,23169.73366,3760.577954,2185.311504,1315.332449,1099.133763,2213.36418,194.5723391,953.6842854,7506.884014,0.27002535,910.9302649,1138.662831,376.4685436,3720,31.9859725,1727.098891,1617.69969,642.3591334,0.266098466,0.45750436,1189.640598
330,398.7697181,27942.93098,84.63036241,30.51121083,4.086763304,16.92607248,25.38910872,0.621109651,0.029179548,0.01769694,0.011482607,21.28578734,5697408.587,6839626.155,5129719.616,1799901.62,0.1,0.1,0.3,0.25,3252952.13,23309.95855,3775.528517,2185.311504,1320.179177,1103.183943,2284.867217,194.9147164,957.1232018,7547.610501,0.270108047,912.972428,1141.215535,376.7700574,3720,32.25913908,1728.114449,1626.476065,644.0389318,0.266401165,0.457138238,1190.593381
320,398.7697181,27313.16042,85.27735151,30.62761608,4.100718036,17.0554703,25.58320545,0.602288146,0.028319203,0.017521967,0.010797236,21.26783538,5279473.877,6337903.814,3802742.288,2668591.08,0.3,0.12,0.3,0.4,3135839.152,22697.7091,3777.846423,2185.311504,1330.27179,1077.931662,1948.609889,195.6255685,964.2842507,7275.880975,0.26638737,895.4513223,1119.314153,376.8173384,3720,31.15386334,1723.993489,1567.919576,634.2782981,0.264842213,0.457080878,1190.742789
310,398.7697181,28085.78864,90.54603463,31.55956877,4.212486487,18.10920693,27.16381039,0.583466642,0.027235204,0.017102251,0.010132953,21.42325194,5142371.555,6173315.192,4629986.394,1624556.629,0.1,0.12,0.3,0.25,3237936.799,23463.89712,3998.936853,2185.311504,1412.459856,1108.763638,2073.630182,201.3124789,1022.599448,7512.77142,0.267493696,901.8915224,1127.364403,377.0270519,3720,32.21750655,1729.120926,1618.9684,643.3015237,0.266431382,0.456826637,1191.405484
280,398.7697181,28672.24303,102.3477287,33.55331601,4.451839343,20.46954573,30.7043186,0.527002128,0.024471237,0.016204603,0.008266634,21.53557374,4414476.785,5299491.939,3444669.76,1952444.399,0.2,0.15,0.4,0.35,3304653.232,24060.02834,4453.87451,2185.311504,1596.558686,1131.994486,1696.187416,213.4540948,1153.223763,7667.569164,0.267421323,892.2146828,1115.268354,377.1163655,3720,32.33453541,1732.979762,1652.326616,648.3603115,0.267432862,0.456718445,1191.687715
320,398.7697181,27698.53598,86.50724203,30.84768488,4.127103546,17.30144841,25.95217261,0.602288146,0.028248678,0.017451442,0.010797236,21.32093246,5355615.722,6429310.59,4500517.413,2030308.607,0.3,0.1,0.2,0.3,3188404.365,23075.89245,3836.583308,2185.311504,1349.457291,1093.478232,2094.954132,196.9691385,977.8970087,7397.844576,0.267084317,902.6435286,1128.304411,377.4382331,3720,31.79146822,1726.695597,1594.202182,639.3066335,0.265710369,0.45632897,1192.704817
320,398.7697181,27496.60844,85.88013,30.73567032,4.113672805,17.176026,25.764039,0.602288146,0.028284409,0.017487173,0.010797236,21.29399772,5316791.561,6382702.955,4148756.921,2351522.141,0.3,0.1,0.3,0.35,3158570.092,22876.74568,3806.600271,2185.311504,1339.674747,1085.551151,2021.086847,196.2853171,970.9559647,7328.622078,0.266528219,899.8627643,1124.828455,377.9843232,3720,31.46230329,1725.520053,1579.285046,636.6491275,0.265279904,0.455669692,1194.430461
300,398.7697181,27696.5678,92.27114402,31.85879132,4.248388363,18.4542288,27.68134321,0.564645137,0.026380596,0.016890838,0.009489758,21.40380539,4794710.404,5755954.866,3453572.92,2423559.944,0.2,0.15,0.4,0.4,3165518.112,23086.41888,4048.807608,2185.311504,1439.370452,1093.439748,1779.825168,203.1368011,1041.693422,7344.743112,0.265186039,890.1489118,1112.68614,378.0910677,3720,31.39579455,1726.862205,1582.759056,637.0775476,0.265478745,0.455541045,1194.767774
330,398.7697181,27558.78728,83.61357165,30.32736863,4.064726868,16.72271433,25.08407149,0.621109651,0.029240226,0.017757619,0.011482607,21.24161581,5628957.121,6757451.526,4392343.492,2489587.404,0.1,0.15,0.2,0.35,3194110.047,22929.7493,3726.589901,2185.311504,1304.317895,1089.929426,2132.81683,193.7918038,945.869089,7411.083093,0.268919057,909.037974,1136.297468,378.4613795,3720,31.60782615,1726.059616,1597.055023,639.1012458,0.26561588,0.455095313,1195.937959
290,398.7697181,27981.1976,96.41687504,32.56663362,4.333347525,19.28337501,28.92506251,0.545823633,0.025442091,0.016574439,0.008867652,21.45356847,4571356.134,5487822.49,3292693.494,2310662.101,0.2,0.2,0.2,0.4,3196202.712,23372.42562,4210.93905,2185.311504,1504.041187,1104.482536,1701.760549,207.4494392,1087.579484,7415.938566,0.265032922,888.7719795,1110.964974,378.4994635,3720,31.61027661,1728.840759,1598.101356,639.8445758,0.266011691,0.455049522,1196.058305
320,398.7697181,27008.07878,84.46262974,30.48096008,4.083137039,16.89252595,25.33878892,0.602288146,0.028366945,0.017569709,0.010797236,21.23204103,5229034.901,6277352.822,3138676.411,3303869.906,0.1,0.2,0.4,0.5,3094818.332,22395.19699,3738.978747,2185.311504,1317.562655,1067.633086,1814.021736,194.7299646,955.2666916,7180.70307,0.265872413,892.8817886,1116.102236,378.5441174,3720,30.59916387,1722.46058,1547.409166,630.446255,0.26423971,0.454995843,1196.199411
300,398.7697181,27867.88067,92.83942297,31.95674659,4.260143058,18.56788459,27.85182689,0.564645137,0.026352246,0.016862488,0.009489758,21.42683148,4824240.036,5791404.605,3764412.993,2133675.381,0.1,0.15,0.4,0.35,3188538.546,23254.1615,4075.691403,2185.311504,1448.235237,1100.174183,1844.113874,203.733858,1047.983285,7398.155906,0.265472498,893.7191726,1117.148966,378.8826906,3720,31.67987672,1728.203492,1594.269273,639.2836007,0.265877124,0.454589255,1197.269302
330,398.7697181,27515.53645,83.71160481,30.34514216,4.066857166,16.74232096,25.11348144,0.621109651,0.029234318,0.01775171,0.011482607,21.24590888,5635556.821,6765374.335,4059224.601,2848578.667,0.1,0.15,0.3,0.4,3197306.216,22885.23771,3731.288567,2185.311504,1305.84715,1091.207351,2072.073948,193.900378,946.9541464,7418.498954,0.269611278,910.2987372,1137.873422,379.1568058,3720,31.43592741,1725.966804,1598.653108,638.9289036,0.265586102,0.454260605,1198.135506
290,398.7697181,28329.24395,97.60949893,32.7674303,4.357455505,19.52189979,29.28284968,0.545823633,0.025387539,0.016519887,0.008867652,21.49966713,4627901.304,5555703.846,3888992.692,1754432.794,0.2,0.12,0.4,0.3,3245401.69,23714.25109,4267.183871,2185.311504,1522.645352,1118.144721,1825.094252,208.6720691,1100.779765,7530.091714,0.265806307,894.9928539,1118.741067,379.1907412,3720,32.17384426,1731.309073,1622.700845,644.359458,0.266795928,0.454219951,1198.242742
310,398.7697181,27821.05794,89.69624855,31.41112437,4.194678418,17.93924971,26.90887456,0.583466642,0.02727978,0.017146827,0.010132953,21.38824605,5094109.742,6115377.842,4280764.489,1931171.95,0.1,0.12,0.4,0.3,3189620.095,23200.85074,3958.402409,2185.311504,1399.20374,1098.357495,1998.199569,200.4071501,1013.193788,7400.665354,0.266009487,900.2072056,1125.259007,379.5920737,3720,31.82818521,1728.09157,1594.810047,639.6668144,0.265907591,0.453739717,1199.510953
310,398.7697181,27985.71496,90.22481956,31.50353972,4.205764761,18.04496391,27.06744587,0.583466642,0.027251964,0.017119011,0.010132953,21.41007648,5124128.821,6151415.151,4613561.364,1618793.461,0.2,0.1,0.3,0.25,3209690.132,23362.81674,3983.577868,2185.311504,1407.449107,1104.830166,2066.669747,200.9707925,1019.044154,7447.232539,0.266108354,902.8982201,1128.622775,379.59534,3720,32.11327118,1729.171711,1604.845066,641.7580633,0.266263749,0.453735812,1199.521275
280,398.7697181,28402.35681,101.3535842,33.38995997,4.432216784,20.27071685,30.40607527,0.527002128,0.02451282,0.016246187,0.008266634,21.49904084,4371597.206,5248015.854,3148809.512,2209690.886,0.1,0.2,0.4,0.4,3254065.433,23791.78418,4407.092163,2185.311504,1581.050673,1120.998695,1631.771156,212.4605013,1142.220305,7550.193625,0.265829828,890.5726301,1113.215788,379.7662332,3720,31.95958626,1731.945375,1627.032716,644.6151299,0.2668961,0.453531633,1200.061297
310,398.7697181,27532.53272,88.73642421,31.24260979,4.17446499,17.74728484,26.62092726,0.583466642,0.027331054,0.017198101,0.010132953,21.3481205,5039598.538,6049938.221,3932459.844,2228924.608,0.3,0.15,0.1,0.35,3137000.681,22916.99276,3912.747521,2185.311504,1384.231098,1086.603873,1921.598937,199.3791895,1002.570195,7278.575995,0.264362747,895.5399657,1119.424957,379.8006486,3720,31.41768328,1726.255485,1568.500341,635.6846283,0.265254179,0.453490537,1200.170049
320,398.7697181,27421.11852,85.64559244,30.69367226,4.108637469,17.12911849,25.69367773,0.602288146,0.028297895,0.017500659,0.010797236,21.28385013,5302271.47,6365271.873,4137426.717,2345100.164,0.3,0.12,0.2,0.35,3136962.806,22800.41779,3795.363607,2185.311504,1336.016112,1082.586452,2015.881998,196.028901,968.36004,7278.488117,0.26543367,900.7007335,1125.875917,380.0169261,3720,31.38364813,1725.583012,1568.481403,635.4748405,0.265155098,0.453232444,1200.853486
280,398.7697181,28737.39852,102.5793643,33.59126385,4.456397963,20.51587286,30.77380928,0.527002128,0.024461652,0.016195018,0.008266634,21.54401227,4424467.725,5311485.865,3718040.105,1677311.326,0.2,0.15,0.3,0.3,3299420.904,24121.07579,4464.714637,2185.311504,1600.172052,1134.556505,1749.292471,213.6848774,1155.787568,7655.428936,0.266392552,896.3227311,1120.403414,380.117195,3720,32.50008468,1734.230231,1649.710452,648.9570454,0.26764031,0.453112888,1201.170336
330,398.7697181,27887.66457,84.5520835,30.49709689,4.085071404,16.9104167,25.36562505,0.621109651,0.029184172,0.017701565,0.011482607,21.2824145,5692138.766,6833299.839,5124974.879,1798236.8,0.1,0.12,0.2,0.25,3231725.057,23251.58895,3771.698169,2185.311504,1318.958076,1102.163527,2282.866286,194.8285187,956.2567899,7498.358723,0.268877256,916.075625,1145.094531,380.2179811,3720,32.20072489,1728.700375,1615.862528,643.1761107,0.266370068,0.452992779,1201.48882
290,398.7697181,28110.76311,96.86090603,32.64153744,4.342340236,19.37218121,29.05827181,0.545823633,0.025421639,0.016553987,0.008867652,21.47082781,4592408.712,5513095.693,3583512.201,2031140.519,0.1,0.2,0.2,0.35,3208323.469,23498.09896,4231.837029,2185.311504,1510.967784,1109.569163,1760.504562,207.9055593,1092.494138,7444.061562,0.264811792,892.664151,1115.830189,380.2881558,3720,31.84579912,1730.181223,1604.161735,641.4181786,0.266338951,0.452909188,1201.710572
300,398.7697181,27994.4357,93.25915732,32.02890461,4.268802578,18.65183146,27.9777472,0.564645137,0.026331507,0.016841749,0.009489758,21.44370748,4846050.806,5817588.002,4072311.601,1837133.053,0.1,0.15,0.3,0.3,3198856.187,23377.14205,4095.548684,2185.311504,1454.782823,1105.14828,1906.196027,204.1736239,1052.629018,7422.095251,0.265127518,897.2936452,1121.617057,380.379213,3720,31.91860762,1729.444402,1599.428094,640.7991845,0.266186688,0.452800769,1201.998313
280,398.7697181,28518.58316,101.7658721,33.45780317,4.440365975,20.35317442,30.52976163,0.527002128,0.024495487,0.016228853,0.008266634,21.51425424,4389380.066,5269363.824,3425086.486,1941344.567,0.3,0.15,0.3,0.35,3263809.909,23905.53572,4426.450179,2185.311504,1587.482098,1125.558828,1687.105051,212.8731753,1146.783618,7572.803091,0.265539247,893.0474462,1116.309308,380.4092685,3720,32.177811,1732.881773,1631.904954,646.0139663,0.267158355,0.452764994,1202.093288
290,398.7697181,28088.90231,96.78599024,32.62891191,4.340824426,19.35719805,29.03579707,0.545823633,0.025425078,0.016557426,0.008867652,21.46792391,4588856.775,5508831.662,3580740.581,2029569.56,0.3,0.12,0.4,0.35,3202227.739,23476.10706,4228.295445,2185.311504,1509.799146,1108.71096,1759.221912,207.8286806,1091.66495,7429.91804,0.264514361,892.7952502,1115.994063,380.7518836,3720,31.8234212,1730.165607,1601.11387,641.0836406,0.266299627,0.452357578,1203.175952
290,398.7697181,28245.26583,97.32177979,32.71910111,4.351652739,19.46435596,29.19653394,0.545823633,0.025400589,0.016532937,0.008867652,21.48862091,4614259.847,5539327.547,3877529.283,1749261.331,0.3,0.1,0.4,0.3,3221881.866,23629.37408,4253.559651,2185.311504,1518.157118,1114.848734,1820.016549,208.377828,1097.595213,7475.520215,0.264664537,895.8917516,1119.86469,381.3557029,3720,32.08731296,1731.3551,1610.940933,643.0710554,0.266656405,0.451641338,1205.084021
320,398.7697181,27213.72955,84.96937061,30.57225992,4.094081744,16.99387412,25.49081118,0.602288146,0.028337153,0.017539917,0.010797236,21.25436344,5260406.949,6315014.345,3789008.607,2658953.408,0.1,0.15,0.4,0.4,3106421.092,22595.25548,3763.076682,2185.311504,1325.467487,1074.038597,1941.986945,195.2875398,960.8754355,7207.624189,0.264852496,898.4740672,1123.092584,381.3582033,3720,31.04867789,1724.588196,1553.210546,632.701224,0.264731889,0.451638377,1205.091922
300,398.7697181,27560.55407,91.81986664,31.78078874,4.239028579,18.36397333,27.54595999,0.564645137,0.026403334,0.016913576,0.009489758,21.38537268,4771260.555,5727803.787,3436682.272,2411706.858,0.3,0.15,0.3,0.4,3126923.881,22948.88551,4027.39997,2185.311504,1432.330815,1088.09185,1771.638391,202.6613022,1036.698562,7255.195459,0.263245631,891.6685602,1114.5857,381.6971614,3720,31.25553521,1726.961027,1563.46194,634.9728785,0.265253481,0.451237309,1206.16303
320,398.7697181,26885.57658,84.07874085,30.41161208,4.074824386,16.81574817,25.22362225,0.602288146,0.028389732,0.017592496,0.010797236,21.21499959,5205268.551,6248821.789,3124410.895,3288853.573,0.2,0.2,0.3,0.5,3059582.987,22271.41451,3720.643831,2185.311504,1311.574236,1062.7805,1806.296395,194.3064019,951.0177064,7098.94882,0.264043019,894.162069,1117.702586,381.7831713,3720,30.47263017,1722.544136,1529.791493,628.5299717,0.264033888,0.451135652,1206.434821
290,398.7697181,27850.8893,95.97021057,32.49111134,4.324281007,19.19404211,28.79106317,0.545823633,0.025462835,0.016595183,0.008867652,21.43609013,4550178.697,5462399.396,3277439.638,2299957.64,0.3,0.2,0.1,0.4,3159456.359,23240.63202,4189.833475,2185.311504,1497.073509,1099.365743,1694.34847,206.9895062,1082.635682,7330.678425,0.263211646,890.2572837,1112.821605,381.9484891,3720,31.47649724,1728.935161,1579.72818,637.8367941,0.265796811,0.450940388,1206.957226
310,398.7697181,27729.35347,89.40181309,31.35952717,4.188489034,17.88036262,26.82054393,0.583466642,0.027295403,0.01716245,0.010132953,21.37600401,5077387.9,6095303.601,4266712.521,1924832.716,0.2,0.1,0.4,0.3,3163645.716,23108.21161,3944.346228,2185.311504,1394.610736,1094.751956,1992.004555,200.0924263,1009.934897,7340.398715,0.264715826,901.1418626,1126.427328,381.9581956,3720,31.73283284,1728.140741,1581.822858,638.2488237,0.265753868,0.450928929,1206.987898
310,398.7697181,27320.63148,88.07648479,31.12621616,4.160504985,17.61529696,26.42294544,0.583466642,0.027366895,0.017233942,0.010132953,21.32016247,5002118.667,6004944.378,3602966.627,2528397.633,0.1,0.2,0.2,0.4,3101158.628,22705.82573,3881.361781,2185.311504,1373.936468,1078.522524,1852.144766,198.6690311,995.2658084,7195.41404,0.263369243,894.8057515,1118.507189,382.3526913,3720,31.08395917,1725.564782,1550.579314,632.826335,0.264855614,0.450463679,1208.234504
310,398.7697181,27487.01461,88.5906184,31.21693134,4.171385067,17.71812368,26.57718552,0.583466642,0.027338931,0.017205978,0.010132953,21.34196965,5031317.804,6039997.364,3925998.287,2225262.187,0.2,0.12,0.4,0.35,3123252.461,22869.13461,3905.765339,2185.311504,1381.956621,1084.818394,1918.622712,199.2225263,1000.956377,7246.676905,0.263640014,897.8799969,1122.349996,382.7989194,3720,31.36862465,1726.780998,1561.62623,634.9523051,0.265230953,0.449938574,1209.644585
300,398.7697181,27718.78369,92.34482489,31.87150881,4.249914424,18.46896498,27.70344747,0.564645137,0.026376902,0.016887144,0.009489758,21.40680249,4798539.102,5760551.143,3744358.243,2122308.316,0.2,0.15,0.3,0.35,3146372.334,23103.42644,4052.205689,2185.311504,1440.519826,1094.312909,1834.855198,203.2143213,1042.508941,7300.320423,0.263370879,895.3572446,1119.196556,382.8078536,3720,31.52576924,1728.305043,1573.186167,636.9808704,0.265629924,0.449928073,1209.672817
310,398.7697181,27298.97699,88.00704517,31.11394377,4.159033131,17.60140903,26.40211355,0.583466642,0.027370694,0.017237741,0.010132953,21.31720293,4998174.99,6000210.072,3600126.043,2526404.241,0.3,0.12,0.4,0.4,3095023.375,22684.0512,3878.058177,2185.311504,1372.853254,1077.672195,1850.771163,198.5941461,994.4972321,7181.178816,0.263056701,894.9257814,1118.657227,382.8132034,3720,31.06163876,1725.549027,1547.511687,632.4914753,0.264816239,0.449921786,1209.689723
280,398.7697181,28276.41645,100.906751,33.31627621,4.423366414,20.1813502,30.27202529,0.527002128,0.02453175,0.016265116,0.008266634,21.48245138,4352324.331,5224879.149,3134927.489,2199949.115,0.2,0.2,0.3,0.4,3218837.598,23664.40866,4386.048899,2185.311504,1574.080361,1116.056472,1625.009616,212.0122588,1137.274635,7468.456801,0.264123172,892.0077904,1115.009738,383.0682324,3720,31.83100093,1732.029819,1609.418799,642.6848809,0.26668881,0.449622249,1210.495614
310,398.7697181,26933.74497,86.83564232,30.90618167,4.134117881,17.36712846,26.05069269,0.583466642,0.027435617,0.017302664,0.010132953,21.26675873,4931647.629,5920345.293,2960172.647,3115971.207,0.2,0.2,0.4,0.5,3042312.801,22324.43123,3822.53029,2185.311504,1354.580124,1063.327681,1717.210221,197.3262036,981.5318312,7058.877944,0.262083047,889.3137434,1111.642179,383.1528475,3720,30.45975156,1723.238226,1521.1564,627.6936053,0.26401791,0.449522954,1210.762998
290,398.7697181,28173.59903,97.07621588,32.67779636,4.346693522,19.41524318,29.12286476,0.545823633,0.025411783,0.016544131,0.008867652,21.47915559,4602617.071,5525350.625,3867745.438,1744847.566,0.3,0.12,0.3,0.3,3201784.713,23556.88348,4241.935956,2185.311504,1514.32648,1112.03566,1815.682217,208.1263383,1094.877245,7428.890115,0.263682681,896.7155548,1120.894444,383.2585621,3720,32.01337075,1731.409391,1600.892356,641.9701637,0.266538868,0.449398962,1211.097056
330,398.7697181,27790.27045,84.28794307,30.44942321,4.079356698,16.85758861,25.28638292,0.621109651,0.029199834,0.017717227,0.011482607,21.2709994,5674356.543,6811952.632,5108964.474,1792619.114,0.2,0.1,0.2,0.25,3202190.129,23152.4469,3758.929215,2185.311504,1314.837656,1098.720287,2276.113807,194.5373494,953.3332127,7429.830775,0.267353669,917.8235414,1147.279427,383.3553898,3720,32.09842588,1728.924543,1601.095064,641.6642201,0.266225452,0.449285453,1211.403032
310,398.7697181,27651.21305,89.15090486,31.31549063,4.183206783,17.83018097,26.74527146,0.583466642,0.02730879,0.017175837,0.010132953,21.36552522,5063138.095,6078196.992,4254737.895,1919430.629,0.2,0.12,0.3,0.3,3141483.806,23029.20958,3932.373168,2185.311504,1390.696729,1091.679435,1986.724581,199.8238019,1007.157778,7288.977895,0.263604272,902.0034709,1127.504339,384.0379948,3720,31.65146971,1728.199909,1570.741903,637.0389469,0.265624639,0.448486875,1213.560064
320,398.7697181,27298.18579,85.23073177,30.61924312,4.099714238,17.04614635,25.56921953,0.602288146,0.028321913,0.017524677,0.010797236,21.26580068,5276587.675,6334438.985,4117385.34,2333740.679,0.1,0.15,0.3,0.35,3102879.094,22674.99936,3775.483336,2185.311504,1329.544553,1077.342361,2006.673676,195.5744413,963.7682509,7199.405925,0.263732029,903.1864317,1128.98304,384.5893803,3720,31.2537588,1726.032255,1551.439547,633.5339615,0.264987582,0.447843879,1215.302442
300,398.7697181,27832.50806,92.7220673,31.9365424,4.257718477,18.54441346,27.81662019,0.564645137,0.026358075,0.016868317,0.009489758,21.42209317,4818141.852,5784083.856,4048858.699,1826552.796,0.2,0.15,0.2,0.3,3153211.005,23213.46206,4070.027214,2185.311504,1446.404564,1098.78345,1895.830499,203.610716,1046.684361,7316.187741,0.262864839,899.0460018,1123.807502,384.6155625,3720,31.75079914,1729.548061,1576.605502,638.3022648,0.265917916,0.447813393,1215.385177
320,398.7697181,27497.09941,85.88151602,30.73591834,4.113702542,17.1763032,25.76445481,0.602288146,0.02828433,0.017487094,0.010797236,21.29405756,5316877.369,6382805.965,4467964.175,2015622.936,0.1,0.15,0.2,0.3,3130016.632,22870.04606,3806.540892,2185.311504,1339.696368,1085.568671,2080.636082,196.2868313,970.9713054,7262.371367,0.264114089,907.0533545,1133.816693,384.9771514,3720,31.57885024,1727.446238,1565.008316,636.1472135,0.265439854,0.447392785,1216.527798
320,398.7697181,26764.19818,83.6983516,30.34273995,4.06656924,16.73967032,25.10950548,0.602288146,0.028412497,0.017615261,0.010797236,21.19800094,5181718.861,6220550.854,3110275.427,3273974.134,0.3,0.2,0.2,0.5,3024666.962,22148.76742,3702.490349,2185.311504,1305.640408,1057.972152,1798.639539,193.8857036,946.8074562,7017.935468,0.262213552,895.4307652,1119.288457,384.9930337,3720,30.34713979,1722.626521,1512.333481,626.6296713,0.26382973,0.447374329,1216.577987
310,398.7697181,27411.99321,88.36932507,31.17791808,4.166705853,17.67386501,26.51079752,0.583466642,0.027350931,0.017217978,0.010132953,21.33260609,5018749.915,6024909.862,3916191.41,2219703.633,0.3,0.1,0.4,0.35,3100781.563,22792.81409,3895.212108,2185.311504,1378.504588,1082.108526,1914.105142,198.984497,998.5070432,7194.539162,0.262459541,899.1791221,1123.973903,385.1581301,3720,31.29054705,1726.936824,1550.390782,633.787569,0.265117649,0.447182564,1217.099691
320,398.7697181,27066.74933,84.51405681,30.49023819,4.08424923,16.90281136,25.35421704,0.602288146,0.028363907,0.017566671,0.010797236,21.23431536,5232218.722,6281174.936,3768704.962,2644705.236,0.2,0.15,0.3,0.4,3064141.266,22446.65669,3741.308002,2185.311504,1318.364884,1068.283155,1932.19341,194.7866301,955.8359002,7109.525095,0.262666381,900.09264,1125.1158,385.2969625,3720,30.89582472,1724.703925,1532.070633,630.4089282,0.264487453,0.447021432,1217.538401
330,398.7697181,27568.70623,83.64378185,30.33284689,4.065383477,16.72875637,25.09313456,0.621109651,0.029238404,0.017755797,0.011482607,21.24293956,5630990.905,6759893.043,4731925.13,2134703.066,0.1,0.12,0.3,0.3,3166667.14,22932.45026,3727.919911,2185.311504,1304.789155,1090.323236,2196.593381,193.8252694,946.2034636,7347.409125,0.266512656,916.2559692,1145.319961,385.328083,3720,31.74081238,1728.013026,1583.33357,638.7190636,0.265792334,0.446985329,1217.636742
330,398.7697181,27484.35952,83.61526852,30.32767637,4.064763752,16.7230537,25.08458056,0.621109651,0.029240124,0.017757516,0.011482607,21.24169018,5629071.357,6757588.663,4392432.631,2489637.929,0.2,0.15,0.1,0.35,3158910.585,22848.14623,3726.547808,2185.311504,1304.344366,1089.951546,2132.85766,193.7936837,945.8878705,7329.412101,0.266675747,916.2132862,1145.266608,385.441432,3720,31.52848285,1727.490221,1579.455292,637.9314806,0.265645173,0.446853882,1217.994925
310,398.7697181,27546.59762,88.7814309,31.25053183,4.175415188,17.75628618,26.63442927,0.583466642,0.027328628,0.017195675,0.010132953,21.35001614,5042154.598,6053006.721,4237104.705,1911475.807,0.3,0.1,0.3,0.3,3113814.71,22924.42238,3914.772388,2185.311504,1384.933173,1087.155006,1978.948253,199.4275205,1003.068341,7224.779115,0.262274827,902.1752431,1127.719054,386.0334999,3720,31.54280295,1728.061828,1556.907355,635.4216598,0.265427505,0.446168532,1219.86586
310,398.7697181,27180.35787,87.62661108,31.04662175,4.150959305,17.52532222,26.28798332,0.583466642,0.027391607,0.017258654,0.010132953,21.30092808,4976569.036,5974272.552,3584563.531,2515483.18,0.2,0.2,0.1,0.4,3061079.449,22564.00012,3859.953213,2185.311504,1366.918727,1073.013556,1843.244692,198.1833303,990.2864855,7102.420963,0.261307117,896.357751,1120.447189,386.0897175,3720,30.93855171,1725.669741,1530.539725,630.6451806,0.26462245,0.446103567,1220.043507
280,398.7697181,28358.36646,101.1975004,33.3642399,4.429127427,20.23950007,30.35925011,0.527002128,0.024519416,0.016252782,0.008266634,21.49325799,4364864.974,5239933.942,3405957.063,1930501.979,0.1,0.2,0.3,0.35,3218458.955,23741.94523,4399.638324,2185.311504,1578.615865,1119.272321,1678.23058,212.3040426,1140.492727,7467.578262,0.263328929,896.4212202,1120.526525,386.1127802,3720,32.0123007,1733.403005,1609.229478,643.5392958,0.266938977,0.446076921,1220.116385
310,398.7697181,26819.95443,86.47048211,30.84113006,4.12631758,17.29409642,25.94114463,0.583466642,0.02745618,0.017323228,0.010132953,21.25083065,4910909.124,5895449.128,2947724.564,3102867.962,0.3,0.2,0.3,0.5,3009580.763,22209.34616,3805.193038,2185.311504,1348.88386,1058.856083,1710.446994,196.9291259,977.4901401,6982.931955,0.260363304,890.608265,1113.260331,386.2207178,3720,30.34235606,1723.331814,1504.790382,625.9168123,0.26382888,0.445952255,1220.457468
290,398.7697181,27745.02085,95.61693532,32.43125481,4.317095495,19.12338706,28.68508059,0.545823633,0.025479366,0.016611714,0.008867652,21.42218247,4533429.067,5442291.797,3265375.078,2291491.283,0.3,0.15,0.4,0.4,3128463.994,23131.89789,4173.121286,2185.311504,1491.562642,1095.318777,1688.48482,206.6249447,1078.725537,7258.768883,0.2616242,893.1229582,1116.403698,386.3197498,3720,31.36623274,1729.44291,1564.231997,636.1833337,0.265668144,0.445837936,1220.770409
280,398.7697181,28151.57838,100.463756,33.24306418,4.414573093,20.0927512,30.1391268,0.527002128,0.024550666,0.016284032,0.008266634,21.4658993,4333217.009,5201941.187,3121164.712,2190291.026,0.3,0.2,0.2,0.4,3183916.159,23538.14898,4365.201902,2185.311504,1567.169925,1111.156705,1618.304576,211.5668427,1132.371448,7387.430887,0.262416224,893.4293916,1116.786739,386.3409205,3720,31.70342591,1732.112874,1591.95808,640.7699672,0.266483085,0.445813505,1220.837309
310,398.7697181,27364.7468,88.21783262,31.1511823,4.163499268,17.64356652,26.46534979,0.583466642,0.027359178,0.017226225,0.010132953,21.32617626,5010146.22,6014581.297,3909477.843,2215898.372,0.1,0.2,0.1,0.35,3087257.6,22744.89089,3887.994005,2185.311504,1376.141403,1080.253412,1911.012186,198.8213681,996.8302842,7163.160401,0.261766003,899.8559128,1124.819891,386.5664325,3720,31.24128242,1727.013553,1543.6288,633.0518946,0.265043647,0.44555343,1221.549927
330,398.7697181,27486.4231,83.9241648,30.38364384,4.071472002,16.78483296,25.17724944,0.621109651,0.02922155,0.017738942,0.011482607,21.25519201,5649866.592,6782552.932,4069531.759,2855811.761,0.2,0.15,0.2,0.4,3170635.704,22847.31862,3741.37472,2185.311504,1309.162949,1093.978206,2077.026986,194.1355658,949.3068174,7356.617123,0.267645488,919.1044848,1148.880606,386.5793704,3720,31.4030262,1727.8167,1585.317852,638.4627448,0.265741501,0.445538519,1221.59081
300,398.7697181,27571.2708,91.85540392,31.78693825,4.239766459,18.37108078,27.55662118,0.564645137,0.026401536,0.016911778,0.009489758,21.386829,4773107.189,5730020.635,3724513.412,2111060.234,0.3,0.15,0.2,0.35,3104650.655,22954.29381,4028.987009,2185.311504,1432.885174,1088.512988,1825.690947,202.6987911,1037.091899,7203.51636,0.261268928,896.9769957,1121.221245,386.691143,3720,31.3731324,1728.404694,1552.325327,634.7003569,0.265385005,0.445409736,1221.944012
310,398.7697181,27341.21295,88.14237224,31.13785629,4.161901022,17.62847445,26.44271167,0.583466642,0.027363295,0.017230342,0.010132953,21.32296747,5005860.606,6009436.502,3906133.726,2214002.922,0.3,0.12,0.3,0.35,3080612.585,22721.23109,3884.403112,2185.311504,1374.96427,1079.329355,1909.471443,198.7400569,995.9950684,7147.742411,0.261427407,899.9818663,1124.977333,387.062494,3720,31.21694243,1726.995252,1540.306293,632.68839,0.265000769,0.444982406,1223.117481
300,398.7697181,27391.97963,91.22579891,31.67781223,4.226672881,18.24515978,27.36773967,0.564645137,0.026433576,0.016943818,0.009489758,21.36090586,4740390.853,5690745.322,3414447.193,2396103.293,0.1,0.2,0.3,0.4,3080346.762,22777.66213,3999.234379,2185.311504,1423.063741,1081.051807,1760.857968,202.033485,1030.123262,7147.12564,0.260920377,894.3175039,1117.89688,387.075255,3720,31.08024782,1727.33248,1540.173381,632.340166,0.264999534,0.444967736,1223.157806
290,398.7697181,28066.27427,96.70842703,32.61583507,4.339254444,19.34168541,29.01252811,0.545823633,0.025428643,0.016560991,0.008867652,21.46491396,4585179.316,5504416.946,3853091.862,1738236.93,0.1,0.15,0.4,0.3,3170945.678,23446.57609,4224.503707,2185.311504,1508.58921,1107.822429,1809.189531,207.7490523,1090.80646,7357.336336,0.262141539,899.6981858,1124.622732,387.8080897,3720,31.90087211,1731.957817,1585.472839,640.2955919,0.266412398,0.444126888,1225.473563
300,398.7697181,27002.56176,89.93657124,31.45317605,4.199722935,17.98731425,26.98097137,0.564645137,0.026500448,0.01701069,0.009489758,21.30700358,4673398.367,5610322.169,2805161.085,2952801.142,0.3,0.2,0.4,0.5,3018881.043,22393.69637,3938.418535,2185.311504,1402.952619,1065.773727,1632.873272,200.6636328,1015.853744,7004.510781,0.259401713,888.8653828,1111.081728,387.8574768,3720,30.46618785,1724.985325,1509.440521,627.1444173,0.264152439,0.444070336,1225.629627
310,398.7697181,27469.74352,88.53526198,31.20717677,4.170215099,17.7070524,26.56057859,0.583466642,0.027341928,0.017208975,0.010132953,21.33963056,5028173.953,6036223.232,4225356.263,1906175.758,0.3,0.12,0.2,0.3,3091976.564,22846.70353,3903.039201,2185.311504,1381.093097,1084.140522,1973.766252,199.1630125,1000.343677,7174.109503,0.261164051,903.0399807,1128.799976,388.0931333,3720,31.46266639,1728.123392,1545.988282,634.2301949,0.265300613,0.443800689,1226.374301
330,398.7697181,27912.98055,82.92925573,30.20301,4.049822381,16.58585115,24.87877672,0.621109651,0.029281823,0.017799215,0.011482607,21.21144089,5582888.225,6702146.729,4021288.037,2821956.517,0.3,0.15,0.1,0.4,3110721.494,23277.5778,4375.618819,2185.311504,1293.643008,1081.008936,2053.838204,193.0320485,938.294897,7217.602128,0.258575114,915.4027531,1144.253441,388.3797585,3720,31.80232006,1731.110721,1555.360747,644.2603238,0.266762519,0.443473163,1227.280037
290,398.7697181,27848.58379,95.96229186,32.48977086,4.324120085,19.19245837,28.78868756,0.545823633,0.025463205,0.016595553,0.008867652,21.4357792,4549803.252,5461948.682,3550266.643,2012296.883,0.2,0.15,0.4,0.35,3133967.043,23231.43912,4189.332708,2185.311504,1496.949982,1099.27503,1745.115811,206.9813422,1082.548036,7271.537245,0.261109768,897.1446654,1121.430832,388.6769259,3720,31.57436099,1730.7703,1566.983522,637.3612985,0.265949504,0.443134101,1228.219086
320,398.7697181,27138.09136,84.73489055,30.53004743,4.089021358,16.94697811,25.42046716,0.602288146,0.028350898,0.017553662,0.010797236,21.24405864,5245890.417,6297587.536,4093431.898,2320163.829,0.2,0.15,0.2,0.35,3056987.492,22513.17185,3751.766113,2185.311504,1321.809749,1071.074627,1995.664944,195.029754,958.2801473,7092.926663,0.261364242,904.9195029,1131.149379,388.84973,3720,31.0867219,1726.150558,1528.493746,631.0406844,0.264720864,0.442937173,1228.765147
330,398.7697181,27571.42249,84.9064312,30.56093492,4.092724099,16.98128624,25.47192936,0.621109651,0.029163301,0.017680693,0.011482607,21.29764593,5715993.841,6861937.384,3430968.692,3611545.992,0.1,0.2,0.3,0.5,3211039.406,22924.40834,3788.608116,2185.311504,1324.485672,1106.782677,1971.893231,195.2183811,960.1788053,7450.36317,0.270220485,927.0141439,1158.76768,388.9481976,3720,31.22949871,1729.026358,1605.519703,640.7946923,0.266139236,0.442825037,1229.076304
280,398.7697181,28376.58761,101.2621311,33.37489239,4.430406942,20.25242622,30.37863933,0.527002128,0.024516683,0.016250049,0.008266634,21.4956541,4367652.636,5243280.475,3670296.333,1655772.782,0.3,0.12,0.4,0.3,3200469.659,23755.59681,4402.591898,2185.311504,1579.624062,1119.987173,1728.091737,212.3688438,1141.208077,7425.838883,0.261688931,900.9907971,1126.238496,390.2746403,3720,32.12873896,1734.666614,1600.23483,643.4234861,0.267067879,0.441319989,1233.267863
320,398.7697181,27539.77758,86.01396511,30.75961014,4.116543132,17.20279302,25.80418953,0.602288146,0.028276744,0.017479508,0.010797236,21.29977011,5325077.219,6392649.723,4794487.292,1682276.243,0.1,0.12,0.3,0.25,3113639.38,22906.42464,3812.770291,2185.311504,1341.762488,1087.242908,2143.277254,196.431473,972.4372875,7224.372308,0.262325006,913.3529428,1141.691179,390.4226179,3720,31.7394375,1729.224004,1556.81969,636.3048423,0.265657206,0.44115272,1233.735473
330,398.7697181,27569.68221,83.87828164,30.375337,4.070476327,16.77565633,25.16348449,0.621109651,0.029224301,0.017741693,0.011482607,21.25319108,5646777.687,6778844.763,4745191.334,2140687.82,0.2,0.1,0.3,0.3,3152698.773,22926.885,3739.100511,2185.311504,1308.447201,1093.380089,2202.412823,194.0848246,948.7989702,7314.999244,0.265327659,922.7972093,1153.496512,390.4256118,3720,31.74047808,1729.421206,1576.349387,638.7223409,0.265950846,0.441149338,1233.744933
320,398.7697181,26974.4784,84.35710953,30.461914,4.080853965,16.87142191,25.30713286,0.602288146,0.02837319,0.017575954,0.010797236,21.22736812,5222502.202,6269510.447,3761706.268,2639793.872,0.3,0.15,0.2,0.4,3029938.35,22349.82383,3733.739621,2185.311504,1315.916608,1066.299247,1928.816931,194.6136395,954.0987656,7030.166322,0.260622883,904.6545666,1130.818208,390.5526267,3720,30.79855308,1725.54147,1514.969175,628.9624712,0.26441907,0.441005868,1234.1463
300,398.7697181,27259.33908,90.78673227,31.60148818,4.217515678,18.15734645,27.23601968,0.564645137,0.026456158,0.0169664,0.009489758,21.3426735,4717575.514,5663355.96,3398013.576,2384570.93,0.2,0.2,0.2,0.4,3042640.885,22643.52074,3978.445938,2185.311504,1416.214584,1075.848617,1752.887935,201.5681019,1025.263554,7059.639177,0.25898057,895.8183434,1119.772929,390.6061459,3720,30.94315383,1727.431323,1521.320442,630.283554,0.26477967,0.440945443,1234.315421
310,398.7697181,27064.59545,87.2552423,30.98076283,4.143061347,17.45104846,26.17657269,0.583466642,0.02741218,0.017279227,0.010132953,21.2849414,4955477.928,5948953.094,3569371.857,2504822.356,0.2,0.15,0.4,0.4,3027309.378,22445.3185,3842.265892,2185.311504,1361.125614,1068.465928,1835.895916,197.7814048,986.1760764,7024.066491,0.259529706,899.2769488,1124.096186,390.7685309,3720,30.81683592,1726.194371,1513.654689,628.8200324,0.264476397,0.440762207,1234.828558
300,398.7697181,27813.80457,92.65999885,31.9258514,4.256435529,18.53199977,27.79799966,0.564645137,0.026361163,0.016871405,0.009489758,21.41958359,4814916.572,5780211.972,4335158.979,1521108.414,0.2,0.12,0.3,0.25,3122024.707,23188.18815,4066.963858,2185.311504,1445.436337,1098.047903,1948.508837,203.5455543,1045.997371,7243.828228,0.260440035,905.6164181,1132.020523,391.2969031,3720,31.83686733,1731.26272,1561.012353,637.5569227,0.266026774,0.440167041,1236.498214
310,398.7697181,27237.73112,87.81048317,31.07917816,4.154863693,17.56209663,26.34314495,0.583466642,0.027381479,0.017248526,0.010132953,21.3088069,4987011.664,5986808.721,3891425.669,2205666.371,0.1,0.15,0.4,0.35,3050332.944,22614.70591,3868.571937,2185.311504,1369.787014,1075.265178,1902.694172,198.3820025,992.3216311,7077.486556,0.259841267,903.0252101,1128.781513,391.6663315,3720,31.10743726,1727.58073,1525.166472,631.0535705,0.264882924,0.439751866,1237.665608
290,398.7697181,27596.57579,95.10750863,32.34474602,4.306710998,19.02150173,28.53225259,0.545823633,0.025503399,0.016635747,0.008867652,21.40199585,4509275.921,5413296.424,3247977.854,2279282.705,0.1,0.2,0.4,0.4,3085973.478,22980.24346,4149.057671,2185.311504,1483.615914,1089.48301,1680.027344,206.0980029,1073.087066,7160.180937,0.259459035,896.3323332,1120.415416,391.726559,3720,31.21207386,1729.955531,1542.986739,633.8705125,0.265465975,0.439684254,1237.855927
290,398.7697181,27913.43234,96.18457252,32.52737766,4.328634756,19.2369145,28.85537176,0.545823633,0.025452858,0.016585206,0.008867652,21.44449297,4560342.113,5474600.375,3832220.263,1728821.171,0.2,0.15,0.3,0.3,3128114.174,23292.05644,4199.741511,2185.311504,1500.417417,1101.82138,1799.939652,207.2103751,1085.008298,7257.957219,0.260016652,901.3758996,1126.719874,391.7905067,3720,31.74299925,1732.051605,1564.057087,637.9454479,0.266159001,0.439612489,1238.058001
300,398.7697181,27624.36748,92.03155218,31.81740206,4.243421867,18.40631044,27.60946566,0.564645137,0.026392643,0.016902885,0.009489758,21.39403547,4782260.428,5741008.917,4018706.242,1812950.184,0.2,0.12,0.4,0.3,3093758.634,23001.24243,4037.219449,2185.311504,1435.632973,1090.600446,1882.499605,202.8845011,1039.041555,7178.244323,0.259851898,903.1250436,1128.906304,391.8382777,3720,31.53302961,1730.168701,1546.879317,635.0626308,0.265623794,0.439558894,1238.208958
330,398.7697181,27572.12269,84.19125386,30.43195348,4.077262634,16.83825077,25.25737616,0.621109651,0.029205589,0.017722982,0.011482607,21.26680772,5667847.32,6804138.439,4422689.985,2506787.846,0.1,0.12,0.4,0.35,3164090.446,22925.78174,3754.120502,2185.311504,1313.329366,1097.459882,2146.714431,194.4306472,952.2630307,7341.430591,0.2662628,926.3409518,1157.92619,392.1771607,3720,31.61564789,1729.918889,1582.045223,639.2520948,0.266066231,0.439179068,1239.279828
330,398.7697181,27427.04633,84.44463945,30.47771373,4.082747893,16.88892789,25.33339184,0.621109651,0.029190532,0.017707925,0.011482607,21.27777753,5684905.515,6824616.464,3412308.232,3591903.402,0.2,0.2,0.2,0.5,3170764.031,22779.21819,3766.311863,2185.311504,1317.282018,1100.762925,1961.837325,194.7101375,955.0675703,7356.914872,0.268235769,927.8281411,1159.785176,392.2493355,3720,31.08092554,1728.985761,1585.382016,638.5405785,0.265881531,0.439098258,1239.5079
290,398.7697181,27712.54066,95.50545602,32.41234358,4.314825344,19.1010912,28.6516368,0.545823633,0.025484606,0.016616954,0.008867652,21.41777831,4528143.565,5435946.656,3533365.327,2002717.189,0.3,0.15,0.3,0.35,3095189.362,23093.63962,4167.759953,2185.311504,1489.823637,1094.041719,1737.28967,206.509758,1077.491654,7181.563945,0.259144913,898.9010415,1123.626302,392.4353223,3720,31.43399595,1730.911542,1547.594681,635.2642158,0.265729856,0.438890156,1240.095619
300,398.7697181,27389.75143,91.21838713,31.67652535,4.226518479,18.24367743,27.36551614,0.564645137,0.026433956,0.016944198,0.009489758,21.36059914,4740005.713,5690282.968,3698683.929,2096420.041,0.1,0.2,0.2,0.35,3054517.309,22769.88015,3998.783706,2185.311504,1422.948122,1080.963973,1813.759279,202.0256387,1030.041226,7087.195261,0.258753544,899.8712737,1124.839092,392.5103674,3720,31.18365238,1728.812438,1527.258654,631.867678,0.265112676,0.438806244,1240.332761
320,398.7697181,27257.94711,85.10588699,30.59680959,4.097024808,17.0211774,25.5317661,0.602288146,0.028329182,0.017531946,0.010797236,21.26034385,5268858.603,6325160.387,4427612.271,1997419.07,0.1,0.12,0.4,0.3,3062911.996,22627.18343,3769.385152,2185.311504,1327.597054,1075.764247,2062.880884,195.437454,962.3864354,7106.672899,0.2607193,910.7636734,1138.454592,392.6136389,3720,31.32683699,1727.974208,1531.455998,632.4015484,0.265078496,0.438690822,1240.659099
330,398.7697181,28184.73684,83.61230539,30.32713899,4.064699344,16.72246108,25.08369162,0.621109651,0.029240303,0.017757695,0.011482607,21.24156031,5628871.875,6757349.19,4730144.433,2133899.744,0.2,0.12,0.2,0.3,3127831.876,23541.09697,4428.778702,2185.311504,1304.298143,1089.91292,2195.812189,193.7904009,945.8550738,7257.30222,0.257490508,923.6398638,1154.54983,392.6915201,3720,32.33062819,1734.076259,1563.915938,647.4200656,0.26745041,0.438603818,1240.905204
300,398.7697181,27367.63904,91.14519713,31.66381481,4.224993461,18.22903943,27.34355914,0.564645137,0.026437707,0.016947949,0.009489758,21.35756841,4736202.521,5685717.312,3695716.253,2094737.957,0.3,0.12,0.4,0.35,3048303.972,22747.64234,3995.319534,2185.311504,1421.806405,1080.09663,1812.388119,201.9481399,1029.231139,7072.778866,0.258435843,899.9967005,1124.995876,392.9776237,3720,31.16084352,1728.795581,1524.151986,631.5269491,0.265072518,0.438284497,1241.809291
320,398.7697181,27437.90257,85.69747378,30.70296747,4.109751899,17.13949476,25.70924213,0.602288146,0.028294906,0.01749767,0.010797236,21.28609835,5305483.415,6369127.749,4776845.812,1676086.25,0.2,0.1,0.3,0.25,3084729.422,22803.55786,3797.607228,2185.311504,1336.825427,1083.242264,2135.813579,196.0856535,968.9342766,7157.294437,0.260854284,914.3447128,1142.930891,393.030084,3720,31.63260344,1729.271797,1542.364711,634.7247008,0.265485118,0.438225996,1241.975065
310,398.7697181,27365.17348,88.21906291,31.15139952,4.16352532,17.64381258,26.46571887,0.583466642,0.02735911,0.017226158,0.010132953,21.32622854,5010216.092,6014665.176,4210265.623,1899367.95,0.1,0.15,0.3,0.3,3060299.84,22738.4263,3887.9304,2185.311504,1376.160595,1080.268477,1967.109039,198.8226935,996.8439013,7100.612087,0.259476231,906.7471882,1133.433985,393.264976,3720,31.35143775,1728.858393,1530.14992,632.5776827,0.265197573,0.437964249,1242.717324
330,398.7697181,27594.12577,82.32960721,30.09361526,4.03671261,16.46592144,24.69888216,0.621109651,0.029318788,0.017836181,0.011482607,21.18469726,5542519.23,6653684.55,3326842.275,3501939.237,0.3,0.15,0.4,0.5,3063155.976,22956.71822,4328.402184,2185.311504,1284.288877,1073.192142,1915.741729,192.3635996,931.6578263,7107.238992,0.257563477,917.4075555,1146.759444,393.5918063,3720,31.22013679,1730.452371,1531.577988,640.287213,0.26624239,0.437600573,1243.750108
300,398.7697181,27539.23053,91.74906487,31.76853339,4.237558065,18.34981297,27.52471946,0.564645137,0.02640692,0.016917162,0.009489758,21.38246879,4767581.463,5723387.111,4006370.978,1807385.403,0.3,0.1,0.4,0.3,3069772.163,22915.22451,4023.824309,2185.311504,1431.226353,1087.252809,1877.044562,202.5865896,1035.91491,7122.590095,0.258634318,904.0060124,1130.007516,394.0273068,3720,31.44462217,1730.211666,1534.886082,633.7474729,0.265480922,0.437116913,1245.126289
300,398.7697181,27127.96457,90.35177274,31.52569587,4.20842277,18.07035455,27.10553182,0.564645137,0.026478723,0.016988965,0.009489758,21.32448495,4694973.595,5636222.803,3381733.682,2373146.443,0.3,0.2,0.1,0.4,3005293.369,22510.66098,3957.868852,2185.311504,1409.429495,1070.694099,1744.990447,201.1059123,1020.449306,6972.984196,0.257040449,897.3035863,1121.629483,394.1027794,3720,30.80723357,1727.528441,1502.646684,628.2447577,0.264561612,0.437033203,1245.364783
310,398.7697181,26926.86535,86.8133457,30.90221356,4.133642055,17.36266914,26.04400371,0.583466642,0.027436868,0.017303915,0.010132953,21.26578896,4930381.34,5918825.138,3551295.083,2492136.9,0.3,0.15,0.3,0.4,2987959.113,22306.07746,3821.270985,2185.311504,1354.232311,1063.054646,1827.149374,197.3019832,981.2850463,6932.764665,0.257466459,900.7878903,1125.984863,394.4267014,3720,30.673798,1726.293093,1493.979557,626.6748389,0.264246571,0.436674291,1246.388376
320,398.7697181,27034.07285,84.54374227,30.49559255,4.084891074,16.90874845,25.36312268,0.602288146,0.028362155,0.017564919,0.010797236,21.23562726,5234056.533,6283381.192,4084197.775,2314929.913,0.3,0.15,0.1,0.35,3019338.551,22404.41391,3742.558834,2185.311504,1318.827958,1068.658397,1991.420182,194.8193312,956.1644669,7005.572306,0.259138619,909.6589403,1137.073675,394.4556398,3720,30.97700627,1727.007296,1509.669275,629.4121144,0.264634184,0.436642255,1246.479822
330,398.7697181,27473.98925,83.88492446,30.37653978,4.070620494,16.77698489,25.16547734,0.621109651,0.029223902,0.017741295,0.011482607,21.25348087,5647224.889,6779381.62,4406598.053,2497666.913,0.2,0.1,0.4,0.35,3136600.15,22826.99181,3739.347915,2185.311504,1308.550825,1093.466683,2139.345496,194.0921716,948.8724947,7277.64667,0.264892244,926.9974402,1158.7468,394.4808169,3720,31.51335011,1729.907837,1568.300075,637.7249847,0.26589349,0.436614387,1246.559381
320,398.7697181,27336.97649,85.35044447,30.64073904,4.102291307,17.07008889,25.60513334,0.602288146,0.02831496,0.017517724,0.010797236,21.27102223,5283999.022,6343336.16,4757502.12,1669298.99,0.2,0.12,0.2,0.25,3058073.706,22702.49615,3781.008896,2185.311504,1331.411994,1078.855602,2127.628252,195.705699,965.0932632,7095.446936,0.259554927,914.4803333,1143.100417,394.962726,3720,31.52679573,1729.139887,1529.036853,633.1593038,0.265294504,0.436081657,1248.082214
320,398.7697181,27165.13487,84.81842986,30.54509336,4.090825028,16.96368597,25.44552896,0.602288146,0.028345993,0.017548757,0.010797236,21.24773476,5251062.29,6303796.267,4412657.387,1990672.505,0.2,0.1,0.4,0.3,3036419.653,22533.42838,3755.637275,2185.311504,1323.112908,1072.130614,2056.29861,195.1216392,959.2047828,7045.204462,0.259347303,911.7064846,1139.633106,395.0232515,3720,31.22966803,1728.0262,1518.209827,630.9579561,0.264922214,0.436014841,1248.273475
290,398.7697181,27469.59931,94.67169654,32.2705541,4.297805492,18.93433931,28.40150896,0.545823633,0.025524143,0.016656491,0.008867652,21.38460158,4488613.021,5388491.021,3233094.613,2268838.325,0.2,0.2,0.3,0.4,3050187.099,22851.84753,4128.513078,2185.311504,1476.817526,1084.49054,1672.790099,205.6460362,1068.263381,7077.148161,0.257635653,897.7517734,1122.189717,395.0636315,3720,31.08136303,1730.039264,1525.09355,631.9093177,0.26525513,0.435970275,1248.401076
330,398.7697181,27284.30552,83.98816455,30.39522676,4.072860368,16.79763291,25.19644937,0.621109651,0.029217717,0.01773511,0.011482607,21.2579803,5654175.125,6787725.24,3393862.62,3572486.969,0.3,0.2,0.1,0.5,3130932.06,22635.66923,3744.293389,2185.311504,1310.161304,1094.812483,1951.894224,194.2063177,950.0151837,7264.495373,0.266251797,928.6362916,1160.795365,395.5162699,3720,30.93387671,1728.945763,1565.46603,636.3098063,0.265626516,0.43547134,1249.831413
300,398.7697181,27452.44157,91.4258403,31.71252502,4.230837815,18.28516806,27.42775209,0.564645137,0.026423353,0.016933595,0.009489758,21.36917041,4750785.658,5703224.079,3992256.855,1801018.13,0.3,0.12,0.3,0.3,3047309.492,22828.3898,4008.523463,2185.311504,1426.184258,1083.422412,1870.801835,202.2451286,1032.337373,7070.471439,0.257553465,904.0517607,1130.064701,395.5965164,3720,31.35467467,1730.073073,1523.654746,632.4078077,0.265314909,0.435383005,1250.084992
310,398.7697181,27086.71017,87.32607526,30.99333522,4.144569027,17.46521505,26.19782258,0.583466642,0.027408244,0.017275291,0.010132953,21.28799826,4959500.737,5953782.397,3869958.558,2193498.778,0.2,0.15,0.3,0.35,3007332.851,22462.05671,3845.533853,2185.311504,1362.230562,1069.333319,1892.800093,197.8581348,986.9600745,6977.716272,0.257606635,904.6534616,1130.816827,395.6487155,3720,30.95021482,1727.681981,1503.666425,628.7060425,0.264630659,0.435325563,1250.249941
330,398.7697181,27390.51891,83.62439199,30.32933088,4.064962058,16.7248784,25.0873176,0.621109651,0.029239573,0.017756966,0.011482607,21.24209001,5629685.558,6758326,4392911.9,2489909.579,0.2,0.12,0.3,0.35,3113182.685,22742.89173,3726.790106,2185.311504,1304.486686,1090.070476,2133.077184,193.8037908,945.9888514,7223.312667,0.263715802,927.6271856,1159.533982,396.5097544,3720,31.42621032,1729.917275,1556.591342,636.4242437,0.265748472,0.434380234,1252.970824
320,398.7697181,26808.73392,83.83766723,30.36798215,4.069594764,16.76753345,25.15130017,0.602288146,0.028404138,0.017606902,0.010797236,21.20423969,5190343.816,6230904.941,3738542.965,2623538.923,0.1,0.2,0.2,0.4,2981788.006,22180.49314,3708.907928,2185.311504,1307.813642,1059.733185,1917.639597,194.0398978,948.3494391,6918.446252,0.258066877,908.2407807,1135.300976,396.7402732,3720,30.62403024,1726.150604,1490.894003,626.3457505,0.264193611,0.434127845,1253.699263
320,398.7697181,27086.08665,84.57354933,30.5009679,4.085535437,16.91470987,25.3720648,0.602288146,0.028360396,0.01756316,0.010797236,21.23694386,5235901.872,6285596.484,4399917.539,1984925.206,0.2,0.12,0.3,0.3,3013826.959,22453.50918,3743.930861,2185.311504,1319.292929,1069.035177,2050.690413,194.8521602,956.4943795,6992.784123,0.25816886,912.5774648,1140.721831,397.1420922,3720,31.14678833,1728.08854,1506.913479,629.7267375,0.264790945,0.433688605,1254.969011
320,398.7697181,26786.32614,83.7674456,30.35526152,4.068070064,16.75348912,25.13023368,0.602288146,0.028408348,0.017611112,0.010797236,21.20109696,5185996.434,6225685.995,3735411.597,2621341.471,0.3,0.12,0.4,0.4,2975443.675,22157.98908,3705.559779,2185.311504,1306.71823,1058.845541,1916.128296,193.9621934,947.5722072,6903.725919,0.257733214,908.3370545,1135.421318,397.1985598,3720,30.60079871,1726.128862,1487.721838,625.9973492,0.264152043,0.43362695,1255.147449
280,398.7697181,27973.27359,99.83089187,33.13819263,4.401977905,19.96617837,29.94926756,0.527002128,0.024577951,0.016311317,0.008266634,21.44206914,4305920.223,5169171.936,3359961.758,1904431.766,0.3,0.15,0.4,0.35,3110450.547,23351.12719,4335.320635,2185.311504,1557.297652,1104.156881,1656.881967,210.9287374,1125.366738,7216.973468,0.257995313,902.1464031,1127.683004,397.5101037,3720,31.61599986,1734.016583,1555.225274,637.6145339,0.266342512,0.4332871,1256.131928
320,398.7697181,27237.03096,85.04095334,30.58513506,4.095625235,17.00819067,25.512286,0.602288146,0.02833297,0.017535734,0.010797236,21.25750103,5264838.596,6320334.449,4740250.837,1663245.908,0.3,0.1,0.2,0.25,3029643.431,22601.54922,3766.200536,2185.311504,1326.584131,1074.943446,2120.327014,195.3661634,961.6677323,7029.482042,0.258085474,915.4817389,1144.352174,397.5436014,3720,31.42182194,1729.192316,1514.821716,631.606904,0.265126052,0.43325059,1256.23778
320,398.7697181,26988.23684,84.40007424,30.46967044,4.081783733,16.88001485,25.32002227,0.602288146,0.028370646,0.01757341,0.010797236,21.22927182,5225162.124,6272703.63,4077257.36,2310996.074,0.2,0.12,0.4,0.35,3005467.555,22356.16814,3735.661033,2185.311504,1316.58683,1066.842347,1988.22948,194.6610128,954.5743106,6973.388348,0.258386214,912.0686957,1140.08587,397.5472218,3720,30.92720598,1727.555551,1502.733777,628.669175,0.264612321,0.433246645,1256.249221
310,398.7697181,27201.13085,87.6929933,31.05837932,4.152369343,17.53859866,26.30789799,0.583466642,0.027387946,0.017254993,0.010132953,21.3037753,4980339.074,5978798.409,4185158.886,1888041.603,0.2,0.15,0.2,0.3,3013749.903,22572.64243,3862.892634,2185.311504,1367.954247,1073.826445,1956.03065,198.2550808,991.0212217,6992.605334,0.257070391,908.488416,1135.61052,397.5632045,3720,31.18018915,1728.961524,1506.874951,630.0319735,0.264923263,0.433229228,1256.299726
290,398.7697181,27329.54653,94.15407306,32.18221253,4.287202134,18.83081461,28.24622192,0.545823633,0.025549007,0.016681355,0.008867652,21.36379077,4464071.246,5359029.106,3215417.464,2256433.308,0.3,0.2,0.2,0.4,3012756.889,22711.15837,4104.15176,2185.311504,1468.742933,1078.560877,1664.191959,205.1078121,1062.534185,6990.301309,0.255778167,898.3881631,1122.985204,398.0076213,3720,30.93745756,1729.928353,1506.378444,629.7470186,0.26499984,0.432745482,1257.704083
290,398.7697181,27552.15821,94.95504123,32.31880959,4.303597711,18.99100825,28.48651237,0.545823633,0.025510637,0.016642985,0.008867652,21.39592368,4502047.075,5404618.337,3513001.919,1991175.177,0.1,0.2,0.3,0.35,3049419.734,22929.81986,4141.767132,2185.311504,1481.23752,1087.736411,1727.857851,205.940007,1071.399516,7075.367693,0.256799037,902.3383451,1127.922931,398.247809,3720,31.26683687,1731.457161,1524.709867,632.7666463,0.265510646,0.432484489,1258.463077
280,398.7697181,28127.6627,100.3788508,33.22901381,4.412885581,20.07577016,30.11365523,0.527002128,0.024554309,0.016287675,0.008266634,21.46271485,4329554.864,5197544.855,3638281.399,1641329.954,0.2,0.15,0.4,0.3,3130546.589,23502.27969,4360.987404,2185.311504,1565.845458,1110.217606,1713.867703,211.4813564,1131.431694,7263.600991,0.25823692,905.3830039,1131.728755,398.3126259,3720,31.87121239,1735.248419,1565.273295,639.5881452,0.266702495,0.432414111,1258.667898
300,398.7697181,27018.43477,89.989068,31.46235446,4.200823996,17.9978136,26.9967204,0.564645137,0.026497691,0.017007933,0.009489758,21.30922034,4676126.27,5613596.963,3368158.178,2363619.774,0.3,0.15,0.4,0.4,2973517.972,22398.39007,3940.695969,2185.311504,1403.771535,1066.395843,1738.40334,200.719612,1016.434792,6899.257837,0.25535372,900.0446976,1125.055872,398.4798051,3720,30.69234224,1728.01091,1486.758986,626.5219824,0.264422322,0.432232695,1259.196184
330,398.7697181,27513.11193,84.00676247,30.39859186,4.073263722,16.80135249,25.20202874,0.621109651,0.029216604,0.017733997,0.011482607,21.25878998,5655427.157,6789228.28,4752459.796,2143966.825,0.3,0.1,0.2,0.3,3118107.743,22861.23942,3745.133518,2185.311504,1310.451419,1095.054919,2205.600924,194.2268724,950.2210305,7234.739955,0.262956076,931.8725165,1164.840646,398.5675121,3720,31.67940671,1731.288636,1559.053871,637.8260248,0.266059906,0.43213758,1259.473338
280,398.7697181,27780.61416,99.14694761,33.02448219,4.388322074,19.82938952,29.74408428,0.527002128,0.02460779,0.016341156,0.008266634,21.41606904,4276420.241,5133757.793,3080254.676,2161582.229,0.2,0.2,0.4,0.4,3078984.825,23160.25584,4303.274506,2185.311504,1546.628562,1096.592086,1598.364363,210.2367503,1117.796659,7143.965627,0.257156504,900.3583194,1125.447899,398.6957826,3720,31.32101412,1733.079671,1539.492413,635.0317435,0.265947237,0.43199855,1259.878673
310,398.7697181,26937.33683,86.84683701,30.90817379,4.134356761,17.3693674,26.0540511,0.583466642,0.027434989,0.017302036,0.010132953,21.2672455,4932283.409,5921108.534,3848720.547,2181461.039,0.3,0.15,0.2,0.35,2964800.619,22311.07479,3822.763258,2185.311504,1354.754754,1063.464767,1883.008868,197.338363,981.6557371,6879.031536,0.255371627,906.2620355,1132.827544,399.5867332,3720,30.79453092,1727.781053,1482.400309,626.3817534,0.26438076,0.431035331,1262.694077
320,398.7697181,26902.49111,84.13137575,30.42112972,4.075965224,16.82627515,25.23941272,0.602288146,0.028386596,0.01758936,0.010797236,21.21734286,5208527.148,6252733.671,4064276.886,2303638.721,0.3,0.1,0.4,0.35,2981086.116,22269.62078,3722.829992,2185.311504,1312.395306,1063.445836,1982.261263,194.3645361,951.6002836,6916.817702,0.25710696,912.8703214,1141.087902,399.7223633,3720,30.83761951,1727.588721,1490.543058,627.3320678,0.264465884,0.430889077,1263.122668
310,398.7697181,26757.48764,86.23465058,30.79904473,4.121271363,17.24693012,25.87039517,0.583466642,0.027469545,0.017336592,0.010132953,21.24049165,4897515.568,5879370.429,3527622.258,2475524.391,0.1,0.2,0.3,0.4,2940852.586,22134.01451,3793.791966,2185.311504,1345.20504,1055.968189,1815.691618,196.6722158,974.8798935,6823.466494,0.255011479,903.4731236,1129.341405,399.9052285,3720,30.49631402,1726.682969,1470.426293,624.0105177,0.263991143,0.430692043,1263.700522
330,398.7697181,28042.33293,83.57690384,30.32071804,4.06392975,16.71538077,25.07307115,0.621109651,0.029242439,0.017759832,0.011482607,21.24000815,5626488.604,6754488.12,4390417.278,2488495.623,0.3,0.1,0.3,0.35,3092931.786,23391.38594,4425.409975,2185.311504,1303.745901,1089.451438,2131.934533,193.7511762,945.4632399,7176.325842,0.255910443,930.9469952,1163.683744,400.0014788,3720,32.05521091,1735.154084,1546.465893,645.6972075,0.26737797,0.430588408,1264.004673
300,398.7697181,27345.50228,91.07188085,31.65107722,4.223465212,18.21437617,27.32156425,0.564645137,0.02644147,0.016951712,0.009489758,21.35452891,4732392.767,5681143.778,3976800.645,1794045.404,0.1,0.15,0.4,0.3,3016296.447,22718.37258,3991.723689,2185.311504,1420.662718,1079.22779,1863.964247,201.8704749,1028.419655,6998.513913,0.255929251,907.1297082,1133.912135,400.2591986,3720,31.24157183,1730.652418,1508.148223,630.7258256,0.265191079,0.43031116,1264.819068
310,398.7697181,26364.95077,84.97863496,30.57392655,4.09428154,16.99572699,25.49359049,0.583466642,0.027541855,0.017408902,0.010132953,21.18472557,4826182.803,5793736.858,2896868.429,3049335.189,0.3,0.2,0.4,0.5,2879292.35,21747.22342,3734.460997,2185.311504,1325.612004,1040.587558,1682.799296,195.2977174,960.9779758,6680.632333,0.253390662,897.7273487,1122.159186,400.5374543,3720,29.86957101,1724.264793,1439.646175,618.7594976,0.263129865,0.43001222,1265.698355
330,398.7697181,27422.99631,83.72547751,30.34765646,4.067158527,16.7450955,25.11764325,0.621109651,0.029233483,0.017750875,0.011482607,21.2465158,5636490.746,6766495.493,4736546.845,2136788.05,0.3,0.12,0.1,0.3,3092926.363,22770.46068,3731.572683,2185.311504,1306.063555,1091.38819,2198.620862,193.915737,947.107693,7176.313258,0.261689612,932.5356303,1165.669538,400.7416465,3720,31.58496451,1731.294449,1546.463181,636.4234339,0.265903043,0.429793114,1266.343603
320,398.7697181,27274.48775,83.45484925,30.29856996,4.061275187,16.69096985,25.03645478,0.602288146,0.028427169,0.017629933,0.010797236,21.18706004,5166643.766,6202453.5,3721472.1,2611559.368,0.2,0.2,0.1,0.4,2942247.077,22644.0814,4288.405507,2185.311504,1301.841928,1054.894137,1909.399834,193.6158737,944.112307,6826.70204,0.250296251,910.406358,1138.007948,400.8360012,3720,31.0699887,1730.344069,1471.123539,632.8753777,0.265397852,0.429691943,1266.641764
320,398.7697181,27048.97259,84.59029002,30.50398646,4.085897285,16.918058,25.37708701,0.602288146,0.028359409,0.017562173,0.010797236,21.23768301,5236938.278,6286840.67,4400788.469,1985318.106,0.3,0.1,0.3,0.3,2995329.47,22412.39799,3744.660535,2185.311504,1319.554073,1069.246789,2051.073829,194.8705954,956.6796698,6949.865618,0.256936399,916.5746016,1145.718252,400.9463757,3720,31.10699304,1728.890306,1497.664735,629.1411931,0.264815228,0.429573655,1266.990547
300,398.7697181,27126.52254,90.34695577,31.52485549,4.208321951,18.06939115,27.10408673,0.564645137,0.026478974,0.016989216,0.009489758,21.3242828,4694723.289,5635922.316,3663349.505,2076392.432,0.2,0.15,0.4,0.35,2979235.741,22502.09022,3957.513506,2185.311504,1409.354353,1070.637015,1797.430001,201.1007873,1020.39599,6912.524399,0.254825306,904.4323198,1130.5404,401.057038,3720,30.90889271,1729.431303,1489.617871,627.7642333,0.264721346,0.429455124,1267.34024
320,398.7697181,26853.80654,83.978806,30.39353329,4.072657382,16.7957612,25.1936418,0.602288146,0.028395695,0.017598459,0.010797236,21.21054465,5199081.639,6241394.525,4056906.441,2299461.141,0.1,0.2,0.1,0.35,2967158.95,22220.28938,3715.544236,2185.311504,1310.015316,1061.517263,1978.872022,194.1959735,949.9116008,6884.503416,0.256369741,913.5171562,1141.896445,401.1440691,3720,30.78654068,1727.658776,1483.579475,626.5697762,0.264388143,0.429361951,1267.615258
320,398.7697181,26829.44847,83.90247458,30.37971725,4.071001353,16.78049492,25.17074237,0.602288146,0.028400258,0.017603022,0.010797236,21.20713669,5194356.003,6235721.492,4053218.97,2297371.076,0.3,0.12,0.3,0.35,2960287.697,22195.8317,3711.903868,2185.311504,1308.824595,1060.552388,1977.176251,194.1115808,949.0667441,6868.560501,0.256008263,913.6167721,1142.020965,401.6373102,3720,30.76119669,1727.633825,1480.143849,626.191514,0.264342861,0.428834662,1269.1739
330,398.7697181,27591.03375,84.95694498,30.57002445,4.093813753,16.991389,25.48708349,0.621109651,0.029160338,0.017677731,0.011482607,21.29980962,5719394.483,6866019.788,4119611.873,2890955.7,0.2,0.12,0.4,0.4,3156194.404,22930.67022,3790.8146,2185.311504,1325.273655,1107.441157,2101.083539,195.2738885,960.7379052,7323.109926,0.265416294,940.3635269,1175.454409,401.6769387,3720,31.50348189,1732.655404,1578.097202,640.03385,0.266461345,0.428792354,1269.299126
290,398.7697181,27415.09432,94.48458304,32.23864782,4.29397581,18.89691661,28.34537491,0.545823633,0.025533103,0.016665451,0.008867652,21.37709783,4479741.52,5377840.96,3495596.624,1981309.827,0.2,0.2,0.2,0.35,3010908.625,22791.25131,4119.596739,2185.311504,1473.898676,1082.347051,1719.793924,205.4516536,1066.192358,6986.012906,0.254823595,903.8430164,1129.80377,401.8234461,3720,31.12521619,1731.540005,1505.454313,630.6505864,0.265282308,0.428636013,1269.76209
330,398.7697181,27555.73112,82.44980118,30.11557426,4.039344061,16.48996024,24.73494035,0.621109651,0.02931134,0.017828732,0.011482607,21.19008064,5550610.82,6663398.343,3331699.172,3507051.76,0.1,0.2,0.4,0.5,3035617.486,22909.20159,4337.108703,2185.311504,1286.163825,1074.758945,1918.363005,192.4977871,932.9881654,7043.343248,0.25560357,926.5295305,1158.161913,401.8238765,3720,31.17583517,1732.464008,1517.808743,639.652151,0.266396984,0.428635554,1269.76345
280,398.7697181,27660.02256,98.71875367,32.95309227,4.379749135,19.74375073,29.6156261,0.527002128,0.02462666,0.016360026,0.008266634,21.39965907,4257951.32,5111586.218,3066951.731,2152246.829,0.3,0.2,0.3,0.4,3045249.207,23038.30849,4283.18375,2185.311504,1539.949012,1091.856029,1591.877238,209.8022521,1113.057294,7065.691094,0.25544777,901.7140701,1127.142588,401.8422594,3720,31.19734481,1733.153728,1522.624603,633.1761386,0.265747163,0.428615946,1269.82154
280,398.7697181,27983.6109,99.86757144,33.14427984,4.402708963,19.97351429,29.96027143,0.527002128,0.024576361,0.016309727,0.008266634,21.44345624,4307502.291,5171071.178,3619749.824,1632969.846,0.3,0.15,0.3,0.3,3090486.346,23356.64942,4336.951337,2185.311504,1557.86983,1104.562577,1705.631375,210.9657783,1125.772717,7170.651848,0.256244695,906.9614789,1133.701849,402.029668,3720,31.72290172,1735.327149,1545.243173,637.3795139,0.2664633,0.428416144,1270.413751
290,398.7697181,27570.05061,95.01642889,32.32925483,4.304851502,19.00328578,28.50492867,0.545823633,0.02550772,0.016640068,0.008867652,21.3983702,4504957.611,5408112.379,3785678.665,1707824.962,0.3,0.12,0.4,0.3,3030656.284,22943.00781,4144.571282,2185.311504,1482.195128,1088.43964,1779.30429,206.0036365,1072.078971,7031.832096,0.255053289,907.0427977,1133.803497,402.5436219,3720,31.38596148,1732.75596,1515.328142,632.6321512,0.265641401,0.427869157,1272.037845
320,398.7697181,26609.06576,83.70238401,30.34347087,4.066656846,16.7404768,25.1107152,0.602288146,0.028412255,0.017615019,0.010797236,21.19818173,5181968.506,6220850.548,3110425.274,3274131.867,0.2,0.2,0.4,0.5,2949945.627,21975.52619,3702.369785,2185.311504,1305.703311,1058.023124,1798.720718,193.8901685,946.8520881,6844.564478,0.257226787,913.5395629,1141.924454,402.6009435,3720,30.17759762,1726.444876,1474.972814,624.1366963,0.263978575,0.427808237,1272.218982
280,398.7697181,27818.98692,99.2831732,33.04716183,4.391045665,19.85663464,29.78495196,0.527002128,0.024601817,0.016335183,0.008266634,21.42126826,4282295.943,5140811.456,3341527.446,1893983.168,0.1,0.2,0.4,0.35,3066763.571,23193.58775,4309.566384,2185.311504,1548.753593,1098.098815,1648.32148,210.3747761,1119.304441,7115.609457,0.25578248,905.399166,1131.748958,403.0092282,3720,31.45597696,1734.51748,1533.381786,635.2228563,0.266130171,0.427374829,1273.509161
320,398.7697181,26969.47508,84.34117923,30.4590376,4.08050917,16.86823585,25.30235377,0.602288146,0.028374134,0.017576898,0.010797236,21.22666191,5221515.966,6268326.49,4387828.543,1979471.523,0.3,0.12,0.2,0.3,2972776.792,22332.10272,3732.759148,2185.311504,1315.668105,1066.097878,2045.367997,194.5960714,953.9224448,6897.538126,0.255753518,917.3723603,1146.71545,403.0159877,3720,31.02358684,1728.935812,1486.388396,627.9021831,0.264681193,0.427367661,1273.530521
310,398.7697181,26623.31837,85.80535622,30.722287,4.1120682,17.16107124,25.74160687,0.583466642,0.027494044,0.017361091,0.010132953,21.22156503,4873134.698,5850101.678,3510061.007,2463200.707,0.2,0.2,0.2,0.4,2902440.74,21998.3503,3773.436251,2185.311504,1338.508324,1050.711233,1807.189285,196.2036078,970.1283484,6734.342018,0.25294901,904.9680718,1131.21009,403.486146,3720,30.35664342,1726.782382,1451.22037,621.9164504,0.263767136,0.426869675,1275.016221
330,398.7697181,27502.2837,84.68365603,30.52081612,4.087914742,16.93673121,25.40509681,0.621109651,0.029176404,0.017693797,0.011482607,21.288081,5700996.372,6843933.22,4106359.932,2881656.093,0.3,0.1,0.4,0.4,3131013.25,22841.20155,3777.611913,2185.311504,1321.010523,1103.878659,2094.719283,194.9733775,957.7130699,7264.683753,0.264148382,941.0821548,1176.352694,403.8612385,3720,31.41132527,1732.673234,1565.506625,638.6515871,0.266308114,0.426473213,1276.201514
300,398.7697181,26870.14898,89.49793625,31.37638122,4.190510751,17.89958725,26.84938087,0.564645137,0.026523596,0.017033838,0.009489758,21.28840786,4650605.458,5582959.734,3349775.84,2350719.888,0.1,0.2,0.4,0.4,2930670.482,22246.80699,3917.468742,2185.311504,1396.110195,1060.575655,1729.48162,200.1952323,1010.998814,6799.841627,0.253063042,903.3419906,1129.177488,404.0040364,3720,30.53704627,1728.552969,1465.335241,624.1934819,0.264221698,0.426322473,1276.652755
300,398.7697181,27191.37897,90.56166156,31.56229201,4.212813198,18.11233231,27.16849847,0.564645137,0.02646781,0.016978052,0.009489758,21.33327763,4705880.104,5649315.852,3954521.096,1783994.479,0.2,0.15,0.3,0.3,2972768.724,22562.57552,3967.576821,2185.311504,1412.703626,1073.181401,1854.105807,201.3290856,1022.772411,6897.519405,0.253665672,908.8034455,1136.004307,404.2940431,3720,31.0810957,1730.748274,1486.384362,628.3391889,0.264933816,0.426016665,1277.569176
310,398.7697181,27182.43154,87.63288768,31.04773364,4.15109265,17.52657754,26.2898663,0.583466642,0.02739126,0.017258307,0.010132953,21.30119742,4976925.502,5974700.483,4481025.362,1572289.601,0.2,0.12,0.3,0.25,2981655.756,22547.15707,3859.917236,2185.311504,1367.016638,1073.090417,2010.461686,198.1901157,990.3559567,6918.1394,0.254507747,915.2744615,1144.093077,404.4629863,3720,31.26935455,1730.735857,1490.827878,629.2657271,0.265036475,0.425838719,1278.103037
300,398.7697181,26985.59184,89.88026618,31.44332883,4.198541649,17.97605324,26.96407985,0.564645137,0.026503408,0.01701365,0.009489758,21.30462393,4670472.572,5606809.81,3644426.377,2065666.772,0.3,0.15,0.3,0.35,2939303.132,22359.60571,3935.455276,2185.311504,1402.074296,1065.10648,1788.681652,200.6035738,1015.230545,6819.871398,0.252722691,905.9861304,1132.482663,404.770384,3720,30.7624282,1729.524427,1469.651566,625.5769962,0.26448617,0.425515321,1279.074413
310,398.7697181,26991.62268,87.02088333,30.93912922,4.138068752,17.40417667,26.106265,0.583466642,0.027425245,0.017292292,0.010132953,21.27480159,4942168.003,5932974.793,4153082.355,1873570.987,0.2,0.12,0.4,0.3,2953474.741,22358.97203,3830.90767,2185.311504,1357.469764,1065.596065,1941.872084,197.5273028,983.5821284,6852.752848,0.253884434,912.6506435,1140.813304,404.9404309,3720,30.95927302,1729.610916,1476.737371,626.7486548,0.264627464,0.425336634,1279.611762
330,398.7697181,27449.22189,84.51392453,30.49021433,4.08424637,16.90278491,25.35417736,0.621109651,0.029186429,0.017703822,0.011482607,21.28076866,5689569.862,6830215.921,4098129.553,2875880.388,0.1,0.2,0.1,0.4,3116256.57,22787.69108,3769.415875,2185.311504,1318.362821,1101.6661,2090.766108,194.7864844,955.8344362,7230.444801,0.263411649,941.530808,1176.91351,405.2201815,3720,31.35606042,1732.698333,1558.128285,637.8221888,0.266217789,0.425042996,1280.495773
320,398.7697181,27029.11525,84.39680715,30.4690807,4.08171304,16.87936143,25.31904215,0.602288146,0.028370839,0.017573603,0.010797236,21.22912711,5224959.86,6272460.817,4704345.613,1650647.583,0.1,0.15,0.2,0.25,2969444.243,22389.05415,3735.366555,2185.311504,1316.535865,1066.801049,2105.126879,194.6574109,954.5381496,6889.805831,0.254903121,920.0610976,1150.076372,405.3446944,3720,31.20074969,1729.969031,1484.722121,628.3380822,0.26484618,0.424912432,1280.889234
310,398.7697181,26754.92822,86.22626976,30.79754807,4.12109191,17.24525395,25.86788093,0.583466642,0.027470021,0.017337068,0.010132953,21.24012347,4897039.597,5878799.036,3821219.373,2165873.329,0.1,0.2,0.2,0.35,2914099.457,22125.73281,3793.294624,2185.311504,1345.074304,1055.865561,1870.326101,196.6630791,974.7871323,6761.392971,0.252715796,909.195407,1136.494259,405.5140285,3720,30.60261889,1728.208453,1457.049728,623.5148641,0.264106797,0.424734998,1281.42433
330,398.7697181,27422.58176,84.42874089,30.47484454,4.082403959,16.88574818,25.32862227,0.621109651,0.029191475,0.017708867,0.011482607,21.27709065,5683835.206,6823331.58,4093998.948,2872981.718,0.3,0.12,0.3,0.4,3108945.866,22761.05573,3765.307588,2185.311504,1317.034011,1100.555677,2088.781962,194.6926139,954.8916007,7213.482256,0.263048983,941.5260282,1176.907535,405.6782369,3720,31.3285306,1732.64924,1554.472933,637.4089823,0.266165871,0.424563076,1281.943228
310,398.7697181,26732.4965,86.15450936,30.78473003,4.119555005,17.23090187,25.84635281,0.583466642,0.027474102,0.017341149,0.010132953,21.23696883,4892964.116,5873906.502,3818039.226,2164070.816,0.3,0.12,0.4,0.35,2907753.956,22103.18273,3789.893177,2185.311504,1343.954888,1054.986814,1868.859208,196.584828,973.992869,6746.669923,0.252377099,909.3137748,1136.642219,405.9846264,3720,30.57931555,1728.189894,1453.876978,623.1670177,0.264065648,0.424242665,1282.91142
280,398.7697181,27688.03048,98.81819556,32.96968534,4.381741698,19.76363911,29.64545867,0.527002128,0.024622265,0.016355631,0.008266634,21.4034792,4262240.461,5116735.248,3325877.911,1885112.986,0.2,0.2,0.3,0.35,3030236.878,23061.1846,4287.746108,2185.311504,1541.500241,1092.95591,1641.052258,209.9032456,1114.157944,7030.858977,0.253931351,906.8458822,1133.557353,406.4011614,3720,31.32128364,1734.591186,1515.118439,633.2096793,0.265912362,0.423807844,1284.22767
320,398.7697181,26734.20623,83.62880194,30.33013059,4.065057908,16.72576039,25.08864058,0.602288146,0.02841668,0.017619444,0.010797236,21.19488072,5177413.081,6215381.849,4039998.202,2289877.523,0.1,0.15,0.4,0.35,2930835.225,22096.93065,3698.799681,2185.311504,1304.555478,1057.093003,1971.09573,193.8086761,946.0376619,6800.22387,0.254364159,917.2755768,1146.594471,406.6199408,3720,30.6593185,1728.375878,1465.417612,624.6732751,0.264255693,0.423579817,1284.919013
310,398.7697181,27088.80103,87.33255366,30.99448484,4.14470689,17.46651073,26.1997661,0.583466642,0.027407884,0.017274931,0.010132953,21.28827766,4959868.664,5954224.086,4465668.065,1566901.075,0.3,0.1,0.3,0.25,2955193.963,22452.59382,3845.63766,2185.311504,1362.331621,1069.412651,2003.943657,197.8651509,987.0317792,6856.741846,0.253120906,916.2072105,1145.259013,406.8574162,3720,31.17119064,1730.778031,1477.596982,627.8131074,0.264878077,0.423332581,1285.669435
310,398.7697181,26490.45702,85.38011651,30.6460647,4.102929788,17.0760233,25.61403495,0.583466642,0.027518532,0.017385579,0.010132953,21.20268079,4848984.103,5821109.367,3492665.62,2450993.418,0.3,0.2,0.1,0.4,2864404.574,21864.0111,3753.289984,2185.311504,1331.874858,1045.503929,1798.76505,195.7382178,965.4216812,6646.089207,0.250886166,906.445919,1133.057399,407.0306411,3720,30.21819189,1726.879743,1432.202287,619.8408871,0.263544977,0.423152418,1286.216826
310,398.7697181,26905.40169,86.74423294,30.88991037,4.132166761,17.34884659,26.02326988,0.583466642,0.02744075,0.017307797,0.010132953,21.26278067,4926456.226,5914113.117,4139879.182,1867614.668,0.3,0.1,0.4,0.3,2929024.439,22271.87998,3817.769343,2185.311504,1353.154197,1062.208321,1936.042654,197.2268864,980.5200877,6796.022424,0.252589517,913.5217096,1141.902137,407.1578627,3720,30.86907635,1729.652594,1464.51222,625.4081688,0.264481603,0.423020199,1286.618846
300,398.7697181,26742.39327,89.074726,31.30210833,4.181601589,17.8149452,26.7224178,0.564645137,0.026546126,0.017056368,0.009489758,21.27034024,4628614.07,5556559.508,3333935.705,2339604.003,0.2,0.2,0.3,0.4,2894354.314,22117.62803,3897.49642,2185.311504,1389.508388,1055.560377,1721.791657,199.742166,1006.31461,6715.579616,0.251121115,904.7652407,1130.956551,407.3857726,3720,30.40449404,1728.640481,1447.177157,622.2058332,0.264008306,0.422783542,1287.339041
330,398.7697181,28042.74626,83.57897909,30.32109447,4.063974868,16.71579582,25.07369373,0.621109651,0.029242314,0.017759707,0.011482607,21.24009916,5626628.312,6754655.837,4728259.086,2133049.212,0.1,0.15,0.2,0.3,3062803.103,23384.18682,4424.974842,2185.311504,1303.778274,1089.47849,2194.985071,193.7534758,945.4862093,7106.420244,0.253413848,938.5594468,1173.199308,407.4051721,3720,32.17793239,1737.192735,1531.401552,645.1655022,0.267547206,0.42276341,1287.400344
280,398.7697181,27817.39816,99.27751893,33.04622079,4.390932654,19.85550379,29.78325568,0.527002128,0.024602065,0.016335431,0.008266634,21.42105267,4282052.062,5140518.682,3598363.078,1623321.689,0.1,0.2,0.3,0.3,3043558.327,23186.96249,4309.20661,2185.311504,1548.66539,1098.036275,1696.123438,210.3690491,1119.241858,7061.767858,0.253861552,910.4356704,1138.044588,407.924688,3720,31.54997568,1735.858766,1521.779164,634.8048815,0.266233862,0.422224997,1289.042014
320,398.7697181,26854.73069,83.98156235,30.39403208,4.072717168,16.79631247,25.1944687,0.602288146,0.02839553,0.017598294,0.010797236,21.21066763,5199252.283,6241599.38,4369119.566,1971031.383,0.1,0.15,0.3,0.3,2939308.99,22214.05047,3715.55172,2185.311504,1310.058314,1061.552105,2037.129599,194.1990202,949.9421088,6819.88499,0.253954697,920.680224,1150.85028,408.1029215,3720,30.90100238,1729.578485,1469.654495,626.081575,0.264548907,0.422040595,1289.605232
300,398.7697181,27038.96727,90.05699653,31.47422695,4.202248257,18.01139931,27.01709896,0.564645137,0.026494128,0.01700437,0.009489758,21.31208593,4679656.059,5617834.404,3932484.083,1774052.97,0.3,0.15,0.2,0.3,2929722.336,22408.51037,3943.715601,2185.311504,1404.831176,1067.200834,1844.351982,200.7920214,1017.186643,6797.641708,0.251401677,910.4568921,1138.071115,408.2833371,3720,30.92221847,1730.842011,1464.861168,625.9766141,0.264679018,0.421854101,1290.175345
330,398.7697181,27529.84539,84.77110963,30.53657161,4.089803459,16.95422193,25.43133289,0.621109651,0.029171253,0.017688645,0.011482607,21.29184026,5706883.845,6851001.014,4453150.659,2524053.005,0.3,0.12,0.2,0.35,3108623.765,22862.98378,3781.731581,2185.311504,1322.374743,1105.018673,2160.659572,195.0695973,958.6810298,7212.734906,0.261996927,946.8616147,1183.577018,409.0157338,3720,31.56628296,1734.271701,1554.311882,638.5591893,0.266477251,0.421098715,1292.489719
310,398.7697181,26831.91542,86.50841296,30.84789365,4.127128579,17.30168259,25.95252389,0.583466642,0.027454037,0.017321084,0.010132953,21.25248973,4913063.326,5898035.205,4128624.644,1862537.433,0.3,0.12,0.3,0.3,2908157.541,22197.5883,3806.574642,2185.311504,1349.475557,1059.320568,1931.072859,196.9704129,977.9099689,6747.606336,0.251476879,914.327125,1142.908906,409.1093299,3720,30.79209273,1729.704823,1454.078771,624.2641333,0.26435899,0.421002376,1292.785482
310,398.7697181,26609.67338,85.76150031,30.71443477,4.111126759,17.15230006,25.72845009,0.583466642,0.027496559,0.017363606,0.010132953,21.21962377,4870643.993,5847111.637,3800622.564,2154199.024,0.2,0.2,0.1,0.35,2872654.355,21978.88997,3771.258731,2185.311504,1337.8242,1050.174192,1860.824399,196.1556669,969.6429394,6665.230632,0.25048149,910.7834119,1138.479265,409.3612177,3720,30.45084265,1728.307897,1436.327178,621.2496002,0.263863567,0.420743325,1293.581448
330,398.7697181,27315.66227,81.8563475,30.00699623,4.026333119,16.3712695,24.55690425,0.621109651,0.029348309,0.017865702,0.011482607,21.16338776,5510658.869,6615436.817,3307718.409,3481808.851,0.3,0.2,0.2,0.5,2966700.201,22664.63326,4290.318488,2185.311504,1276.90633,1067.022907,1905.418484,191.8342443,926.4196609,6883.439011,0.251996051,931.0290155,1163.786269,409.4327254,3720,30.92835034,1732.978855,1483.3501,635.9206575,0.266035744,0.420669842,1293.807412
290,398.7697181,27151.72494,93.54513868,32.07797571,4.274691734,18.70902774,28.0635416,0.545823633,0.025578574,0.016710922,0.008867652,21.33909579,4435200.201,5324369.989,3460840.493,1961609.996,0.3,0.15,0.4,0.35,2938229.327,22524.38292,4075.372022,2185.311504,1459.243948,1071.585198,1703.685095,204.4726621,1055.794336,6817.379918,0.251084597,907.3420129,1134.177516,409.4448575,3720,30.85157734,1731.903749,1469.114663,626.5604108,0.264863817,0.420657378,1293.84575
330,398.7697181,27934.86871,82.99443064,30.21487609,4.051244475,16.59888613,24.89832919,0.621109651,0.029277834,0.017795227,0.011482607,21.21433051,5587275.871,6707414.01,5030560.508,1765108.95,0.1,0.12,0.3,0.25,3026407.782,23277.26938,4379.003646,2185.311504,1294.659694,1081.858532,2243.032239,193.1045489,939.0162703,7021.974577,0.251369521,937.5993359,1171.99917,409.6464301,3720,32.18970464,1737.102299,1513.203891,642.9995775,0.267293809,0.420450387,1294.482719
330,398.7697181,27308.9203,84.06501568,30.40912976,4.074526841,16.81300314,25.2195047,0.621109651,0.029213121,0.017730514,0.011482607,21.26132438,5659348.827,6793936.167,4076361.7,2860604.702,0.1,0.15,0.4,0.4,3076606.386,22644.69856,3747.726839,2185.311504,1311.360132,1095.814287,2080.308716,194.2912396,950.8657926,7138.447091,0.261396167,944.2217386,1180.277173,410.279874,3720,31.20836016,1733.167481,1538.303193,635.6060671,0.266021597,0.41980124,1296.484402
290,398.7697181,27306.2502,94.0742317,32.1685646,4.285564073,18.81484634,28.22226951,0.545823633,0.025552864,0.016685212,0.008867652,21.36056603,4460285.775,5354484.724,3748139.307,1690889.913,0.2,0.15,0.4,0.3,2958073.929,22675.54068,4100.172431,2185.311504,1467.497459,1077.64625,1762.651085,205.0246559,1061.65048,6863.424041,0.251349929,910.7095163,1138.386895,410.3396758,3720,31.11102477,1733.166368,1479.036965,628.5394258,0.265227864,0.41974006,1296.673376
290,398.7697181,26959.58454,92.88707061,31.96494606,4.261127037,18.57741412,27.86612118,0.545823633,0.025610919,0.016743267,0.008867652,21.31214531,4403999.61,5286914.298,3172148.579,2226069.178,0.2,0.2,0.4,0.4,2907060.212,22334.10758,4044.516155,2185.311504,1448.97851,1064.046669,1643.135362,203.7838317,1048.510662,6745.060274,0.250191551,905.4769527,1131.846191,410.59016,3720,30.55265787,1730.953475,1453.530106,623.9763424,0.264466898,0.419483994,1297.464906
300,398.7697181,26825.39386,89.34965272,31.35037767,4.187391524,17.86993054,26.80489582,0.564645137,0.026531468,0.01704171,0.009489758,21.2820915,4642900.161,5573709.677,3622911.29,2053471.986,0.1,0.2,0.3,0.35,2893159.636,22195.87748,3910.367796,2185.311504,1393.797068,1058.818412,1778.732189,200.0366154,1009.357572,6712.807683,0.250240787,909.5163774,1136.895472,410.7075706,3720,30.59402212,1730.101326,1446.579818,623.0627849,0.264268603,0.419364074,1297.835923
300,398.7697181,26615.83866,88.65542116,31.22834662,4.17275423,17.73108423,26.59662635,0.564645137,0.02656864,0.017078882,0.009489758,21.25231609,4606825.619,5530402.904,3318241.742,2328590.696,0.3,0.2,0.2,0.4,2858377.853,21989.6646,3877.72425,2185.311504,1382.967502,1050.591381,1714.170747,199.2921712,1001.673631,6632.105805,0.249178915,906.1740618,1132.717577,410.7353143,3720,30.27305937,1728.726459,1429.188927,620.2351541,0.263796647,0.419335747,1297.923593
310,398.7697181,26380.7285,85.02877367,30.58294476,4.095362657,17.00575473,25.5086321,0.583466642,0.027538931,0.017405979,0.010132953,21.18697463,4829030.326,5797155.253,3478293.152,2440907.475,0.3,0.15,0.4,0.4,2832317.652,21751.46816,3736.629832,2185.311504,1326.394136,1041.201535,1791.803088,195.3527882,961.5329245,6571.640038,0.249107603,909.2603464,1136.575433,411.5096453,3720,30.10217207,1727.386337,1416.158826,618.1022269,0.263406612,0.41854669,1300.370479
320,398.7697181,27208.67217,83.34375247,30.27839621,4.058857299,16.66875049,25.00312574,0.602288146,0.028433889,0.017636653,0.010797236,21.1820528,5159765.825,6194196.668,4026227.834,2282072.457,0.2,0.15,0.3,0.35,2891510.706,22567.7755,4279.080024,2185.311504,1300.10889,1053.489808,1964.761372,193.4926286,942.8826579,6708.981779,0.246575126,920.896661,1151.120826,411.6250464,3720,31.11396043,1732.878011,1445.755353,631.3479883,0.265510892,0.418429349,1300.735147
300,398.7697181,27130.00222,90.35840504,31.52685293,4.20856158,18.07168101,27.10752151,0.564645137,0.026478378,0.01698862,0.009489758,21.32476324,4695318.231,5636636.531,4227477.398,1483325.403,0.2,0.12,0.4,0.25,2930055.091,22494.06023,3957.847743,2185.311504,1409.532955,1070.772696,1902.710279,201.1129685,1020.522714,6798.413777,0.250586554,915.9419902,1144.927488,412.1942145,3720,31.11988437,1732.516822,1465.027545,626.9366396,0.264974919,0.417851571,1302.533718
290,398.7697181,27424.91313,94.51824212,32.24438964,4.294664989,18.90364842,28.35547264,0.545823633,0.025531489,0.016663837,0.008867652,21.37844923,4481337.378,5379756.756,4034817.567,1415725.462,0.2,0.15,0.3,0.25,2965698.544,22789.92425,4120.975877,2185.311504,1474.423736,1082.732634,1820.628391,205.4866351,1066.564906,6881.114934,0.250907447,914.9888838,1143.736105,412.5032255,3720,31.33372571,1734.541366,1482.849272,629.9618393,0.265542023,0.417538553,1303.510192
320,398.7697181,27295.24956,83.51288559,30.30910328,4.062537654,16.70257712,25.05386568,0.602288146,0.028423665,0.017626429,0.010797236,21.18967192,5170236.763,6206766.823,4344736.776,1960031.628,0.2,0.15,0.2,0.3,2892847,22652.32388,4291.863908,2185.311504,1302.747258,1055.627751,2026.39019,193.6802222,944.7546688,6712.082296,0.24590661,922.9256799,1153.6571,412.7220788,3720,31.31942934,1733.749166,1446.4235,632.2248674,0.265707202,0.417317146,1304.201769
320,398.7697181,26753.80856,84.81529122,30.54452821,4.090757278,16.96305824,25.44458737,0.602288146,0.028346177,0.017548941,0.010797236,21.24759674,5250867.979,6303562.999,3151781.5,3317664.737,0.3,0.2,0.3,0.5,2952829.135,22103.69668,3755.167439,2185.311504,1323.063947,1072.09094,1821.116934,195.1181878,959.1700435,6851.254892,0.256085218,930.1118854,1162.639857,412.956939,3720,30.31936116,1730.247796,1476.414568,626.3796421,0.264657547,0.417079806,1304.943927
330,398.7697181,27064.49599,83.71582291,30.34590668,4.0669488,16.74316458,25.11474687,0.621109651,0.029234064,0.017751456,0.011482607,21.24609344,5635840.788,6765715.232,3382857.616,3560902.753,0.2,0.2,0.3,0.5,3042218.132,22399.05595,3730.884895,2185.311504,1305.912949,1091.262337,1945.960564,193.9050481,947.0008334,7058.658291,0.260808784,945.4400486,1181.800061,413.3637195,3720,30.69874938,1732.407174,1521.109066,632.8085759,0.265622044,0.416669369,1306.229354
310,398.7697181,26710.72496,86.08461859,30.77224081,4.118057541,17.21692372,25.82538558,0.583466642,0.027478082,0.017345129,0.010132953,21.2338927,4888994.817,5869141.436,4108399.006,1853413.085,0.1,0.15,0.4,0.3,2874950.827,22074.03787,3786.453684,2185.311504,1342.864637,1054.130961,1922.139919,196.508583,973.2192992,6670.558985,0.249733356,916.6870913,1145.858864,413.5043822,3720,30.66338599,1730.114122,1437.475414,622.3502172,0.264190016,0.416527629,1306.673848
290,398.7697181,26838.7068,92.47296143,31.8936134,4.252566943,18.49459229,27.74188843,0.545823633,0.025631487,0.016763835,0.008867652,21.29504389,4384365.697,5263344.174,3158006.504,2216144.915,0.3,0.2,0.3,0.4,2872927.454,22211.87058,4025.071761,2185.311504,1442.518673,1059.302824,1636.24987,203.3490579,1043.927191,6665.864286,0.248367566,906.8362235,1133.545279,413.7725599,3720,30.42762931,1731.031942,1436.463727,622.1014585,0.264265154,0.416257666,1307.521289
330,398.7697181,27405.70528,84.37380371,30.46492804,4.081215259,16.87476074,25.31214111,0.621109651,0.029194733,0.017712126,0.011482607,21.27471572,5680136.775,6818891.686,4432279.596,2512223.253,0.1,0.15,0.3,0.35,3073456.241,22735.93964,3762.515517,2185.311504,1316.177026,1099.839536,2151.105143,194.6320481,954.2835413,7131.138017,0.260206331,949.7656382,1187.207048,414.0024609,3720,31.4345909,1734.827411,1536.72812,636.5935545,0.266318912,0.416026513,1308.247776
290,398.7697181,27161.76902,93.57950103,32.08386684,4.275398758,18.71590021,28.07385031,0.545823633,0.025576896,0.016709244,0.008867652,21.34049552,4436829.403,5326325.814,3728428.069,1681997.625,0.3,0.15,0.3,0.3,2917527.368,22529.47753,4076.895637,2185.311504,1459.779979,1071.978838,1753.903461,204.5085611,1056.174668,6769.346526,0.24922333,912.2914853,1140.364357,414.100082,3720,30.96096002,1733.249993,1458.763684,626.3068316,0.264986527,0.415928437,1308.556259
310,398.7697181,26892.48042,86.70264119,30.882504,4.131278659,17.34052824,26.01079236,0.583466642,0.027443088,0.017310136,0.010132953,21.26096861,4924094.11,5911277.443,4433458.082,1555599.327,0.1,0.15,0.3,0.25,2898733.858,22252.02207,3815.675113,2185.311504,1352.505392,1061.699005,1990.269454,197.1816784,980.059739,6725.741183,0.250097465,920.4583453,1150.572932,414.1125388,3720,30.96289177,1731.479903,1449.366929,624.7312273,0.264610794,0.415915926,1308.595623
310,398.7697181,26489.81672,85.37782952,30.64565425,4.10288058,17.0755659,25.61334885,0.583466642,0.027518664,0.017385711,0.010132953,21.20257886,4848854.218,5820953.443,3783619.738,2144561.795,0.2,0.15,0.4,0.35,2837723.622,21855.9888,3753.053039,2185.311504,1331.839183,1045.475923,1852.978698,195.7357116,965.3963682,6584.183152,0.248555255,913.8279264,1142.284908,414.2240108,3720,30.3237732,1728.85362,1418.861811,619.3536562,0.263711933,0.415803999,1308.947874
300,398.7697181,26687.50329,88.89283868,31.27013312,4.177766258,17.77856774,26.6678516,0.564645137,0.026555869,0.017066111,0.009489758,21.26253682,4619162.61,5545213.217,3604388.591,2042973.29,0.2,0.2,0.2,0.35,2854088.844,22056.48018,3888.817153,2185.311504,1386.671063,1053.404911,1770.164105,199.547102,1004.301432,6622.1543,0.248136899,911.0231122,1138.77889,414.3292263,3720,30.45039751,1730.187727,1427.044422,620.918488,0.264037494,0.415698409,1309.280355
320,398.7697181,26600.90374,83.67547034,30.33859215,4.066072092,16.73509407,25.1026411,0.602288146,0.028413873,0.017616637,0.010797236,21.19697483,5180302.295,6218850.294,3731310.177,2618463.282,0.3,0.15,0.3,0.4,2892634.05,21955.36657,3700.8803,2185.311504,1305.283475,1057.682919,1914.148715,193.8603659,946.5542003,6711.588201,0.252306774,925.5371721,1156.921465,414.4201849,3720,30.40082838,1729.64117,1446.317025,623.0461733,0.26421506,0.415607169,1309.567784
330,398.7697181,27512.22128,82.32438876,30.0926615,4.036598318,16.46487775,24.69731663,0.621109651,0.029319112,0.017836505,0.011482607,21.18446327,5542167.919,6653262.808,3991957.685,2801373.814,0.3,0.15,0.2,0.4,2966187.626,22853.42092,4326.322795,2185.311504,1284.207472,1073.124116,2039.733327,192.3577713,931.6000671,6882.249717,0.250152456,938.8003521,1173.50044,414.4580806,3720,31.3789161,1735.652538,1483.093813,637.9638592,0.266565466,0.415569169,1309.687535
300,398.7697181,26865.84912,89.48362739,31.37387291,4.190209866,17.89672548,26.84508822,0.564645137,0.026524355,0.017034597,0.009489758,21.28779901,4649861.923,5582067.135,3907446.994,1762758.043,0.1,0.2,0.2,0.3,2880017.443,22231.61263,3916.59955,2185.311504,1395.886986,1060.406087,1833.267005,200.1799323,1010.84044,6682.314719,0.24872896,914.2364896,1142.795612,414.6646442,3720,30.73967227,1731.456189,1440.008721,623.2627148,0.264443211,0.415362155,1310.340276
290,398.7697181,26998.16159,93.01917882,31.98766898,4.263853932,18.60383576,27.90575365,0.545823633,0.025604393,0.016736741,0.008867652,21.31757778,4410263.178,5294433.587,3441381.832,1950580.795,0.1,0.2,0.4,0.35,2894307.838,22367.48171,4050.619726,2185.311504,1451.039313,1065.560041,1694.662721,203.9223194,1049.972871,6715.471781,0.248738113,910.6798753,1138.349844,415.0522952,3720,30.69082299,1732.434653,1447.153919,624.159697,0.264653831,0.414974214,1311.565253
300,398.7697181,26842.916,89.40766386,31.36055329,4.188612121,17.88153277,26.82229916,0.564645137,0.026528386,0.017038628,0.009489758,21.28456438,4645914.61,5577328.463,3904129.924,1761261.62,0.3,0.12,0.4,0.3,2873595.824,22208.56051,3913.016078,2185.311504,1394.702004,1059.505877,1831.798134,200.0986855,1009.999655,6667.415061,0.248386392,914.3554864,1142.944358,415.1389326,3720,30.71584503,1731.435432,1436.797912,622.9084494,0.264401095,0.414887611,1311.839027
320,398.7697181,26929.16815,85.15800482,30.60617671,4.098147774,17.03160096,25.54740144,0.602288146,0.028326145,0.017528909,0.010797236,21.26262329,5272085.189,6329033.84,3797420.304,2664856.354,0.2,0.15,0.4,0.4,2959384.343,22274.37566,3771.457084,2185.311504,1328.410059,1076.423048,1946.043558,195.4946536,962.9632895,6866.464509,0.254982422,934.7924919,1168.490615,415.7348724,3720,30.73872751,1732.167809,1479.692172,628.1545819,0.265072503,0.414292886,1313.722197
300,398.7697181,26967.47683,89.82020171,31.43282073,4.197281092,17.96404034,26.94606051,0.564645137,0.026506569,0.017016811,0.009489758,21.302083,4667351.426,5603062.936,4202297.202,1474490.246,0.3,0.12,0.3,0.25,2884303.144,22329.81181,3932.412381,2185.311504,1401.137329,1064.394682,1891.99276,200.539483,1014.565735,6692.258549,0.248160352,917.6650225,1147.081278,416.4096135,3720,30.94980451,1732.605765,1442.151572,624.4183181,0.264702091,0.413621575,1315.854379
280,398.7697181,27185.0402,97.03158553,32.67028376,4.345791542,19.40631711,29.10947566,0.527002128,0.024702468,0.016435834,0.008266634,21.33398712,4185180.143,5024225.863,3014535.518,2115463.521,0.3,0.2,0.4,0.4,2911228.786,22555.34362,4204.115167,2185.311504,1513.630275,1073.195048,1566.301894,208.0805953,1094.383265,6754.732342,0.248472406,909.696578,1137.120722,416.8067731,3720,30.7065745,1734.147444,1455.614393,625.8148688,0.265032065,0.41322745,1317.109403
310,398.7697181,26231.89257,84.55208844,30.49709778,4.085071511,16.91041769,25.36562653,0.583466642,0.027566855,0.017433902,0.010132953,21.16551369,4801957.991,5764655.451,3458793.271,2427223.348,0.1,0.2,0.4,0.4,2788981.595,21599.26049,3714.052768,2185.311504,1318.958153,1035.364254,1782.355008,194.8285241,956.2568445,6471.090238,0.24668789,912.6320818,1140.790102,417.1522242,3720,29.94507698,1727.953746,1394.490797,615.7481646,0.263205964,0.412885249,1318.201029
310,398.7697181,26554.83709,85.58577442,30.6829516,4.107352147,17.11715488,25.67573233,0.583466642,0.027506661,0.017373708,0.010132953,21.2118308,4860664.011,5835130.866,4084591.606,1842672.905,0.2,0.15,0.3,0.3,2830626.915,21916.48856,3762.810775,2185.311504,1335.082989,1048.022328,1911.622273,195.9634442,967.6979581,6567.71713,0.247326583,918.3485246,1147.935656,417.5919194,3720,30.49985398,1730.209205,1415.313457,619.9205226,0.263927831,0.41245051,1319.590465
310,398.7697181,26347.3123,84.9215877,30.56366249,4.093051079,16.98431754,25.47647631,0.583466642,0.027545185,0.017412232,0.010132953,21.18216427,4822942.924,5789847.447,3763400.841,2133101.691,0.3,0.15,0.3,0.35,2797070.475,21711.94287,3731.458218,2185.311504,1324.722104,1039.888982,1843.646654,195.2350378,960.3465614,6489.858336,0.246319559,915.369431,1144.211789,417.9843536,3720,30.17457576,1728.945913,1398.535238,617.1273725,0.263472278,0.412063271,1320.830557
330,398.7697181,27220.74437,83.78236673,30.35796492,4.068394094,16.75647335,25.13471002,0.621109651,0.029230061,0.017747453,0.011482607,21.24900311,5640320.59,6771093.146,4401210.545,2494613.264,0.2,0.15,0.2,0.35,3022480.208,22550.08431,3733.999203,2185.311504,1306.95099,1092.129777,2136.878112,193.9787074,947.7373582,7012.861687,0.257629314,950.6600614,1188.325077,418.086724,3720,31.24150716,1734.734334,1511.240104,633.7112898,0.26598477,0.411962376,1321.154048
330,398.7697181,27298.49188,84.38399463,30.46676781,4.081435793,16.87679893,25.31519839,0.621109651,0.029194128,0.017711521,0.011482607,21.27515644,5680822.839,6819715.293,4091829.176,2871459.071,0.2,0.15,0.3,0.4,3052256.221,22624.22466,3762.928853,2185.311504,1316.335998,1099.972381,2087.739666,194.6432847,954.3963372,7081.949009,0.259426383,954.2672229,1192.834029,418.3318589,3720,31.19439159,1735.313123,1526.128111,635.4281057,0.266242575,0.411720973,1321.928674
290,398.7697181,26866.88368,92.56946238,31.91025049,4.254563396,18.51389248,27.77083871,0.545823633,0.025626679,0.016759027,0.008867652,21.29903897,4388941.039,5268836.782,3424743.908,1941150.393,0.2,0.2,0.3,0.35,2857353.498,22234.75472,4029.499768,2185.311504,1444.024026,1060.408294,1686.946145,203.450465,1044.995289,6629.729062,0.246762116,912.1289616,1140.161202,418.4819584,3720,30.55461892,1732.512733,1428.676749,622.1255524,0.264434158,0.411573299,1322.402989
330,398.7697181,27583.99228,82.53368809,30.13089061,4.04117952,16.50673762,24.76010643,0.621109651,0.029306153,0.017823545,0.011482607,21.19383104,5556258.179,6670177.885,4335615.626,2457433.958,0.3,0.15,0.1,0.35,2955136.5,22919.63022,4342.291869,2185.311504,1287.472407,1075.852464,2106.824702,192.59138,933.9166482,6856.608518,0.248572014,944.362057,1180.452571,418.7378109,3720,31.57613585,1737.300746,1477.56825,638.5660136,0.26681819,0.411321824,1323.211483
330,398.7697181,27415.22766,84.40362123,30.47031069,4.081860481,16.88072425,25.32108637,0.621109651,0.029192964,0.017710357,0.011482607,21.27600501,5682144.123,6821301.468,4774911.028,2154095.201,0.2,0.15,0.1,0.3,3046426.072,22740.16054,3763.861383,2185.311504,1316.64216,1100.228226,2215.447034,194.6649232,954.6135696,7068.421697,0.257828306,955.0671253,1193.833907,419.0043875,3720,31.57013988,1736.265473,1523.213036,636.2280265,0.266439361,0.411060135,1324.053864
280,398.7697181,27418.36,97.86044694,32.80952478,4.362509832,19.57208939,29.35813408,0.527002128,0.024664932,0.016398298,0.008266634,21.36645415,4220930.712,5067143.712,3547000.598,1600150.646,0.3,0.15,0.4,0.3,2931944.441,22782.09904,4242.73528,2185.311504,1526.559979,1082.362696,1673.2775,208.9283361,1103.557325,6802.797512,0.248111029,916.2609602,1145.3262,419.6382807,3720,31.13638931,1736.460373,1465.972221,628.648088,0.265609995,0.410439199,1326.056967
320,398.7697181,26611.74983,83.71001503,30.34485402,4.066822629,16.74200301,25.11300451,0.602288146,0.028411797,0.017614561,0.010797236,21.19852382,5182440.938,6221417.693,4043921.501,2292101.255,0.3,0.15,0.2,0.35,2868216.994,21960.44747,3702.426532,2185.311504,1305.82235,1058.119585,1972.900246,193.8986178,946.9365503,6654.934915,0.250075059,931.3023589,1164.127949,419.8531336,3720,30.5271871,1731.20678,1434.108497,622.7339057,0.264355815,0.410229164,1326.735902
320,398.7697181,27276.07048,83.46273635,30.30000165,4.06144678,16.69254727,25.03882091,0.602288146,0.028426693,0.017629457,0.010797236,21.18741515,5167132.052,6203039.678,4652279.758,1632378.863,0.2,0.12,0.3,0.25,2859873.797,22626.01764,4287.464222,2185.311504,1301.964962,1054.993835,2083.075577,193.62462,944.1996035,6635.576745,0.243274659,930.0528396,1162.566049,419.9206235,3720,31.41197912,1735.602565,1429.936899,631.4336387,0.265826488,0.410163232,1326.94917
290,398.7697181,26996.33695,93.0128949,31.9865885,4.263724266,18.60257898,27.90386847,0.545823633,0.025604703,0.016737051,0.008867652,21.31731963,4409965.242,5294075.921,3705853.145,1671813.449,0.1,0.2,0.3,0.3,2870354.592,22360.4812,4050.230646,2185.311504,1450.941288,1065.488055,1743.882124,203.9157343,1049.903319,6659.894643,0.246696233,915.8557539,1144.819692,420.1101877,3720,30.78721961,1733.813506,1435.177296,623.7226131,0.264759595,0.409978156,1327.548193
310,398.7697181,26400.71768,85.0924153,30.59438786,4.096734484,17.01848306,25.52772459,0.583466642,0.027535225,0.017402272,0.010132953,21.18982662,4832644.718,5801494.26,4061045.982,1832050.819,0.3,0.15,0.2,0.3,2786807.518,21760.72997,3739.451013,2185.311504,1327.386905,1041.980863,1901.217306,195.4226658,962.2373272,6466.045871,0.244919322,919.9877183,1149.984648,421.6310531,3720,30.33798328,1730.301749,1393.403759,617.5158223,0.263668168,0.408499324,1332.354128
310,398.7697181,26145.18184,84.38640763,30.46720341,4.081488009,16.87728153,25.31592229,0.583466642,0.027576627,0.017443674,0.010132953,21.15801328,4792548.497,5753359.541,3452015.724,2422467.175,0.2,0.2,0.3,0.4,2757666.904,21508.60173,3706.162618,2185.311504,1316.373639,1033.335399,1779.070495,194.6459452,954.4230449,6398.432825,0.244727035,916.5801081,1145.725135,421.8144012,3720,29.85331072,1728.661994,1378.833452,614.3838421,0.263132285,0.408321763,1332.933508
290,398.7697181,26736.86644,92.12398261,31.8333757,4.245338604,18.42479652,27.63719478,0.545823633,0.025648949,0.016781297,0.008867652,21.28054592,4367819.771,5243481.117,3408262.726,1931808.833,0.3,0.2,0.2,0.35,2820752.251,22103.30348,4008.59574,2185.311504,1437.074828,1055.305083,1679.300354,202.9818747,1040.0646,6544.805599,0.244785813,913.5629611,1141.953701,421.8782026,3720,30.41958783,1732.589301,1410.376126,620.1091511,0.264216308,0.408260012,1333.13512
330,398.7697181,27529.14447,82.37436161,30.1017936,4.037692653,16.47487232,24.71230848,0.621109651,0.029316012,0.017833405,0.011482607,21.18670312,5545532.145,6657301.495,4327245.972,2452690.025,0.2,0.12,0.4,0.35,2940471.165,22862.40248,4329.617093,2185.311504,1284.987017,1073.775543,2102.988387,192.4135765,932.15318,6822.581508,0.247831222,946.7419862,1183.427483,421.9220084,3720,31.51724418,1737.816198,1470.235583,637.6875992,0.266777428,0.408217625,1333.273547
300,398.7697181,26437.26017,88.06358913,31.12393742,4.160231689,17.61271783,26.41907674,0.564645137,0.026600748,0.017110989,0.009489758,21.22666422,4576072.091,5493483.903,3570764.537,2023915.122,0.3,0.15,0.4,0.35,2782503.337,21801.91258,3849.716193,2185.311504,1373.735304,1043.577843,1754.604776,198.6551265,995.1230758,6456.059165,0.244203035,915.3475928,1144.184491,422.449743,3720,30.18779403,1730.768378,1391.251669,616.9988589,0.263662515,0.407707669,1334.941188
330,398.7697181,27341.8554,81.9341911,30.02126084,4.028042384,16.38683822,24.58025733,0.621109651,0.029343432,0.017860825,0.011482607,21.16690524,5515899.385,6621727.954,3973036.772,2788095.981,0.3,0.12,0.4,0.4,2914503.321,22677.01146,4295.323978,2185.311504,1278.12064,1068.037646,2030.631491,191.9214243,927.2812548,6762.33003,0.247325206,944.8439402,1181.054925,422.4660236,3720,31.19982054,1736.735104,1457.251661,635.2890715,0.266386654,0.407691957,1334.992635
280,398.7697181,27173.16931,96.98939496,32.66318026,4.344938685,19.39787899,29.09681849,0.527002128,0.024704394,0.01643776,0.008266634,21.33232379,4183360.374,5022041.265,3264326.822,1850225.729,0.2,0.2,0.4,0.35,2885390.194,22537.77426,4202.038642,2185.311504,1512.972129,1072.728398,1612.444382,208.0373428,1093.916288,6694.78076,0.246374675,915.3950522,1144.243815,422.5213413,3720,30.78765882,1735.640781,1442.695097,625.2366347,0.265134834,0.407638581,1335.167438
330,398.7697181,27686.49721,82.77976305,30.17577495,4.046558443,16.55595261,24.83392892,0.621109651,0.029290993,0.017808385,0.011482607,21.20480031,5572824.214,6690065.083,4683045.558,2112652.131,0.2,0.12,0.3,0.3,2954931.501,23016.69679,4361.177598,2185.311504,1291.311018,1079.060205,2175.144761,192.8656406,936.6402719,6856.132871,0.247634535,949.8004173,1187.250522,422.6975833,3720,31.80399003,1739.062483,1477.46575,639.6197625,0.267134379,0.407468618,1335.724363
330,398.7697181,27549.06631,84.83082918,30.54732592,4.091092663,16.96616584,25.44924875,0.621109651,0.02916774,0.017685133,0.011482607,21.29440407,5710904.23,6855827.406,5141870.555,1804165.107,0.2,0.1,0.3,0.25,3052594.916,22867.44946,3784.35723,2185.311504,1323.306329,1105.797156,2289.991071,195.1352732,959.3420218,7082.73486,0.257095278,961.6168438,1202.021055,423.0636482,3720,31.83396749,1738.260972,1526.297458,637.7656281,0.266836141,0.407116047,1336.881128
320,398.7697181,27209.81492,83.34901123,30.27935144,4.058971785,16.66980225,25.00470337,0.602288146,0.028433571,0.017636335,0.010797236,21.18229004,5160091.392,6194587.505,4645940.629,1630154.607,0.3,0.1,0.3,0.25,2837135.623,22556.91606,4278.53891,2185.311504,1300.190923,1053.556281,2080.389992,193.4984643,942.9408633,6582.818858,0.241928101,932.8988614,1166.123577,423.2816619,3720,31.3421787,1736.090986,1418.567811,630.4028623,0.265765579,0.406906359,1337.570052
300,398.7697181,26593.02103,88.57974362,31.21501529,4.171155255,17.71594872,26.57392309,0.564645137,0.026572724,0.017082966,0.009489758,21.24904986,4602893.166,5525682.073,3867977.451,1744952.233,0.2,0.15,0.4,0.3,2802229.401,21954.12833,3873.935905,2185.311504,1381.786982,1049.69456,1815.785007,199.2108363,1000.836012,6501.828251,0.244493781,918.8926983,1148.615873,423.4593443,3720,30.45275893,1732.07481,1401.114701,618.9978099,0.264033721,0.406735622,1338.131528
300,398.7697181,26247.6735,87.44426641,31.01430203,4.147083398,17.48885328,26.23327992,0.564645137,0.026634768,0.017145009,0.009489758,21.19955179,4543890.057,5454850.009,3272910.005,2296778.951,0.2,0.2,0.4,0.4,2751898.15,21614.11806,3820.643001,2185.311504,1364.074268,1036.238529,1692.147101,197.9860934,988.2682458,6385.047964,0.243261482,913.5554375,1141.944297,423.632314,3720,29.88686319,1729.840107,1375.949075,614.4477057,0.263271763,0.406569552,1338.678112
310,398.7697181,26186.53225,84.40660768,30.47084975,4.081925098,16.88132154,25.32198231,0.583466642,0.027575434,0.017442481,0.010132953,21.15892889,4793695.717,5754736.755,3740578.891,2120166.173,0.1,0.2,0.3,0.35,2750412.427,21547.55464,3707.074498,2185.311504,1316.688747,1033.58276,1833.110102,194.6682155,954.6466245,6381.600741,0.243697817,918.9776136,1148.722017,424.0468358,3720,30.00420333,1729.549563,1375.206214,614.5858538,0.263254649,0.406172115,1339.988001
320,398.7697181,26715.98336,82.5458771,30.13311547,4.041446142,16.50917542,24.76376313,0.602288146,0.028482633,0.017685397,0.010797236,21.14580311,5110369.8,6134897.719,3067448.859,3228893.536,0.3,0.2,0.4,0.5,2797904.895,22066.50478,4217.521213,2185.311504,1287.662548,1043.404191,1775.429465,192.6049752,934.0515594,6491.794385,0.242992904,929.4785843,1161.84823,424.1228717,3720,30.24978059,1733.068796,1398.952448,625.0318805,0.264822996,0.406099297,1340.228275
310,398.7697181,26015.41396,83.96664238,30.39133209,4.072393539,16.79332848,25.18999271,0.583466642,0.027601543,0.01746859,0.010132953,21.13891419,4768708.813,5724740.472,3434844.283,2410417.041,0.3,0.2,0.2,0.4,2720760.4,21377.52485,3686.33496,2185.311504,1309.825572,1028.195137,1770.747403,194.182528,949.7769706,6312.801095,0.242656185,917.8891141,1147.361393,425.1684946,3720,29.71763174,1728.725058,1360.3802,612.3503558,0.262911,0.405100571,1343.532443
330,398.7697181,27449.15859,84.5112845,30.4897381,4.084189283,16.9022569,25.35338535,0.621109651,0.029186586,0.017703978,0.011482607,21.28065475,5689392.132,6830002.56,5122501.92,1797369.095,0.2,0.12,0.2,0.25,3025280.309,22767.064,3768.931669,2185.311504,1318.321638,1101.631686,2281.823365,194.7835758,955.8052156,7019.358576,0.255722176,962.094588,1202.618235,425.2646181,3720,31.72890231,1738.209943,1512.640154,636.213347,0.266656083,0.405009005,1343.836193
280,398.7697181,27258.65876,97.29312067,32.71428323,4.351074278,19.45862413,29.1879362,0.527002128,0.024690562,0.016423928,0.008266634,21.34427469,4196460.714,5037767.964,3526437.575,1590874.094,0.1,0.2,0.4,0.3,2886837.58,22619.05449,4216.149524,2185.311504,1517.710055,1076.087765,1664.126446,208.3484944,1097.278006,6698.139033,0.245725187,919.6042707,1149.505338,425.3105528,3720,30.96953105,1736.970224,1443.41879,626.1649086,0.265388383,0.404965263,1343.981347
300,398.7697181,26697.47592,88.92581222,31.27593219,4.178461833,17.78516244,26.67774367,0.564645137,0.0265541,0.017064342,0.009489758,21.26395319,4620876.023,5547270.135,4160452.602,1459807.93,0.2,0.15,0.3,0.25,2807445.685,22054.96069,3890.165546,2185.311504,1387.185429,1053.795666,1874.175496,199.5824797,1004.666392,6513.93125,0.243990528,922.5152287,1153.144036,425.3476369,3720,30.66483733,1733.283486,1403.722842,620.1998176,0.264304449,0.404929956,1344.098533
320,398.7697181,26670.83426,83.89958159,30.3791935,4.070938574,16.77991632,25.16987448,0.602288146,0.028400431,0.017603195,0.010797236,21.20700744,5194176.9,6235506.482,4364854.537,1969107.31,0.2,0.12,0.4,0.3,2856593.005,22012.62881,3711.340726,2185.311504,1308.779466,1060.515819,2035.251276,194.1083815,949.0347237,6627.964538,0.248509832,938.2054534,1172.756817,425.5889785,3720,30.70224992,1733.174054,1428.296502,623.151468,0.26462364,0.40470033,1344.861172
280,398.7697181,27048.12343,96.5450616,32.58827516,4.335945693,19.30901232,28.96351848,0.527002128,0.024724771,0.016458137,0.008266634,21.31474275,4164195.324,4999034.003,3249372.102,1841749.369,0.3,0.2,0.3,0.35,2850506.728,22411.36692,4181.268567,2185.311504,1506.040815,1067.813836,1605.489464,207.5812281,1088.998287,6613.842952,0.244521324,916.7565129,1145.945641,425.7435857,3720,30.65843794,1735.703707,1425.253364,623.3062601,0.264925113,0.404553364,1345.349731
330,398.7697181,27565.93455,82.93834422,30.20466498,4.050020722,16.58766884,24.88150327,0.621109651,0.029281266,0.017798659,0.011482607,21.21184404,5583500.072,6702881.239,4021728.743,2822265.785,0.1,0.2,0.2,0.4,2944898.003,22891.04537,4373.238341,2185.311504,1293.784782,1081.12741,2054.050098,193.0421603,938.3954908,6832.852807,0.247873069,954.8891733,1193.611467,426.7924096,3720,31.42705537,1739.397114,1472.449001,638.7290033,0.267071924,0.403559192,1348.664014
300,398.7697181,26125.54058,87.03901139,30.94235164,4.138455172,17.40780228,26.11170342,0.564645137,0.026657266,0.017167508,0.009489758,21.1816596,4522831.681,5429569.845,3257741.907,2286134.672,0.3,0.2,0.3,0.4,2717197.82,21490.65481,3801.593313,2185.311504,1357.752551,1031.436035,1684.774331,197.5469707,983.7827746,6304.535076,0.241316923,914.885768,1143.60721,426.8402255,3720,29.75954861,1729.914031,1358.59891,612.5396162,0.26306578,0.403513984,1348.815113
300,398.7697181,26447.09011,88.09613854,31.12968879,4.160921466,17.61922771,26.42884156,0.564645137,0.026598972,0.017109213,0.009489758,21.22808151,4577763.465,5495514.364,3846860.055,1735425.589,0.3,0.15,0.3,0.3,2761014.477,21806.64363,3851.156419,2185.311504,1374.243054,1043.963572,1806.427979,198.6902205,995.4833414,6406.199978,0.242227026,920.4464776,1150.558097,427.2538008,3720,30.29996104,1732.154401,1380.507239,616.7267712,0.263787614,0.403123389,1350.122011
330,398.7697181,27504.59692,82.30347184,30.0888383,4.036140171,16.46069437,24.69104155,0.621109651,0.02932041,0.017837803,0.011482607,21.18352516,5540759.769,6651572.351,4656100.646,2100496.532,0.3,0.12,0.2,0.3,2905386.106,22832.36336,4323.635295,2185.311504,1283.881182,1072.851451,2163.316594,192.3344079,931.368553,6741.175956,0.245092701,952.2335661,1190.291958,427.6564096,3720,31.61440721,1739.23187,1452.693053,636.8061985,0.266837429,0.402743876,1351.394254
320,398.7697181,26698.84991,84.63244118,30.51158555,4.086808224,16.92648824,25.38973235,0.602288146,0.028356926,0.01755969,0.010797236,21.23954316,5239547.833,6289973.389,3773984.034,2648409.848,0.1,0.2,0.3,0.4,2881151.597,22034.43069,3746.188961,2185.311504,1320.211604,1069.779605,1934.740052,194.9170049,957.1462102,6684.946221,0.250383303,944.4192209,1180.524026,427.833775,3720,30.49487954,1733.976216,1440.575798,624.5177954,0.264867169,0.402576912,1351.954729
310,398.7697181,26226.96447,84.53594361,30.494186,4.084722466,16.90718872,25.36078308,0.583466642,0.027567806,0.017434853,0.010132953,21.16478375,4801041.079,5763554.716,4034488.301,1820069.91,0.1,0.2,0.2,0.3,2736553.051,21583.1142,3713.095667,2185.311504,1318.706304,1035.166551,1889.477724,194.8107408,956.0781492,6349.443743,0.242096021,923.850267,1154.812834,428.1464748,3720,30.15327335,1730.944455,1368.276525,614.7725073,0.263432262,0.402282887,1352.94286
300,398.7697181,26286.74879,87.57380028,31.03726475,4.149837167,17.51476006,26.27214008,0.564645137,0.026627616,0.017137858,0.009489758,21.20524545,4550621.061,5462930.445,3550904.789,2012658.585,0.1,0.2,0.4,0.35,2738601.284,21647.80319,3826.632317,2185.311504,1366.094913,1037.773576,1745.411267,198.1262285,989.7019615,6354.196124,0.241726209,918.9455951,1148.681994,428.2614528,3720,30.02876299,1731.371537,1369.300642,614.6264255,0.263463819,0.402174884,1353.306191
310,398.7697181,26203.71544,84.46148058,30.48075272,4.083112183,16.89229612,25.33844417,0.583466642,0.027572195,0.017439242,0.010132953,21.1614145,4796812.108,5758477.921,4030934.544,1818466.712,0.3,0.12,0.4,0.3,2730002.254,21559.75522,3709.578295,2185.311504,1317.544729,1034.25471,1887.90653,194.7286981,955.2539724,6334.24436,0.241730772,923.9602226,1154.950278,428.6224835,3720,30.1289388,1730.921527,1365.001127,614.4110644,0.263389096,0.40183613,1354.447048
320,398.7697181,26762.31905,82.48526423,30.12205017,4.040120109,16.49705285,24.74557927,0.602288146,0.028486371,0.017689135,0.010797236,21.14302839,5106617.29,6130392.906,3678235.743,2581218.066,0.3,0.2,0.1,0.4,2770487.265,22108.50647,4212.568662,2185.311504,1286.717026,1042.638008,1888.521685,192.5373594,933.3806799,6428.179063,0.240195143,933.8125797,1167.265725,428.6567383,3720,30.53011505,1734.621223,1385.243632,624.8372877,0.264975486,0.401804019,1354.555293
280,398.7697181,27123.19812,96.81182513,32.63326641,4.341347221,19.36236503,29.04354754,0.527002128,0.024712517,0.016445883,0.008266634,21.32531181,4175701.407,5012846.827,3508992.779,1583004.261,0.2,0.2,0.3,0.3,2849161.596,22482.14387,4193.641358,2185.311504,1510.202154,1070.764381,1656.360971,207.8551959,1091.950898,6610.721932,0.243729442,921.0542524,1151.317815,428.7766354,3720,30.82919222,1737.032041,1424.580798,624.0764156,0.265160781,0.401691664,1354.934168
310,398.7697181,26088.80189,84.2039263,30.43424369,4.077537156,16.84078526,25.26117789,0.583466642,0.027587431,0.017454478,0.010132953,21.14972749,4782184.854,5740918.192,3731596.825,2115075.123,0.2,0.2,0.2,0.35,2716102.994,21445.81503,3697.439849,2185.311504,1313.527048,1031.100812,1828.962319,194.4446356,952.4032926,6301.994822,0.241559381,922.9868533,1153.733567,428.9519807,3720,29.90065277,1730.25151,1358.051497,613.0492222,0.263160911,0.401527462,1355.488259
290,398.7697181,26364.83336,90.84886057,31.61229929,4.218812742,18.16977211,27.25465817,0.545823633,0.025713783,0.016846131,0.008867652,21.2268898,4307363.165,5170904.16,3102542.496,2177222.804,0.3,0.2,0.4,0.4,2737911.242,21729.86807,3948.90315,2185.311504,1417.183745,1040.697876,1609.229556,201.6340253,1025.951207,6352.595063,0.240949562,914.9652908,1143.706613,428.9751169,3720,29.93359927,1732.084099,1368.955621,614.6959325,0.263551648,0.401505806,1355.56137
320,398.7697181,26688.49621,83.95610542,30.38942513,4.072164964,16.79122108,25.18683163,0.602288146,0.028397051,0.017599815,0.010797236,21.20953161,5197676.259,6239707.393,4679780.545,1642028.261,0.3,0.12,0.2,0.25,2834425.962,22025.63132,3713.954321,2185.311504,1309.661202,1061.230314,2094.724347,194.1708798,949.6603446,6576.53181,0.246418223,942.8648889,1178.581111,429.8313756,3720,30.83595975,1734.45722,1417.212981,622.9566278,0.264745863,0.400705974,1358.267147
310,398.7697181,26328.81784,84.86198183,30.55293439,4.091765,16.97239637,25.45859455,0.583466642,0.027548669,0.017415716,0.010132953,21.17948541,4819557.734,5785783.594,4339337.695,1522574.63,0.3,0.12,0.3,0.25,2740314.793,21681.41293,3728.432519,2185.311504,1323.792291,1039.159074,1950.285002,195.1695234,959.6868276,6358.171864,0.241490974,927.4049133,1159.256142,429.9890859,3720,30.36760796,1732.124818,1370.157396,615.9253738,0.263694292,0.400559004,1358.765511
320,398.7697181,26549.47374,83.63250995,30.33080298,4.065138499,16.72650199,25.08975298,0.602288146,0.028416457,0.017619221,0.010797236,21.19504717,5177642.641,6215657.432,4350960.203,1962839.189,0.3,0.12,0.3,0.3,2815386.387,21886.98954,3698.540991,2185.311504,1304.613321,1057.139874,2029.131579,193.8127836,946.0787032,6532.355537,0.246044634,942.4841969,1178.105246,431.1407712,3720,30.57378878,1733.899591,1407.693193,621.248942,0.26449146,0.39948901,1362.404837
320,398.7697181,26546.12432,84.12918708,30.42073401,4.075917793,16.82583742,25.23875613,0.602288146,0.028386727,0.017589491,0.010797236,21.21724546,5208391.649,6252571.008,3751542.605,2632661.477,0.2,0.2,0.2,0.4,2839016.767,21880.88453,3722.165035,2185.311504,1312.361164,1063.41817,1923.912949,194.3621191,951.5760589,6587.183553,0.248141065,945.2397932,1181.549741,431.2447744,3720,30.33570323,1733.906072,1419.508384,622.129668,0.264591097,0.399392666,1362.733487
330,398.7697181,27623.67573,82.61295977,30.14535715,4.042913163,16.52259195,24.78388793,0.621109651,0.02930126,0.017818653,0.011482607,21.19736997,5561594.835,6676584.435,5007438.326,1756995.904,0.1,0.15,0.2,0.25,2908261.235,22945.80981,4347.45319,2185.311504,1288.708994,1076.88582,2233.271562,192.6797781,934.7940484,6747.846929,0.244277662,957.8659196,1197.3324,431.4603401,3720,31.85901936,1741.059843,1454.130618,638.1163457,0.267189851,0.399193122,1363.414675
290,398.7697181,26795.90839,92.32621825,31.86829774,4.249529104,18.46524365,27.69786547,0.545823633,0.025638815,0.016771163,0.008867652,21.28895725,4377408.249,5254991.896,3941243.922,1382892.604,0.2,0.15,0.4,0.25,2790319.793,22151.52832,4017.875468,2185.311504,1440.229574,1057.621801,1780.693985,203.1947482,1042.302998,6474.195172,0.241611334,924.3800668,1155.475083,431.4804283,3720,30.67446514,1735.619235,1395.159897,620.1933861,0.26456604,0.399174537,1363.478153
300,398.7697181,26154.09349,87.13365384,30.95916976,4.140471942,17.42673077,26.14009615,0.564645137,0.026651995,0.017162237,0.009489758,21.18584889,4527749.612,5435473.724,3533057.921,2002542.951,0.2,0.2,0.3,0.35,2701034.799,21513.73206,3805.938794,2185.311504,1359.228912,1032.5576,1737.147308,197.6496179,984.8303026,6267.033082,0.239619587,920.3614296,1150.451787,431.717243,3720,29.89003274,1731.444165,1350.517399,612.5561623,0.263239478,0.398955573,1364.226488
290,398.7697181,26597.55228,91.64652137,31.75077535,4.23542731,18.32930427,27.49395641,0.545823633,0.025673034,0.016805383,0.008867652,21.26058115,4345182.184,5216305.143,3651413.6,1647254.256,0.3,0.15,0.4,0.3,2757767.487,21955.79159,3986.089353,2185.311504,1429.62674,1049.835507,1719.703014,202.4783287,1034.779931,6398.666201,0.240573498,921.7606963,1152.20087,431.9911663,3720,30.37011983,1734.450894,1378.883744,617.5197361,0.264134571,0.398702597,1365.092086
330,398.7697181,27590.89516,83.01228929,30.21812671,4.05163405,16.60245786,24.90368679,0.621109651,0.029276742,0.017794135,0.011482607,21.21512172,5588478.135,6708857.304,4360757.248,2471684.27,0.3,0.12,0.3,0.35,2921769.659,22910.1325,4378.591247,2185.311504,1294.938278,1082.091331,2118.346407,193.1244097,939.2139346,6779.189635,0.245703867,960.7626537,1200.953317,432.1115697,3720,31.57658535,1741.023722,1460.884829,638.6030265,0.26724045,0.398591503,1365.47256
310,398.7697181,25948.89621,83.75136228,30.35234727,4.067720764,16.75027246,25.12540868,0.583466642,0.027614409,0.017481456,0.010132953,21.12906513,4756482.433,5710062.945,3711540.914,2103707.401,0.3,0.2,0.1,0.35,2676448.088,21304.52913,3676.072307,2185.311504,1306.467341,1025.558911,1819.698963,193.9443915,947.3941927,6209.986158,0.239316004,924.3670816,1155.458852,432.5380789,3720,29.75376086,1730.310911,1338.224044,610.8578653,0.262921484,0.398198467,1366.820329
330,398.7697181,27082.79052,83.77218073,30.35611945,4.068172896,16.75443615,25.13165422,0.621109651,0.029230673,0.017748066,0.011482607,21.24855794,5639634.858,6770269.938,4400675.459,2494309.977,0.3,0.1,0.4,0.35,2957148.784,22397.07449,3733.248448,2185.311504,1306.792095,1091.996996,2136.633044,193.9674342,947.6246169,6861.277489,0.253344554,965.7160269,1207.145034,432.8072236,3720,31.09198828,1737.874405,1478.574392,631.5070446,0.266089867,0.397950844,1367.670826
320,398.7697181,26754.63036,84.59450188,30.50474587,4.085988319,16.91890038,25.37835056,0.602288146,0.028359161,0.017561925,0.010797236,21.23786894,5237199.032,6287153.7,4401007.59,1985416.958,0.3,0.1,0.4,0.3,2854382.287,22085.27087,3744.292243,2185.311504,1319.619776,1069.300029,2051.170294,194.8752333,956.7262879,6622.835156,0.247539774,949.3594905,1186.699363,432.8398887,3720,30.78729365,1735.720835,1427.191143,624.4327142,0.265053541,0.397920812,1367.774048
330,398.7697181,27360.51701,82.86196391,30.1907536,4.048353525,16.57239278,24.85858917,0.621109651,0.029285947,0.017803339,0.011482607,21.20845391,5578358.066,6696708.362,3348354.181,3524583.348,0.2,0.2,0.4,0.5,2912417.202,22679.27289,4366.73775,2185.311504,1292.593299,1080.131745,1927.350144,192.9571619,937.550093,6757.489745,0.246979607,961.2441201,1201.55515,433.3975048,3720,30.95854193,1739.863839,1456.208601,636.5115317,0.266875309,0.397408841,1369.536115
300,398.7697181,26284.65595,87.5667566,31.03601654,4.149687476,17.51335132,26.27002698,0.564645137,0.026628005,0.017138246,0.009489758,21.20493615,4550255.048,5462491.054,3823743.738,1724997.175,0.1,0.2,0.3,0.3,2713828.4,21640.3829,3826.207264,2185.311504,1365.985036,1037.690105,1796.18231,198.1186111,989.6240002,6296.717232,0.23955867,924.2730521,1155.341315,433.4747322,3720,30.12777042,1732.791297,1356.9142,614.1686129,0.263571849,0.397338039,1369.780154
330,398.7697181,27517.93403,83.03658118,30.22254776,4.052163896,16.60731624,24.91097435,0.621109651,0.029275258,0.01779265,0.011482607,21.21619754,5590113.491,6710820.518,4026492.311,2825608.639,0.2,0.2,0.1,0.4,2915086.834,22835.41594,4380.363858,2185.311504,1295.317216,1082.407991,2056.34037,193.1514213,939.4828037,6763.683917,0.24579185,962.5180888,1203.147611,433.68942,3720,31.37477779,1740.978493,1457.543417,637.9673414,0.267163981,0.397141346,1370.458567
320,398.7697181,26695.4416,84.62046087,30.50942591,4.086549337,16.92409217,25.38613826,0.602288146,0.028357631,0.017560395,0.010797236,21.2390146,5238806.139,6289083,4087903.95,2317030.579,0.1,0.2,0.2,0.35,2852405.952,22024.94198,3745.511471,2185.311504,1320.024719,1069.628167,1993.123903,194.9038155,957.013609,6618.249595,0.247916843,950.4996156,1188.124519,433.8150305,3720,30.60738733,1735.598515,1426.202976,623.9750387,0.264988406,0.397026354,1370.855496
320,398.7697181,26669.8138,84.53602444,30.49420058,4.084724214,16.90720489,25.36080733,0.602288146,0.02836261,0.017565374,0.010797236,21.23528625,5233578.726,6282807.594,4083824.936,2314718.587,0.3,0.12,0.4,0.35,2845423.689,21999.32115,3741.481647,2185.311504,1318.707565,1068.560839,1991.248785,194.8108299,956.0790438,6602.049111,0.247547627,950.4926447,1188.115806,434.2464922,3720,30.58071641,1735.548052,1422.711844,623.576869,0.264938023,0.396631874,1372.218915
330,398.7697181,27729.93036,83.6101347,30.32674532,4.06465216,16.72202694,25.08304041,0.621109651,0.029240434,0.017757826,0.011482607,21.24146516,5628725.742,6757173.759,4392162.944,2489485.069,0.1,0.2,0.1,0.35,2942158.129,23043.59185,4425.246902,2185.311504,1304.264281,1089.884624,2132.734131,193.787996,945.8310479,6826.495658,0.246177887,966.338517,1207.923146,434.2939974,3720,31.71841232,1742.536365,1471.079064,640.7317259,0.267649385,0.396588489,1372.369032
330,398.7697181,27246.47465,84.28913426,30.44963837,4.079382489,16.85782685,25.28674028,0.621109651,0.029199763,0.017717156,0.011482607,21.271051,5674436.735,6812048.902,4768434.231,2151173.337,0.3,0.1,0.3,0.3,2972929.075,22556.19717,3758.077638,2185.311504,1314.856237,1098.735815,2212.606828,194.5386636,953.3463971,6897.891458,0.253166384,970.2774742,1212.846843,434.4417907,3720,31.38838576,1739.401083,1486.464538,633.5439846,0.266490074,0.396453573,1372.836058
300,398.7697181,26009.34803,86.61658505,30.86717408,4.129440456,17.32331701,25.98497552,0.564645137,0.026680921,0.017191163,0.009489758,21.16288035,4500881.027,5403218.52,3512092.038,1990659.455,0.3,0.2,0.2,0.35,2662132.199,21368.40021,3781.67011,2185.311504,1351.162972,1026.430053,1727.436351,197.0881041,979.1072466,6176.769944,0.23748269,920.9478208,1151.184776,434.7302997,3720,29.73885306,1731.31428,1331.0661,610.2976544,0.262971253,0.396190466,1373.747747
290,398.7697181,26353.20927,90.80897608,31.60535931,4.217980116,18.16179522,27.24269282,0.545823633,0.025715837,0.016848185,0.008867652,21.22519396,4305472.146,5168634.028,3359612.118,1904233.589,0.2,0.2,0.4,0.35,2711447.696,21712.37806,3946.933488,2185.311504,1416.561573,1040.240978,1656.719625,201.5917072,1025.509755,6291.193442,0.238725894,920.8312081,1151.03901,434.854687,3720,30.01735565,1733.624078,1355.723848,614.1047494,0.263658201,0.396077138,1374.140811
310,398.7697181,26218.29915,84.50797587,30.48914126,4.084117737,16.90159517,25.35239276,0.583466642,0.027569453,0.0174365,0.010132953,21.16351879,4799452.71,5761647.911,4321235.933,1516223.134,0.1,0.15,0.4,0.25,2708102.218,21567.62287,3711.656689,2185.311504,1318.270026,1034.824071,1942.590252,194.7799307,955.7685947,6283.431149,0.239658229,930.6762806,1163.345351,434.9261093,3720,30.24884257,1732.751458,1354.051109,614.1693266,0.263567455,0.396012096,1374.366505
320,398.7697181,27171.3099,83.59796851,30.3245388,4.064387694,16.7195937,25.07939055,0.602288146,0.028418537,0.017621301,0.010797236,21.19349623,5175504.2,6213090.276,4659817.707,1635023.757,0.1,0.15,0.3,0.25,2799917.222,22504.78262,4296.521904,2185.311504,1304.074497,1056.70325,2086.26882,193.7745168,945.6963893,6496.463455,0.239092759,946.5272848,1183.159106,435.2559346,3720,31.29664647,1739.130434,1399.958611,629.736667,0.266032104,0.395712008,1375.408753
290,398.7697181,26646.7641,91.81514806,31.77997213,4.238930594,18.36302961,27.54454442,0.545823633,0.025664502,0.01679685,0.008867652,21.26764932,4353177.181,5225902.979,3919427.234,1375237.626,0.3,0.15,0.3,0.25,2748594.254,22000.80413,3993.907363,2185.311504,1432.257208,1051.767216,1771.376713,202.6563239,1036.646336,6377.382152,0.239330454,925.9599656,1157.449957,435.3135178,3720,30.51845944,1735.689355,1374.297127,617.8827556,0.264314422,0.395659664,1375.590716
320,398.7697181,26733.99402,82.6011229,30.14319744,4.042654346,16.52022458,24.78033687,0.602288146,0.02847923,0.017681994,0.010797236,21.14832954,5113790.037,6139003.646,3683402.188,2584843.64,0.3,0.15,0.4,0.4,2748174.551,22072.25038,4220.767698,2185.311504,1288.524347,1044.10253,1891.017149,192.6665813,934.6630348,6376.408344,0.238513121,941.7436404,1177.17955,435.7756698,3720,30.49664173,1736.392021,1374.087276,624.3556903,0.265120268,0.395240056,1377.051116
330,398.7697181,27189.4821,82.31980689,30.09182407,4.036497965,16.46396138,24.69594207,0.621109651,0.029319396,0.017836789,0.011482607,21.18425781,5541859.462,6652892.512,3326446.256,3501522.375,0.3,0.2,0.3,0.5,2872145.95,22508.75355,4324.250857,2185.311504,1284.135998,1073.064388,1915.527987,192.3526538,931.5493538,6664.051012,0.245096651,960.7285509,1200.910689,435.8420988,3720,30.78371186,1739.411203,1436.072975,633.8585651,0.266526539,0.395179815,1377.261032
320,398.7697181,26761.99917,82.48523596,30.12204501,4.04011949,16.49704719,24.74557079,0.602288146,0.028486373,0.017689137,0.010797236,21.1430271,5106615.54,6130390.805,3984754.023,2258565.033,0.2,0.15,0.4,0.35,2742620.63,22100.3929,4211.95687,2185.311504,1286.716585,1042.637651,1945.676845,192.5373279,933.380367,6363.521948,0.23778201,941.6062657,1177.007832,436.2438373,3720,30.64130198,1736.705492,1371.310315,624.3296333,0.265152545,0.394815893,1378.530526
300,398.7697181,26340.92765,87.75334847,31.06906554,4.153650908,17.55066969,26.32600454,0.564645137,0.026617735,0.017127977,0.009489758,21.21311732,4559950.972,5474130.819,4105598.114,1440560.742,0.3,0.12,0.4,0.25,2705754.704,21692.57334,3834.902137,2185.311504,1368.895749,1039.901321,1850.805604,198.3202922,991.689249,6277.984368,0.238335736,928.354316,1160.442895,436.5617056,3720,30.28832178,1734.012293,1352.877352,614.6278046,0.26376054,0.39452842,1379.53499
300,398.7697181,26141.88175,87.09303341,30.95195256,4.139606478,17.41860668,26.12791002,0.564645137,0.026654256,0.017164498,0.009489758,21.18405166,4525638.842,5432939.786,3803057.85,1715665.196,0.2,0.2,0.2,0.3,2673527.234,21496.11328,3803.936891,2185.311504,1358.595259,1032.076225,1787.011249,197.605569,984.3807048,6203.209091,0.237290075,925.7684667,1157.210583,437.1665199,3720,29.97793121,1732.861834,1336.763617,611.9421511,0.263329731,0.393982595,1381.446203
320,398.7697181,26530.13109,84.07575026,30.41107122,4.074759556,16.81515005,25.22272508,0.602288146,0.02838991,0.017592674,0.010797236,21.21486638,5205083.405,6248599.526,4061589.692,2302115.615,0.2,0.2,0.1,0.35,2806977.391,21858.78165,3719.511262,2185.311504,1311.527584,1062.742697,1981.025613,194.3030983,950.9846058,6512.844698,0.245488598,951.3494472,1189.186809,437.4697235,3720,30.43437805,1735.512251,1403.488695,621.3924999,0.26468869,0.393709532,1382.404326
290,398.7697181,26438.76403,91.10224464,31.65635309,4.224098206,18.22044893,27.33067339,0.545823633,0.025700769,0.016833117,0.008867652,21.23763834,4319376.714,5185326.187,3629728.331,1637471.428,0.1,0.2,0.4,0.3,2712474.811,21793.57731,3960.5646,2185.311504,1421.136374,1043.600526,1710.066569,201.9026437,1028.75573,6293.576589,0.238043525,925.1867217,1156.483402,437.7680677,3720,30.20262232,1734.990706,1356.237406,615.0296041,0.263915543,0.393441214,1383.347094
290,398.7697181,26228.01047,90.37970825,31.53056915,4.209007409,18.07594165,27.11391248,0.545823633,0.025738053,0.016870401,0.008867652,21.20687361,4285119.525,5144201.11,3343730.722,1895231.988,0.3,0.2,0.3,0.35,2676202.665,21585.81974,3926.855014,2185.311504,1409.865271,1035.323487,1649.344761,201.1356315,1020.758503,6209.416718,0.236747531,922.1907329,1152.738416,438.1067672,3720,29.88682499,1733.690359,1338.101332,612.1564567,0.263446845,0.393137045,1384.417384
310,398.7697181,25992.68819,83.89289167,30.3779823,4.070793397,16.77857833,25.1678675,0.583466642,0.027605944,0.017472991,0.010132953,21.13554424,4764520.297,5719712.241,4003798.569,1806224.918,0.2,0.15,0.4,0.3,2662881.157,21341.64797,3682.629492,2185.311504,1308.675108,1027.292018,1875.906858,194.1009831,948.9606779,6178.507702,0.237701759,931.0402187,1163.800273,438.3288006,3720,29.90385132,1732.193466,1331.440579,611.0740624,0.263157182,0.392937904,1385.11901
310,398.7697181,25906.37819,83.80835437,30.36267278,4.068958379,16.76167087,25.14250631,0.583466642,0.027610997,0.017478044,0.010132953,21.1316761,4759719.179,5713948.594,3714066.586,2105138.956,0.3,0.15,0.4,0.35,2652338.671,21254.66405,3678.631999,2185.311504,1307.356381,1026.256811,1820.865652,194.0074655,948.0249964,6154.046665,0.23754948,931.7141416,1164.642677,439.4035111,3720,29.70561851,1731.917046,1326.169335,610.1545486,0.263022874,0.391976841,1388.515095
330,398.7697181,27594.59402,83.26306993,30.26373687,4.057100355,16.65261399,24.97892098,0.621109651,0.029261454,0.017778847,0.011482607,21.22620593,5605360.962,6729124.804,4373931.123,2479151.244,0.1,0.15,0.4,0.35,2903850.546,22904.0976,4397.561321,2185.311504,1298.850294,1085.360415,2124.382308,193.4030697,941.989642,6737.613098,0.244164241,970.4964127,1213.120516,440.2298034,3720,31.57578974,1743.280443,1451.925273,638.6070499,0.267494339,0.391241117,1391.126179
310,398.7697181,26099.07667,84.23693814,30.44020893,4.078252195,16.84738763,25.27108144,0.583466642,0.027585473,0.01745252,0.010132953,21.15122837,4784059.692,5743168.898,4307376.674,1511360.236,0.2,0.15,0.3,0.25,2667800.03,21444.18705,3698.79112,2185.311504,1314.042011,1031.505061,1936.697877,194.4810704,952.7686765,6189.920638,0.237170101,934.8896217,1168.612027,440.3685524,3720,30.12211813,1733.458988,1333.900015,612.2985655,0.26343682,0.391117847,1391.564626
280,398.7697181,26543.03177,94.71239248,32.27748933,4.298637932,18.9424785,28.41371774,0.527002128,0.024810634,0.016544,0.008266634,21.24097783,4085148.379,4904139.711,3187690.812,1806788.315,0.3,0.2,0.4,0.35,2710417.324,21898.89747,4095.737211,2185.311504,1477.452356,1047.543558,1576.785896,205.6882865,1068.713814,6288.802738,0.236928577,924.1342974,1155.167872,440.7482059,3720,30.13288103,1736.499,1355.208662,615.4553179,0.264132739,0.390780944,1392.764331
290,398.7697181,26303.11413,90.63719358,31.57545137,4.21439195,18.12743872,27.19115807,0.545823633,0.025724705,0.016857053,0.008867652,21.21787765,4297327.524,5158856.571,3611199.6,1629112.601,0.2,0.2,0.3,0.3,2674407.032,21656.48068,3938.802123,2185.311504,1413.881876,1038.273118,1701.830529,201.4093322,1023.60842,6205.25043,0.235913147,926.6334528,1158.291816,441.26566,3720,30.06081853,1735.055798,1337.203516,612.9214952,0.263686105,0.390322691,1394.399486
330,398.7697181,27730.70321,83.61270792,30.32721199,4.064708094,16.72254158,25.08381238,0.621109651,0.029240278,0.017757671,0.011482607,21.24157795,5628898.974,6757381.722,4730167.205,2133910.017,0.1,0.15,0.3,0.3,2912090.397,23036.61652,4424.83986,2185.311504,1304.304422,1089.918167,2195.822179,193.7908469,945.8595291,6756.731482,0.243655252,974.0866963,1217.60837,441.8270149,3720,31.84139137,1744.612942,1456.045199,640.2015309,0.26782305,0.389826774,1396.173367
300,398.7697181,25637.21724,85.38460121,30.64686955,4.10302628,17.07692024,25.61538036,0.564645137,0.02675112,0.017261362,0.009489758,21.10734566,4436863.118,5326366.288,3195819.773,2242680.542,0.3,0.2,0.4,0.4,2579066.121,20994.91224,3723.945081,2185.311504,1331.944817,1011.83038,1654.656722,195.7431322,965.4713192,5984.037195,0.233412119,922.3050005,1152.881251,441.8721621,3720,29.24669227,1730.81036,1289.53306,604.8531795,0.262303227,0.389786945,1396.316032
320,398.7697181,26645.52327,84.45503964,30.47959048,4.082972863,16.89100793,25.33651189,0.602288146,0.028367394,0.017570158,0.010797236,21.23170519,5228565.002,6276788.717,4393752.102,1982143.806,0.1,0.15,0.4,0.3,2810333.358,21967.26669,3737.482318,2185.311504,1317.444255,1067.537143,2047.976048,194.7215998,955.1826824,6520.631328,0.244717706,958.2565848,1197.820731,442.2247562,3720,30.66894315,1737.581689,1405.166679,622.6843092,0.26506617,0.38947616,1397.43023
320,398.7697181,26692.41048,82.4769661,30.12053497,4.039938533,16.49539322,24.74308983,0.602288146,0.028486883,0.017689647,0.010797236,21.14264829,5106103.558,6129776.18,3984354.517,2258338.593,0.3,0.15,0.3,0.35,2710582.37,22024.39629,4210.826291,2185.311504,1286.587581,1042.533115,1945.492961,192.5281005,933.288834,6289.185684,0.235617,948.0141852,1185.017732,442.5247051,3720,30.56674751,1737.973591,1355.291185,623.2317799,0.265171664,0.389212168,1398.378068
330,398.7697181,27537.05083,83.3938565,30.28749613,4.059947947,16.6787713,25.01815695,0.621109651,0.029253514,0.017770907,0.011482607,21.23196711,5614165.657,6739694.666,4043816.8,2837766.175,0.2,0.15,0.4,0.4,2896678.293,22843.27854,4407.606735,2185.311504,1300.890481,1087.0653,2064.668625,193.5482221,943.4372229,6720.971791,0.244070138,973.7722847,1217.215356,442.7099259,3720,31.38913886,1743.5846,1448.339146,638.2109943,0.267484019,0.38904933,1398.963366
310,398.7697181,25793.06449,83.66958159,30.33752458,4.065944134,16.73391632,25.10087448,0.583466642,0.027619312,0.017486359,0.010132953,21.12531402,4751837.871,5704487.24,3422692.344,2401889.364,0.2,0.2,0.4,0.4,2631649.062,21138.34067,3672.03848,2185.311504,1305.191615,1024.557461,1764.855966,193.8538443,946.4890221,6106.041929,0.23673193,934.7238173,1168.404772,443.0195378,3720,29.47719592,1732.160074,1315.824531,608.7900304,0.262896927,0.388777436,1399.941739
300,398.7697181,26069.03243,86.81371289,30.90227891,4.133649892,17.36274258,26.04411387,0.564645137,0.026669856,0.017180098,0.009489758,21.17166027,4511124.434,5415515.527,4061636.645,1425135.665,0.2,0.15,0.4,0.25,2630581.317,21416.9135,3790.71891,2185.311504,1354.238039,1028.766125,1832.065659,197.3023821,981.2891104,6103.56451,0.234130842,932.1189343,1165.148668,444.6608112,3720,30.0003431,1734.440379,1315.290658,610.3659054,0.263329989,0.387342432,1405.128163
280,398.7697181,26577.96162,94.8362156,32.29858157,4.301169672,18.96724312,28.45086468,0.527002128,0.024804739,0.016538105,0.008266634,21.2460263,4090489.136,4910551.183,3437385.828,1550700.374,0.2,0.2,0.4,0.3,2698258.684,21928.98463,4101.409285,2185.311504,1479.383917,1048.913106,1624.464899,205.816781,1070.084322,6260.591845,0.235555756,928.9769883,1161.221235,444.9214033,3720,30.26026642,1737.877241,1349.129342,615.6107711,0.264304978,0.387115564,1405.951634
300,398.7697181,25870.10262,86.15545264,30.78489855,4.119575211,17.23109053,25.84663579,0.564645137,0.026706983,0.017217225,0.009489758,21.14222835,4476919.079,5374452.676,3762116.873,1697195.582,0.3,0.15,0.4,0.3,2598128.225,21220.74301,3759.908853,2185.311504,1343.969603,1020.965384,1768.852779,196.5858569,974.0033094,6028.26574,0.233020558,929.3596142,1161.699518,445.0882409,3720,29.6908928,1733.239816,1299.064113,607.6762415,0.262893103,0.386970457,1406.478841
330,398.7697181,27347.66788,82.82324318,30.18369883,4.04750806,16.56464864,24.84697295,0.621109651,0.029288322,0.017805715,0.011482607,21.20673355,5575751.344,6693579.044,4016147.426,2818349.071,0.3,0.15,0.3,0.4,2850366.176,22653.64409,4362.694315,2185.311504,1291.98928,1079.626996,2051.366483,192.9140567,937.1215215,6613.516838,0.241831109,974.023785,1217.529731,446.0558035,3720,31.19376029,1743.260278,1425.183088,635.2805528,0.267118498,0.386131059,1409.536339
320,398.7697181,26468.2764,83.87104878,30.37402734,4.070319348,16.77420976,25.16131464,0.602288146,0.028402139,0.017604903,0.010797236,21.20573231,5192410.449,6233385.894,4363370.126,1968437.651,0.2,0.15,0.3,0.3,2761815.302,21789.16015,3709.619079,2185.311504,1308.334373,1060.155147,2034.597519,194.0768246,948.718915,6408.05808,0.242103338,959.1162507,1198.895313,446.0930936,3720,30.48262476,1737.475006,1380.907651,619.9171146,0.264743423,0.386098782,1409.654176
320,398.7697181,26755.91078,82.66662646,30.15514701,4.044086373,16.53332529,24.79998794,0.602288146,0.028475201,0.017677965,0.010797236,21.15132188,5117845.326,6143871.94,4300710.358,1940170.086,0.3,0.15,0.2,0.3,2699791.723,22082.78687,4224.86534,2185.311504,1289.54616,1044.930534,2006.99129,192.7395982,935.3880457,6264.148855,0.234122056,953.123908,1191.404885,446.5137912,3720,30.74622224,1739.489472,1349.895861,623.745403,0.265399585,0.385735006,1410.98358
330,398.7697181,27543.92625,83.11434972,30.23669702,4.053859647,16.62286994,24.93430491,0.621109651,0.02927051,0.017787903,0.011482607,21.2196386,5595348.954,6717105.587,4701973.911,2121191.238,0.2,0.15,0.2,0.3,2862001.581,22847.6607,4385.402118,2185.311504,1296.530355,1083.421753,2183.451895,193.2378692,940.3435668,6640.513701,0.241088131,976.2655538,1220.331942,446.6573114,3720,31.64686814,1744.715246,1431.00079,637.3146789,0.267510335,0.385611062,1411.437104
310,398.7697181,25990.61153,84.2792268,30.44784877,4.079167972,16.85584536,25.28376804,0.583466642,0.027582967,0.017450015,0.010132953,21.15314976,4786461.388,5746052.086,4022236.46,1814542.764,0.3,0.15,0.3,0.3,2639267.099,21328.96564,3700.6694,2185.311504,1314.701687,1032.022909,1884.060626,194.5277331,953.2367387,6123.717558,0.235612677,941.6458933,1177.057367,446.7320857,3720,29.89850659,1734.49053,1319.63355,611.0143449,0.263408444,0.385546518,1411.673391
320,398.7697181,26765.54698,83.10936617,30.23579051,4.053751004,16.62187323,24.93280985,0.602288146,0.02844812,0.017650884,0.010797236,21.17145672,5145255.098,6176776.828,3706066.097,2600748.138,0.1,0.2,0.4,0.4,2725591.381,22089.58749,4258.411234,2185.311504,1296.452615,1050.527026,1901.961977,193.2323307,940.2884075,6324.010102,0.236274271,955.9594898,1194.949362,446.9748824,3720,30.52244062,1739.679826,1362.795691,624.7830368,0.265537492,0.385337089,1412.440629
320,398.7697181,26642.23086,84.44357691,30.47752198,4.082724908,16.88871538,25.33307307,0.602288146,0.028368072,0.017570836,0.010797236,21.23119792,5227855.35,6275936.795,4706952.596,1651562.314,0.2,0.15,0.2,0.25,2782141.053,21958.99615,3736.848962,2185.311504,1317.265443,1067.392247,2106.230704,194.7089664,955.0558098,6455.218579,0.24229272,963.2347033,1204.043379,447.1302545,3720,30.78109644,1738.908923,1391.070526,622.1570027,0.265156004,0.385203189,1412.931604
300,398.7697181,25625.74878,85.34642884,30.64001823,4.102204891,17.06928577,25.60392865,0.564645137,0.026753324,0.017263566,0.009489758,21.10560644,4434879.557,5323985.062,3460590.29,1961468.181,0.2,0.2,0.4,0.35,2551925.253,20977.40431,3722.054002,2185.311504,1331.349352,1011.378017,1703.569101,195.7012977,965.0488171,5921.064027,0.231059162,928.3444694,1160.430587,447.9248956,3720,29.33318092,1732.398661,1275.962626,604.2471091,0.262413535,0.384519819,1415.44267
310,398.7697181,25834.72155,83.80733083,30.36248737,4.068936156,16.76146617,25.14219925,0.583466642,0.027611058,0.017478105,0.010132953,21.13162923,4759661.049,5713878.81,3714021.227,2105113.246,0.1,0.2,0.4,0.35,2617790.331,21174.24414,3678.43215,2185.311504,1307.340414,1026.244277,1820.844699,194.0063329,948.0136676,6073.886428,0.23510555,940.4774137,1175.596767,447.9343211,3720,29.62633059,1733.787864,1308.895165,608.9894795,0.263102132,0.384511728,1415.472455
280,398.7697181,26452.94772,94.40270867,32.22467681,4.292298908,18.88054173,28.3208126,0.527002128,0.02482544,0.016558806,0.008266634,21.2283098,4071791.053,4888104.505,3421673.154,1543611.949,0.3,0.2,0.3,0.3,2662879.486,21802.38228,4081.215896,2185.311504,1472.621488,1044.118295,1617.461486,205.3665353,1065.286151,6178.503824,0.233565797,930.5654437,1163.206805,448.319045,3720,30.12998249,1737.985843,1331.439743,613.6736721,0.264099631,0.384181761,1416.688182
330,398.7697181,27565.62083,83.47992409,30.30312137,4.061820693,16.69598482,25.04397723,0.621109651,0.029248301,0.017765694,0.011482607,21.23575117,5619959.821,6746650.446,4385322.79,2485608.059,0.2,0.15,0.3,0.35,2874040.147,22865.59085,4413.898682,2185.311504,1302.23308,1088.187246,2129.600924,193.6436786,944.389842,6668.445994,0.241911693,980.0299803,1225.037475,448.3374441,3720,31.54271853,1745.31973,1437.020074,638.132975,0.267670118,0.384165994,1416.746323
300,398.7697181,25919.06675,86.31738041,30.81381483,4.123042344,17.26347608,25.89521412,0.564645137,0.026697803,0.017208044,0.009489758,21.14949855,4485333.375,5384553.872,4038415.404,1416987.861,0.3,0.15,0.3,0.25,2588307.074,21265.38142,3767.420308,2185.311504,1346.495572,1022.884316,1822.162938,196.7623817,975.7955694,6005.478369,0.231701181,933.6853286,1167.106661,448.5290097,3720,29.84214077,1734.510572,1294.153537,608.025645,0.263075053,0.384001918,1417.351671
320,398.7697181,26543.57475,82.12088086,30.05544359,4.032138435,16.42417617,24.63626426,0.602288146,0.028508948,0.017711712,0.010797236,21.12628481,5084058.517,6103311.544,3967152.504,2248588.464,0.1,0.2,0.3,0.35,2665710.178,21870.05671,4183.33071,2185.311504,1281.03288,1038.031989,1937.574336,192.1303292,929.347587,6185.071693,0.233015777,953.5180376,1191.897547,449.7321178,3720,30.40884392,1738.973075,1332.855089,620.8833294,0.265020171,0.382974649,1421.153492
330,398.7697181,26596.27208,80.53539299,29.76389294,3.99720637,16.1070786,24.1606179,0.621109651,0.029432375,0.017949767,0.011482607,21.10294056,5421730.766,6508680.391,3254340.196,3425621.259,0.3,0.2,0.4,0.5,2723673.296,21911.00694,4184.894843,2185.311504,1256.30029,1049.803451,1876.586878,190.3482062,911.7989822,6319.559695,0.237610733,965.2651422,1206.581428,449.9635276,3720,30.1709218,1739.384668,1361.836648,624.5784729,0.265481372,0.382777691,1421.884747
300,398.7697181,25711.63844,85.63071396,30.69100607,4.108317813,17.12614279,25.68921419,0.564645137,0.02673695,0.017247192,0.009489758,21.11853217,4449651.941,5341719.017,3739203.312,1686858.637,0.1,0.2,0.4,0.3,2552544.774,21058.77869,3735.276452,2185.311504,1335.784017,1014.746948,1758.685677,196.0126222,968.195361,5922.501462,0.230343215,932.8597523,1166.07469,450.971439,3720,29.52222806,1733.80655,1276.272387,605.1714149,0.262675449,0.381922191,1425.069747
300,398.7697181,25499.93229,84.92964576,30.56511252,4.093224909,16.98592915,25.47889373,0.564645137,0.026777511,0.017287752,0.009489758,21.08654332,4413222.145,5297985.768,3443690.749,1951889.494,0.3,0.2,0.3,0.35,2516234.082,20850.24186,3702.542985,2185.311504,1324.847805,1006.438915,1695.733432,195.2438927,960.4357502,5838.252156,0.228951673,929.6904356,1162.113044,451.2038639,3720,29.20091347,1732.46467,1258.117041,602.2746192,0.26219943,0.381725454,1425.80421
330,398.7697181,27122.98914,82.11988586,30.05526151,4.032116616,16.42397717,24.63596576,0.621109651,0.029331832,0.017849225,0.011482607,21.17527636,5528400.559,6636735.365,3982041.219,2794414.891,0.1,0.2,0.3,0.4,2796462.838,22427.3832,4307.44198,2185.311504,1281.017359,1070.458293,2034.963325,192.1292164,929.3365741,6488.448474,0.239223208,975.6059331,1219.507416,451.4199615,3720,30.95986265,1743.257361,1398.231419,631.770942,0.266724028,0.38154272,1426.487078
330,398.7697181,27360.13853,82.86082132,30.19054545,4.04832858,16.57216426,24.8582464,0.621109651,0.029286017,0.017803409,0.011482607,21.20840316,5578281.145,6696616.021,4352800.414,2467174.323,0.3,0.15,0.2,0.35,2824017.001,22659.88252,4365.157462,2185.311504,1292.575475,1080.116851,2114.70037,192.9558901,937.5374465,6552.380584,0.239486382,980.2560126,1225.320016,451.9219508,3720,31.32990162,1744.955394,1412.008501,634.9569519,0.267272524,0.381118907,1428.073365
310,398.7697181,25876.10372,84.50932732,30.48938505,4.084146961,16.90186546,25.3527982,0.583466642,0.027569374,0.017436421,0.010132953,21.16357993,4799529.463,5761740.051,3457044.031,2425995.811,0.3,0.2,0.3,0.4,2622143.656,21206.89091,3711.398519,2185.311504,1318.291107,1034.84062,1781.507329,194.7814196,955.783553,6083.987161,0.235119909,949.2128115,1186.516014,452.9534554,3720,29.55822858,1735.442459,1311.071828,610.0597336,0.263408142,0.38025099,1431.332919
320,398.7697181,26718.59556,83.18984373,30.25042613,4.055505063,16.63796875,24.95695312,0.602288146,0.028443226,0.01764599,0.010797236,21.17509985,5150237.419,6182758.006,3709654.804,2603266.529,0.2,0.2,0.3,0.4,2697767.981,22035.71306,4264.014753,2185.311504,1297.708013,1051.54431,1903.694711,193.3217483,941.1791547,6259.453301,0.234273291,962.8825019,1203.603127,453.2962607,3720,30.47109606,1741.108429,1348.883991,624.035025,0.265613925,0.379963426,1432.416184
310,398.7697181,25832.17815,83.79857968,30.3609021,4.068746145,16.75971594,25.1395739,0.583466642,0.027611582,0.017478629,0.010132953,21.13122848,4759164.046,5713282.168,3999297.518,1804194.369,0.1,0.2,0.3,0.3,2591803.966,21166.1518,3677.923593,2185.311504,1307.203902,1026.137115,1873.916081,193.9966493,947.9168075,6013.591977,0.232794615,946.0263503,1182.532938,453.3762038,3720,29.7291757,1735.267463,1295.901983,608.5020801,0.26321356,0.379896427,1432.668804
290,398.7697181,26065.11707,89.82103003,31.43296566,4.197298479,17.96420601,26.94630901,0.545823633,0.025767253,0.016899601,0.008867652,21.18284121,4258631.245,5112402.456,3834301.842,1345369.067,0.3,0.15,0.4,0.25,2584373.85,21409.53999,3900.539254,2185.311504,1401.150251,1028.923533,1734.997887,200.540367,1014.574903,5996.35237,0.23005277,935.5770863,1169.471358,453.6282947,3720,29.90490731,1736.880422,1292.186925,608.7987197,0.263428014,0.379685311,1433.465411
290,398.7697181,25737.83242,88.69836347,31.23590879,4.173661254,17.73967269,26.60950904,0.545823633,0.025826937,0.016959285,0.008867652,21.13388924,4205402.921,5048502.907,3281526.889,1859974.755,0.3,0.2,0.4,0.35,2536932.321,21087.35766,3848.312433,2185.311504,1383.637375,1016.062801,1620.441479,199.3383075,1002.148928,5886.276915,0.228701346,930.4747688,1163.093461,453.722514,3720,29.37159099,1734.736881,1268.46616,604.4691189,0.262701058,0.379606466,1433.763144
330,398.7697181,27518.65173,83.0393829,30.22305762,4.052225001,16.60787658,24.91181487,0.621109651,0.029275087,0.017792479,0.011482607,21.21632159,5590302.106,6711046.946,5033285.21,1766064.986,0.2,0.12,0.3,0.25,2825878.197,22814.94703,4378.921391,2185.311504,1295.360921,1082.444513,2244.182293,193.1545365,939.513814,6556.698994,0.238263817,983.7047039,1229.63088,454.3106549,3720,31.74156275,1746.653847,1412.939099,636.3879514,0.267623972,0.379115035,1435.62167
300,398.7697181,25575.30156,85.1791574,30.60997765,4.098603446,17.03583148,25.55374722,0.564645137,0.026763005,0.017273247,0.009489758,21.09797187,4426187.586,5313550.523,3719485.366,1677963.323,0.2,0.2,0.3,0.3,2513994.582,20921.01058,3714.127246,2185.311504,1328.740026,1009.395761,1749.934029,195.5178635,963.197412,5833.05599,0.228073791,934.2909812,1167.863727,454.497493,3720,29.37850034,1733.871066,1256.997291,603.0369893,0.262442991,0.378959186,1436.212078
330,398.7697181,26940.48659,81.57103868,29.95465616,4.020061622,16.31420774,24.47131161,0.621109651,0.029366257,0.017883649,0.011482607,21.1504536,5491451.567,6592378.832,3955427.299,2775738.456,0.2,0.2,0.2,0.4,2751619.691,22244.59551,4264.561443,2185.311504,1272.455696,1063.303729,2022.158512,191.5143456,923.2617865,6384.401874,0.236981684,975.8910813,1219.863852,454.6815892,3720,30.77098072,1742.952359,1375.809845,628.9388554,0.266371722,0.378805749,1436.793822
330,398.7697181,27497.06577,83.27339143,30.26561259,4.057325163,16.65467829,24.98201743,0.621109651,0.029260827,0.017778219,0.011482607,21.22666108,5606055.816,6729958.963,4710971.274,2125250.199,0.3,0.15,0.1,0.3,2828080.9,22791.35802,4397.178555,2185.311504,1299.011303,1085.494962,2187.400026,193.4145293,942.1038831,6561.80978,0.238636727,985.7077479,1232.134685,454.9900104,3720,31.59551745,1746.698876,1414.04045,636.5631145,0.2676487,0.37854897,1437.768433
320,398.7697181,26668.62496,82.40683436,30.10772622,4.038403587,16.48136687,24.72205031,0.602288146,0.028491215,0.017693979,0.010797236,21.13943363,5101761.74,6124563.914,4593422.936,1611727.346,0.3,0.12,0.3,0.25,2650330.41,21987.99842,4204.50466,2185.311504,1285.493571,1041.646609,2058.134087,192.4498296,932.5125971,6149.38703,0.23058508,960.6265386,1200.783173,455.1666332,3720,30.76599192,1741.293043,1325.165205,621.8970811,0.265394559,0.378402078,1438.326561
310,398.7697181,25891.41231,83.99468129,30.39640594,4.073001709,16.79893626,25.19840439,0.583466642,0.027599871,0.017466918,0.010132953,21.14019427,4770301.224,5726652.13,4294989.097,1507013.718,0.3,0.12,0.4,0.25,2583209.488,21220.9701,3687.093632,2185.311504,1310.262961,1028.538489,1931.430433,194.2135204,950.0873127,5993.650777,0.231491844,950.4422077,1188.05276,456.7002697,3720,29.89752885,1736.574283,1291.604744,608.9900074,0.263415116,0.377131374,1443.172852
330,398.7697181,27117.92385,82.10465432,30.05247407,4.031782598,16.42093086,24.6313963,0.621109651,0.029332782,0.017850174,0.011482607,21.17459077,5527375.156,6635504.388,4313077.852,2444659.512,0.1,0.2,0.2,0.35,2766017.544,22415.94429,4305.753126,2185.311504,1280.779756,1070.25974,2096.493445,192.1121816,929.1679874,6417.808264,0.236662965,981.9795548,1227.474443,457.710852,3720,31.07666775,1744.953953,1383.008772,631.1770171,0.266847862,0.376298703,1446.366292
330,398.7697181,26760.64792,81.03002937,29.85515572,4.008140049,16.20600587,24.30900881,0.621109651,0.029400604,0.017917997,0.011482607,21.1257444,5455030.228,6548655.736,3929193.442,2757328.731,0.3,0.2,0.1,0.4,2707382.864,22064.46977,4222.430409,2185.311504,1264.016299,1056.251339,2009.532214,190.9061383,917.2737503,6281.76208,0.234738789,976.178147,1220.222684,457.9030172,3720,30.58459155,1742.652644,1353.691432,626.1445121,0.266024249,0.376140784,1446.973534
300,398.7697181,25440.38323,84.73217752,30.52955867,4.088962768,16.9464355,25.41965326,0.564645137,0.026789045,0.017299287,0.009489758,21.07746407,4402961.049,5285667.526,3699967.268,1669158.166,0.3,0.2,0.2,0.3,2475845.64,20784.67805,3693.210834,2185.311504,1321.767427,1004.098811,1741.268797,195.0267691,958.2501188,5744.541515,0.225804048,935.7051844,1169.631481,457.9856854,3720,29.23611148,1733.933858,1237.92282,600.9227377,0.262212604,0.376072889,1447.234766
290,398.7697181,25773.02686,88.81908852,31.25715876,4.176210049,17.7638177,26.64572656,0.545823633,0.025820454,0.016952802,0.008867652,21.13919605,4211126.787,5055374.294,3538762.006,1596433.987,0.2,0.2,0.4,0.3,2524266.327,21117.54661,3853.844077,2185.311504,1385.520608,1017.445769,1669.611444,199.4679497,1003.485146,5856.888843,0.227248777,935.4802548,1169.350319,458.0431282,3720,29.50206213,1736.158501,1262.133163,604.6180308,0.262877434,0.376025726,1447.416285
330,398.7697181,27087.20297,82.01227771,30.03556317,4.029756189,16.40245554,24.60368331,0.621109651,0.029338548,0.017855941,0.011482607,21.17042877,5521156.261,6628038.729,4308225.174,2441909.005,0.3,0.12,0.4,0.35,2758565.772,22385.33155,4298.539177,2185.311504,1279.338741,1069.055554,2094.268639,192.008833,928.1455383,6400.518408,0.236293072,981.8714173,1227.339272,458.1077051,3720,31.04490694,1744.860843,1379.282886,630.7031295,0.266784186,0.37597272,1447.620348
310,398.7697181,25907.82576,84.61635097,30.508685,4.086460521,16.92327019,25.38490529,0.583466642,0.027563074,0.017430121,0.010132953,21.16841711,4805607.646,5769036.79,3749873.913,2125434.607,0.2,0.2,0.3,0.35,2605127.646,21232.66392,3716.348156,2185.311504,1319.960607,1036.151185,1837.401868,194.8992906,956.9681195,6044.506035,0.233308117,955.1618362,1193.952295,458.2107805,3720,29.69787786,1737.098458,1302.563823,610.0984953,0.26359847,0.375888144,1447.946066
320,398.7697181,26757.37511,83.08516163,30.2313873,4.053223289,16.61703233,24.92554849,0.602288146,0.028449594,0.017652358,0.010797236,21.17036,5143756.609,6174977.921,4322484.545,1949993.028,0.1,0.2,0.2,0.3,2669161.986,22069.49058,4255.62636,2185.311504,1296.075039,1050.221066,2016.586626,193.2054285,940.0205053,6193.080695,0.231453223,967.8845277,1209.85566,458.7091056,3720,30.74160095,1742.852724,1334.580993,623.6958113,0.265771721,0.375479793,1449.520774
320,398.7697181,26731.13076,83.01146083,30.21797593,4.051615979,16.60229217,24.90343825,0.602288146,0.028454086,0.01765685,0.010797236,21.16701771,5139193.833,6169500.399,4318650.279,1948263.284,0.3,0.12,0.4,0.3,2662276.208,22043.11843,4249.990226,2185.311504,1294.925354,1049.289444,2014.897133,193.1234884,939.2047651,6177.104078,0.231082783,968.0123327,1210.015416,459.2162408,3720,30.71430382,1742.819063,1331.138104,623.2907011,0.265722445,0.375065132,1451.123321
320,398.7697181,26679.20777,83.30853948,30.27199918,4.058090603,16.6617079,24.99256185,0.602288146,0.028436023,0.017638787,0.010797236,21.18046368,5157585.808,6191579.602,3714947.761,2606980.885,0.3,0.2,0.2,0.4,2670732.865,21988.96997,4272.50815,2185.311504,1299.55959,1053.044695,1906.250148,193.4535472,942.4929112,6196.725502,0.232267973,970.2378037,1212.797255,459.839986,3720,30.42737833,1742.648006,1335.366432,623.4028143,0.265715825,0.374556379,1453.094356
330,398.7697181,26920.42905,81.51070706,29.94357657,4.018734078,16.30214141,24.45321212,0.621109651,0.029370067,0.017887459,0.011482607,21.14771003,5487389.976,6587502.973,4281876.932,2426974.779,0.2,0.2,0.1,0.35,2717698.036,22218.18598,4259.36469,2185.311504,1271.514562,1062.517269,2082.186587,191.4466248,922.5940198,6305.695693,0.234234591,982.2430708,1227.803838,461.1966397,3720,30.87142101,1744.611766,1358.849018,628.1149875,0.266465556,0.373454586,1457.381381
330,398.7697181,27234.21921,82.45430114,30.11639608,4.039442544,16.49086023,24.73629034,0.621109651,0.029311061,0.017828454,0.011482607,21.19028197,5550913.762,6663762.019,4664633.414,2104345.901,0.1,0.2,0.1,0.3,2765385.6,22526.66952,4332.690085,2185.311504,1286.234022,1074.817605,2167.062629,192.502809,933.0379722,6416.342007,0.23559853,987.5496987,1234.437123,461.2356867,3720,31.31984311,1746.688527,1382.6928,632.4689309,0.267187747,0.37342297,1457.50477
290,398.7697181,25644.01246,88.3764126,31.17916834,4.166855806,17.67528252,26.51292378,0.545823633,0.025844306,0.016976655,0.008867652,21.11968589,4190138.456,5030178.218,3521124.753,1588477.332,0.3,0.2,0.3,0.3,2488057.245,20987.18019,3833.216025,2185.311504,1378.615149,1012.374687,1661.761672,198.9921254,998.5854898,5772.875297,0.225115914,936.8322611,1171.040326,461.3495257,3720,29.36649758,1736.211559,1244.028622,602.60399,0.262657209,0.373330827,1457.864501
310,398.7697181,25761.46736,84.11897715,30.41888802,4.075696522,16.82379543,25.23569314,0.583466642,0.027592475,0.017459522,0.010132953,21.14586136,4777360.346,5735126.466,3727832.203,2112941.329,0.3,0.2,0.2,0.35,2565053.218,21085.52536,3692.860885,2185.311504,1312.201896,1030.060562,1827.223722,194.3508438,951.4630526,5951.52398,0.231024262,955.9420008,1194.927501,461.4348352,3720,29.54419671,1737.014503,1282.526609,607.8051203,0.263331487,0.373261806,1458.134079
330,398.7697181,27200.82744,82.35391419,30.09805735,4.037244922,16.47078284,24.70617426,0.621109651,0.02931728,0.017834673,0.011482607,21.18578688,5544155.603,6655648.983,4658954.288,2101783.889,0.3,0.12,0.3,0.3,2757326.62,22493.40213,4324.835284,2185.311504,1284.66805,1073.508998,2164.56943,192.3907448,931.9268625,6397.643286,0.235200319,987.4253138,1234.281642,461.6601971,3720,31.28521224,1746.58558,1378.66331,631.954748,0.267118441,0.373079596,1458.846223
330,398.7697181,26615.24317,80.59248686,29.77444131,3.998470067,16.11849737,24.17774606,0.621109651,0.029428689,0.017946082,0.011482607,21.10558318,5425574.388,6513294.583,3907976.75,2742439.825,0.3,0.15,0.4,0.4,2670832.245,21916.94804,4188.311259,2185.311504,1257.190917,1050.547704,1999.317486,190.4126972,912.4309125,6196.956087,0.232834848,978.2951318,1222.868915,462.3446202,3720,30.43185411,1742.914588,1335.416122,623.8554532,0.265796596,0.372527315,1461.009
290,398.7697181,25762.10186,88.78157914,31.25055792,4.175418317,17.75631583,26.63447374,0.545823633,0.025822466,0.016954815,0.008867652,21.13754833,4209348.377,5053239.348,3789929.511,1329799.828,0.2,0.2,0.3,0.25,2498830.109,21101.58589,3852.007897,2185.311504,1384.935486,1017.01608,1716.019565,199.4276796,1003.069982,5797.870864,0.225054264,940.5159715,1175.644964,463.1053202,3720,29.58420692,1737.478079,1249.415055,604.0525753,0.262962125,0.371915399,1463.412812
310,398.7697181,25893.73029,84.56772892,30.49991833,4.085409621,16.91354578,25.37031868,0.583466642,0.027565934,0.017432981,0.010132953,21.16622063,4802846.259,5765721.799,4036005.26,1820754.252,0.2,0.2,0.2,0.3,2575781.314,21212.92296,3713.954261,2185.311504,1319.202135,1035.555781,1890.148384,194.8457501,956.4299576,5976.415673,0.230805512,960.807332,1201.009165,463.9441321,3720,29.78950929,1738.58164,1287.890657,609.4260949,0.263689524,0.371242975,1466.063457
280,398.7697181,25947.44089,92.60768081,31.91683708,4.255353794,18.52153616,27.78230424,0.527002128,0.024913017,0.016646383,0.008266634,21.1536855,3994367.656,4795159.251,3356611.476,1514260.816,0.3,0.2,0.4,0.3,2520809.636,21288.53351,3997.731858,2185.311504,1444.620209,1024.264371,1588.444903,203.4906113,1045.418301,5848.868512,0.225412153,938.9073752,1173.634219,464.1041346,3720,29.59936883,1738.981627,1260.404818,605.7850295,0.263325539,0.371114987,1466.569065
320,398.7697181,26773.74422,83.60185448,30.3252436,4.064472168,16.7203709,25.08055634,0.602288146,0.028418302,0.017621066,0.010797236,21.19367076,5175744.778,6213379.086,4038696.406,2289139.663,0.2,0.2,0.2,0.35,2666433.909,22077.40807,4294.471591,2185.311504,1304.135115,1056.752371,1970.496952,193.7788223,945.7394003,6186.750918,0.231075298,976.3361537,1220.420192,464.2534829,3720,30.63970574,1744.485338,1333.216955,624.3827524,0.266032215,0.370995601,1467.041006
330,398.7697181,26760.96286,81.03097873,29.85533061,4.008161002,16.20619575,24.30929362,0.621109651,0.029400544,0.017917936,0.011482607,21.12578797,5455094.14,6548732.461,4256676.1,2412690.907,0.2,0.15,0.4,0.35,2677825.16,22056.45277,4221.857827,2185.311504,1264.031108,1056.263715,2070.627216,190.9072074,917.2842581,6213.181286,0.232173309,984.5100869,1230.637609,466.0133864,3720,30.70345789,1744.884994,1338.91258,625.6098913,0.26621491,0.369594533,1472.602301
280,398.7697181,26025.29744,92.88419193,31.96445074,4.261067596,18.57683839,27.86525758,0.527002128,0.024899327,0.016632694,0.008266634,21.16531586,4006294.173,4809476.798,3607107.599,1265651.789,0.2,0.2,0.4,0.25,2521115.958,21362.30284,4010.476914,2185.311504,1448.933604,1027.322724,1637.709241,203.7808129,1048.4788,5849.579249,0.224765126,942.9945947,1178.743243,466.889507,3720,29.76994744,1740.263401,1260.557979,606.6178062,0.263563011,0.368900987,1475.370842
320,398.7697181,26591.74428,83.03712587,30.22264688,4.052175776,16.60742517,24.91113776,0.602288146,0.028452521,0.017655285,0.010797236,21.1681821,5140782.741,6171407.852,4011415.104,2273676.577,0.3,0.2,0.1,0.35,2622014.697,21895.10075,4251.271357,2185.311504,1295.325712,1049.613865,1957.946311,193.152027,939.4888325,6083.687947,0.228781079,976.6435321,1220.804415,467.4850211,3720,30.45055348,1744.173016,1311.007349,621.5604386,0.265680184,0.368431056,1477.252667
330,398.7697181,27283.20721,82.60156482,30.14327807,4.042664009,16.52031296,24.78046944,0.621109651,0.029301963,0.017819355,0.011482607,21.19686157,5560827.714,6675663.522,5006747.642,1756753.558,0.1,0.15,0.3,0.25,2747500.611,22568.23868,4343.65451,2185.311504,1288.53124,1076.737279,2232.979968,192.667074,934.667926,6374.844645,0.233654519,994.9685284,1243.710661,467.6613467,3720,31.49111108,1748.777738,1373.750305,632.689843,0.267447182,0.368292144,1477.809855
330,398.7697181,26418.16477,79.99927828,29.66466014,3.985318843,15.99985566,23.99978348,0.621109651,0.029467212,0.017984605,0.011482607,21.07799153,5385638.937,6465352.866,3879211.72,2722253.838,0.1,0.2,0.4,0.4,2621449.733,21717.52273,4142.238595,2185.311504,1247.937246,1042.814869,1985.464052,189.7414641,905.8651209,6082.377099,0.230234657,980.6420317,1225.80254,467.8573336,3720,30.22507075,1743.128837,1310.724867,620.7566989,0.265472656,0.368137865,1478.429174
310,398.7697181,25977.54261,82.93461725,30.20398632,4.049939388,16.58692345,24.88038517,0.583466642,0.027663773,0.01753082,0.010132953,21.09136192,4710097.117,5654378.292,3958064.804,1785593.145,0.3,0.15,0.4,0.3,2483633.125,21300.60967,4117.205813,2185.311504,1293.726644,1015.557412,1855.67404,193.0380137,938.3542396,5762.610301,0.221830463,956.9329424,1196.166178,468.270434,3720,29.84570559,1740.32678,1241.816562,610.1716752,0.26396924,0.3678131,1479.734571
300,398.7697181,25444.88542,83.54542666,30.31500772,4.063245334,16.70908533,25.063628,0.564645137,0.026859409,0.01736965,0.009489758,21.02224753,4341293.593,5211636.967,3387564.029,1920076.777,0.3,0.2,0.4,0.35,2380265.078,20784.2579,4034.553941,2185.311504,1303.254878,990.0351876,1669.6953,193.7162923,945.1148421,5522.772233,0.217048422,940.6275183,1175.784398,468.3838101,3720,29.11369087,1736.823167,1190.132539,600.8899932,0.262533407,0.367724068,1480.09284
300,398.7697181,25381.21829,84.66352238,30.51718772,4.087479785,16.93270448,25.39905671,0.564645137,0.026793067,0.017303309,0.009489758,21.07430025,4399393.504,5281384.758,3961038.569,1389838.094,0.3,0.15,0.4,0.25,2427809.891,20714.90746,3689.819025,2185.311504,1320.696451,1003.285211,1789.145537,194.9512184,957.4902253,5633.08733,0.221939202,946.3108264,1182.888533,468.6222539,3720,29.26853805,1736.465475,1213.904945,599.5479948,0.262342525,0.367536963,1480.846322
330,398.7697181,26569.01983,80.45337041,29.74873232,3.995390146,16.09067408,24.13601112,0.621109651,0.029437677,0.01795507,0.011482607,21.09913928,5416208.916,6502051.52,4226333.488,2395492.665,0.3,0.15,0.3,0.35,2630769.396,21864.25777,4177.034144,2185.311504,1255.02079,1048.734236,2056.70483,190.2555149,910.8911342,6104.000898,0.22974129,984.7620633,1230.952579,469.4002435,3720,30.50343813,1744.549644,1315.384698,622.6266296,0.265842218,0.366927803,1483.304769
310,398.7697181,25890.74525,83.07052247,30.22872388,4.052904085,16.61410449,24.92115674,0.583466642,0.027655497,0.017522545,0.010132953,21.09767301,4717815.568,5663644.14,3398186.484,2384692.269,0.3,0.2,0.4,0.4,2482818.166,21211.49344,4127.081947,2185.311504,1295.846678,1017.221647,1752.971803,193.1891558,939.8584751,5760.719408,0.222501104,959.2518084,1199.06476,469.852531,3720,29.53973444,1740.186605,1241.409083,609.6512642,0.263895054,0.366574592,1484.733998
330,398.7697181,26846.67252,81.28883898,29.90279634,4.013847947,16.2577678,24.38665169,0.621109651,0.029384121,0.017901514,0.011482607,21.13759494,5472453.574,6569572.118,4598700.483,2074601.722,0.2,0.15,0.3,0.3,2670109.277,22136.47351,4241.468033,2185.311504,1268.053562,1059.625082,2138.108291,191.1973579,920.1383245,6195.278631,0.230765233,990.1990098,1237.748762,470.1523057,3720,30.91337196,1746.588342,1335.054638,626.435039,0.266498869,0.36634086,1485.681286
330,398.7697181,26245.72842,79.48008146,29.56824134,3.973769421,15.89601629,23.84402444,0.621109651,0.029501358,0.018018751,0.011482607,21.05359523,5350686.039,6423392.604,3854035.562,2704586.36,0.2,0.2,0.3,0.4,2578909.866,21544.82294,4102.188845,2185.311504,1239.838109,1036.046824,1973.334685,189.1518423,900.1185112,5983.674648,0.22798661,980.9054863,1226.131858,470.9386726,3720,30.04563793,1742.836031,1289.454933,618.067732,0.265137793,0.365729149,1488.166205
330,398.7697181,27052.59788,81.90821448,30.01650145,4.027472085,16.3816429,24.57246434,0.621109651,0.029345059,0.017862451,0.011482607,21.16573199,5514150.611,6619628.584,4964721.438,1742007.522,0.2,0.15,0.2,0.25,2691623.742,22337.43806,4289.371458,2185.311504,1277.715421,1067.699025,2215.233746,191.8923369,926.9937386,6245.197228,0.230853882,995.1598244,1243.94978,471.6166383,3720,31.24983243,1748.347817,1345.811871,629.1252227,0.266998581,0.3652034,1490.308577
320,398.7697181,26443.21499,82.57612506,30.13863593,4.042107702,16.51522501,24.77283752,0.602288146,0.028480769,0.017683533,0.010797236,21.14718668,5112242.435,6137145.78,3989144.757,2261053.708,0.3,0.15,0.4,0.35,2584983.524,21744.44676,4215.965322,2185.311504,1288.134397,1043.786543,1947.697751,192.6387082,934.386352,5997.766956,0.226816859,978.7682274,1223.460284,471.9474387,3720,30.29414983,1744.419113,1292.491762,619.2274493,0.265445819,0.36494742,1491.353906
310,398.7697181,25737.76052,82.3002515,30.08824964,4.03606963,16.4600503,24.69007545,0.583466642,0.027702728,0.017569775,0.010132953,21.06170371,4674069.649,5611128.03,3647233.219,2067257.695,0.2,0.2,0.4,0.35,2439785.056,21060.14211,4070.309157,2185.311504,1283.830947,1007.789253,1789.979429,192.3308106,931.3329095,5660.872517,0.219944253,957.6184069,1197.023009,472.083206,3720,29.48774641,1739.785416,1219.892528,606.84352,0.26353468,0.364842464,1491.782931
320,398.7697181,26191.64189,81.79503665,29.99575642,4.024986318,16.35900733,24.538511,0.602288146,0.028529291,0.017732055,0.010797236,21.11122001,5063885.681,6079094.455,3647456.673,2559618.718,0.2,0.2,0.4,0.4,2549631.768,21496.87248,4156.957849,2185.311504,1275.94992,1033.913127,1873.65117,191.7655495,925.741056,5915.742605,0.225863756,974.7694167,1218.461771,472.112129,3720,29.91809552,1742.800866,1274.815884,615.7698929,0.264875788,0.364820112,1491.874328
310,398.7697181,25828.26739,84.34436274,30.45961244,4.080578076,16.86887255,25.30330882,0.583466642,0.027579113,0.01744616,0.010132953,21.15610649,4790160.646,5750492.973,4312869.73,1513287.624,0.2,0.15,0.4,0.25,2531911.534,21140.14748,3703.283709,2185.311504,1315.717766,1032.820535,1939.033402,194.5995823,953.9576807,5874.627515,0.227449539,968.1199138,1210.149892,472.1653658,3720,29.82473346,1740.408367,1265.955767,607.9288595,0.263726527,0.364778979,1492.042556
300,398.7697181,25085.08899,83.67243536,30.33804194,4.066006145,16.73448707,25.10173061,0.564645137,0.026851792,0.017362033,0.009489758,21.02821096,4347893.381,5219559.881,3653691.916,1648282.068,0.2,0.2,0.4,0.3,2367204.431,20419.17908,3643.57513,2185.311504,1305.236131,991.5403072,1720.715279,193.8570048,946.5206083,5492.468475,0.218953518,945.9099157,1182.387395,472.9191938,3720,28.85595682,1735.676255,1183.602216,595.2867466,0.26177534,0.364197525,1494.424652
320,398.7697181,26662.9236,83.02975401,30.2213053,4.052014992,16.6059508,24.9089262,0.602288146,0.028452971,0.017655735,0.010797236,21.1678477,5140326.353,6170859.968,4628144.976,1623910.518,0.2,0.15,0.3,0.25,2601243.405,21960.48695,4250.253729,2185.311504,1295.210716,1049.520681,2072.849902,193.1438302,939.4072388,6035.493685,0.226362787,982.4366423,1228.045803,473.1625901,3720,30.75235802,1746.204132,1300.621702,621.7085143,0.265924915,0.364010181,1495.193785
330,398.7697181,26638.67823,80.66301167,29.78746596,4.000030437,16.13260233,24.1989035,0.621109651,0.029424144,0.017941536,0.011482607,21.10884368,5430322.195,6518994.232,4563295.962,2058629.758,0.3,0.15,0.2,0.3,2619363.374,21928.25275,4192.839149,2185.311504,1258.291059,1051.467038,2122.552212,190.4923263,913.2115,6077.536256,0.228147065,990.4254761,1238.031845,473.776286,3720,30.69589134,1746.212875,1309.681687,623.2072153,0.266094206,0.363538668,1497.133064
320,398.7697181,26648.46785,83.21315431,30.25466406,4.056012977,16.64263086,24.96394629,0.602288146,0.02844181,0.017644574,0.010797236,21.17615413,5151680.565,6184490.474,4329143.332,1952996.992,0.2,0.15,0.4,0.3,2607964.743,21944.24709,4264.118486,2185.311504,1298.071643,1051.838969,2019.520515,193.3476399,941.4371626,6051.088765,0.227070794,984.220759,1230.275949,473.946971,3720,30.62150182,1746.324425,1303.982372,621.9332952,0.265963668,0.363407745,1497.672428
330,398.7697181,26075.73847,78.96810879,29.47285525,3.962344683,15.79362176,23.69043264,0.621109651,0.029535429,0.018052821,0.011482607,21.0293088,5316219.479,6382016.181,3829209.709,2687164.708,0.3,0.2,0.2,0.4,2536928.601,21374.56723,4062.820736,2185.311504,1231.851665,1029.372953,1961.370071,188.5684524,894.4518604,5886.268284,0.225737357,981.1712345,1226.464043,473.9834452,3720,29.86850563,1742.548227,1268.4643,615.4136142,0.264807405,0.36337978,1497.787687
320,398.7697181,26031.32679,81.29711852,29.90431915,4.014030401,16.2594237,24.38913555,0.602288146,0.028560665,0.017763429,0.010797236,21.08802979,5033059.844,6042088.648,3625253.189,2544037.325,0.3,0.2,0.3,0.4,2510208.884,21336.2557,4119.263141,2185.311504,1268.182718,1027.619152,1862.919773,191.2066663,920.2299646,5824.272285,0.223740892,975.0710943,1218.838868,474.9927811,3720,29.75137891,1742.531659,1255.104442,613.271572,0.264564985,0.362607616,1500.977188
330,398.7697181,26356.44816,79.81346918,29.63019003,3.981189764,15.96269384,23.94404076,0.621109651,0.029479386,0.017996778,0.011482607,21.06928734,5373130.066,6450336.213,4192718.539,2376439.658,0.1,0.2,0.3,0.35,2577713.801,21649.19952,4127.389481,2185.311504,1245.038743,1040.392735,2041.275138,189.5306816,903.8085359,5980.899496,0.226923577,987.2486443,1234.060805,475.3031767,3720,30.27940465,1744.768434,1288.8569,619.2861552,0.265491642,0.362370816,1501.958038
310,398.7697181,25660.64825,83.77481933,30.35659751,4.068230197,16.75496387,25.1324458,0.583466642,0.027613004,0.017480051,0.010132953,21.13014008,4757814.627,5711662.217,4283746.663,1503069.004,0.3,0.15,0.3,0.25,2486354.317,20971.71787,3676.407192,2185.311504,1306.833256,1025.846156,1926.649297,193.9703545,947.6538216,5768.924104,0.224815992,968.9303851,1211.162981,475.7768719,3720,29.64726429,1740.289376,1243.177158,605.3057426,0.263418578,0.362010031,1503.454915
290,398.7697181,25126.30165,86.55945836,30.8569934,4.128219708,17.31189167,25.96783751,0.545823633,0.025944523,0.017076871,0.008867652,21.03810666,4103992.281,4926761.442,3448733.01,1555819.403,0.3,0.2,0.4,0.3,2343634.169,20461.94663,3748.692836,2185.311504,1350.271832,991.5605446,1629.521528,197.0259598,978.474953,5437.779949,0.216417841,944.355021,1180.443776,476.8413802,3720,28.81835355,1737.029316,1171.817084,594.4614468,0.26183461,0.361201874,1506.818761
320,398.7697181,26454.5312,82.61125125,30.14504543,4.042875806,16.52225025,24.78337538,0.602288146,0.028478607,0.017681371,0.010797236,21.14879245,5114417.078,6139756.396,4297829.477,1938870.441,0.3,0.15,0.3,0.3,2560795.489,21750.03489,4218.190629,2185.311504,1288.682342,1044.230559,2005.721581,192.6778733,934.7751381,5941.645052,0.224598388,984.4963186,1230.620398,477.3409881,3720,30.41897379,1745.977059,1280.397745,618.926025,0.265586931,0.360823823,1508.397522
320,398.7697181,26242.41871,81.95271591,30.02465445,4.028449028,16.39054318,24.58581477,0.602288146,0.028519428,0.017722192,0.010797236,21.11852093,5073647.517,6090813.346,3959028.675,2243983.864,0.1,0.2,0.4,0.35,2535070.883,21541.28965,4168.414518,2185.311504,1278.409615,1035.906285,1933.834081,191.9421646,927.4862923,5881.957944,0.224139322,981.1290586,1226.411323,477.4837605,3720,30.08291808,1744.613971,1267.535442,616.076982,0.265113894,0.360715933,1508.848683
300,398.7697181,25073.71528,83.6342006,30.33110955,4.065175244,16.72684012,25.09026018,0.564645137,0.026854082,0.017364324,0.009489758,21.02641711,4345906.577,5217174.763,3912881.072,1372940.727,0.2,0.2,0.3,0.25,2340923.008,20402.63292,3641.703173,2185.311504,1304.639694,991.0872052,1768.580547,193.8146564,946.0974157,5431.489422,0.216620846,951.0823579,1188.852947,478.1292202,3720,28.94035179,1737.033194,1170.461504,594.6969923,0.261861498,0.360228977,1510.888336
330,398.7697181,26170.70712,79.25415032,29.5261859,3.968732166,15.85083006,23.7762451,0.621109651,0.029516344,0.018033736,0.011482607,21.04290606,5335476.108,6405133.383,4163336.699,2359785.983,0.2,0.2,0.2,0.35,2532071.936,21463.21757,4084.304193,2185.311504,1236.313729,1033.101676,2027.783432,188.8946376,897.6178448,5874.999683,0.224487617,987.4895452,1234.361932,478.5810491,3720,30.08523945,1744.441215,1266.035968,616.3911402,0.265129774,0.359888885,1512.316115
310,398.7697181,25848.38232,82.56903414,30.13734188,4.041952626,16.51380683,24.77071024,0.583466642,0.027686156,0.017553203,0.010132953,21.07431037,4689334.593,5629453.293,4222089.97,1481435.077,0.1,0.2,0.3,0.25,2423326.637,21162.66151,4089.500432,2185.311504,1288.023783,1011.080645,1900.41747,192.6308009,934.3078678,5622.685131,0.21752561,965.7208147,1207.151018,478.6328385,3720,29.81191454,1742.320244,1211.663318,607.6928987,0.263914738,0.359849944,1512.47977
290,398.7697181,25203.96246,86.82548148,30.90437342,4.133901049,17.3650963,26.04764444,0.545823633,0.025929612,0.01706196,0.008867652,21.05020429,4116605.078,4941902.855,3706427.141,1300500.751,0.2,0.2,0.4,0.25,2343494.889,20535.3862,3760.95612,2185.311504,1354.421621,994.6079745,1680.27552,197.3151665,981.4193683,5437.456787,0.215738172,948.5762514,1185.720314,479.7450293,3720,28.99176018,1738.344865,1171.747445,595.2871984,0.262075085,0.359015705,1515.994293
330,398.7697181,26408.60232,79.97048837,29.65932184,3.984679375,15.99409767,23.99114651,0.621109651,0.029469095,0.017986488,0.011482607,21.07664481,5383700.769,6463026.133,4524118.293,2040955.621,0.1,0.2,0.2,0.3,2562207.864,21695.5449,4139.058425,2185.311504,1247.488141,1042.439575,2105.331485,189.7088215,905.5464664,5944.922092,0.225113091,993.0574196,1241.321774,480.1068076,3720,30.45257483,1746.434127,1281.103932,619.5968205,0.265713594,0.358745174,1517.137512
320,398.7697181,26575.33832,82.98621061,30.21337976,4.051065147,16.59724212,24.89586318,0.602288146,0.028455627,0.017658391,0.010797236,21.16587163,5137630.605,6167623.775,4625717.832,1623058.888,0.3,0.15,0.2,0.25,2563349.777,21865.84588,4246.376774,2185.311504,1294.531467,1048.970266,2071.821405,193.0954066,938.9252888,5947.571598,0.223800409,989.4924405,1236.865551,480.2571282,3720,30.65866526,1747.576903,1281.674888,620.3281475,0.265924062,0.358632886,1517.612525
300,398.7697181,25066.68768,83.942513,30.38696502,4.071870088,16.7885026,25.1827539,0.564645137,0.026835664,0.017345906,0.009489758,21.04084852,4361927.498,5236407.561,3665485.293,1653602.388,0.3,0.2,0.3,0.3,2343082.665,20391.90989,3656.016212,2185.311504,1309.449169,994.7408692,1725.954621,194.1558527,949.5099002,5436.500331,0.21688148,954.7777932,1193.472241,480.2641258,3720,28.83349109,1737.573455,1171.541333,594.9719529,0.26195305,0.358627661,1517.634637
320,398.7697181,26068.09956,81.41134122,29.92531961,4.016546578,16.28226824,24.42340237,0.602288146,0.028553437,0.017756201,0.010797236,21.09336792,5040131.309,6050577.802,3932875.571,2229160.243,0.2,0.2,0.3,0.35,2492395.026,21366.68694,4127.401691,2185.311504,1269.964518,1029.062994,1921.790415,191.335032,921.4942121,5782.939965,0.221839722,981.4126175,1226.765772,480.572421,3720,29.90100365,1744.309547,1246.197513,613.3638542,0.264775012,0.358397595,1518.60885
330,398.7697181,25987.80988,78.70323242,29.42338452,3.956419783,15.74064648,23.61096973,0.621109651,0.029553214,0.018070607,0.011482607,21.0166532,5298387.712,6360609.498,4134396.174,2343382.447,0.3,0.2,0.1,0.35,2487076.674,21280.07607,4042.01034,2185.311504,1227.719764,1025.920131,2014.489712,188.2658523,891.5201377,5770.600142,0.222050268,987.7338088,1234.667261,481.8170727,3720,29.89376092,1744.12,1243.538337,613.5366226,0.264773128,0.357471766,1522.54195
310,398.7697181,25554.46334,83.74065516,30.35040703,4.067488208,16.74813103,25.12219655,0.583466642,0.02761505,0.017482097,0.010132953,21.12857432,4755874.345,5709332.947,3996533.063,1802947.246,0.1,0.2,0.4,0.3,2462504.569,20859.30315,3674.689015,2185.311504,1306.300316,1025.427796,1872.693332,193.9325392,947.2756834,5713.587105,0.223584703,975.1601908,1218.950238,482.0070255,3720,29.42513678,1741.297515,1231.252284,604.0320259,0.263388753,0.357330891,1523.142201
290,398.7697181,25071.97142,86.37305842,30.82375127,4.124233767,17.27461168,25.91191753,0.545823633,0.02595502,0.017087368,0.008867652,21.02959801,4095154.612,4916151.995,3687113.996,1293724.209,0.3,0.2,0.3,0.25,2306518.17,20402.04181,3739.953635,2185.311504,1347.364113,989.4252389,1672.002744,196.8230389,976.4118286,5351.662142,0.213451988,949.9296071,1187.412009,483.0979907,3720,28.85197489,1738.387941,1153.259085,593.2201089,0.261847781,0.356523942,1526.589651
320,398.7697181,26238.21672,81.93966698,30.02226402,4.028162591,16.3879334,24.58190009,0.602288146,0.028520243,0.017723007,0.010797236,21.11791751,5072839.665,6089843.535,4262890.475,1923108.485,0.1,0.2,0.3,0.3,2507246.382,21531.22538,4166.967429,2185.311504,1278.20606,1035.741339,1990.319378,191.9275553,927.3418632,5817.398588,0.221714709,986.9913381,1233.739173,483.2581453,3720,30.19056317,1746.174073,1253.623191,615.5352936,0.265228265,0.356405788,1527.095739
330,398.7697181,26207.85457,79.36602406,29.54701786,3.971227323,15.87320481,23.80980722,0.621109651,0.029508914,0.018026306,0.011482607,21.04820456,5343007.571,6414174.755,4489922.328,2025528.87,0.2,0.2,0.1,0.3,2513105.927,21494.58208,4092.462232,2185.311504,1238.058887,1034.560018,2090.294596,189.0220448,898.8560934,5830.994102,0.222490326,993.2724931,1241.590616,483.6049992,3720,30.2419592,1746.068574,1256.552963,616.4719623,0.265321608,0.356150164,1528.191797
320,398.7697181,25896.30113,80.87764741,29.82707028,4.004775198,16.17552948,24.26329422,0.602288146,0.028587368,0.017790132,0.010797236,21.06833181,5007090.618,6010913.107,3907093.52,2214546.934,0.3,0.2,0.2,0.35,2450289.16,21194.60261,4087.100258,2185.311504,1261.639238,1022.316795,1909.913658,190.7344469,915.5871459,5685.244497,0.219538863,981.6985256,1227.123157,483.623982,3720,29.72146638,1744.01045,1225.14458,610.6865863,0.264440756,0.356136185,1528.251783
310,398.7697181,25909.59556,83.52844011,30.31192573,4.062875939,16.70568802,25.05853203,0.583466642,0.027627795,0.017494842,0.010132953,21.1188276,4743822.037,5694864.39,3701661.854,2098107.933,0.3,0.2,0.3,0.35,2434277.552,21212.43607,4159.619881,2185.311504,1302.989898,1022.829104,1815.135117,193.6974645,944.9268303,5648.093818,0.217992358,977.159484,1221.449355,485.0040996,3720,29.65916964,1744.478092,1217.138776,609.4518369,0.264354607,0.355122771,1532.612955
330,398.7697181,25825.09375,78.18399647,29.32616513,3.944777009,15.63679929,23.45519894,0.621109651,0.029588397,0.01810579,0.011482607,20.99166274,5263432.18,6318646.074,4107119.948,2327922.238,0.3,0.15,0.4,0.35,2448354.761,21116.06475,4002.199518,2185.311504,1219.620018,1019.151582,2001.956212,187.6711203,885.773095,5680.756238,0.219970401,989.0289974,1236.286247,485.9048388,3720,29.7215232,1744.165543,1224.17738,610.9676349,0.264489736,0.354464468,1535.459291
330,398.7697181,25575.10262,77.43268607,29.18491985,3.927863657,15.48653721,23.22980582,0.621109651,0.029640066,0.018157458,0.011482607,20.95506983,5212853.142,6257926.941,3754756.164,2634916.607,0.2,0.2,0.4,0.4,2413489.017,20870.17482,3945.277324,2185.311504,1207.900059,1009.357807,1925.46357,186.8069087,877.45739,5599.85955,0.218957462,984.9277965,1231.159746,486.0005438,3720,29.34198834,1742.532779,1206.744508,607.5250094,0.263919752,0.354394665,1535.761718
280,398.7697181,25374.29967,90.57107156,31.56393175,4.213009919,18.11421431,27.17132147,0.527002128,0.025016172,0.016749538,0.008266634,21.06645805,3906524.337,4689705.086,3517278.814,1234132.917,0.3,0.2,0.4,0.25,2338981.552,20701.50006,3903.25388,2185.311504,1412.850416,1001.738453,1599.160802,201.3390849,1022.876564,5426.984787,0.213877225,952.7996115,1190.999514,486.3189119,3720,29.08253167,1741.28588,1169.490776,596.4420489,0.262535065,0.354162661,1536.767761
320,398.7697181,26050.6722,81.35720877,29.9153689,4.015354325,16.27144175,24.40716263,0.602288146,0.02855686,0.017759624,0.010797236,21.09083943,5036779.998,6046554.62,4232588.234,1909438.301,0.2,0.2,0.2,0.3,2461519.904,21343.41649,4122.855827,2185.311504,1269.120087,1028.378728,1976.956212,191.2742086,920.8950596,5711.302453,0.219238199,987.2557118,1234.06964,486.5416045,3720,29.99408202,1745.835602,1230.759952,612.618812,0.264862722,0.354000559,1537.47147
320,398.7697181,26341.42096,82.26011155,30.08091134,4.035190261,16.45202231,24.67803347,0.602288146,0.0285003,0.017703064,0.010797236,21.1326953,5092678.212,6113659.319,4585244.489,1608857.715,0.1,0.2,0.2,0.25,2505723.609,21629.29314,4190.888152,2185.311504,1283.204789,1039.791946,2054.667153,192.2859663,930.8886298,5813.865397,0.220711913,992.1278164,1240.159771,486.5936191,3720,30.4109762,1747.773846,1252.861805,616.6679339,0.265535125,0.353962718,1537.635836
310,398.7697181,25953.31841,83.56177243,30.31797316,4.06360076,16.71235449,25.06853173,0.583466642,0.027625789,0.017492836,0.010132953,21.12036088,4745715.076,5697136.947,3987995.863,1799095.878,0.2,0.2,0.3,0.3,2427275.731,21253.62115,4161.894301,2185.311504,1303.509861,1023.237277,1868.916969,193.734408,945.2957614,5631.847954,0.216999147,979.6972586,1224.621573,487.3077706,3720,29.8110175,1745.401351,1213.637865,609.6932189,0.2644854,0.353443984,1539.892555
330,398.7697181,25414.98922,76.95128808,29.09405728,3.916984542,15.39025762,23.08538642,0.621109651,0.029673656,0.018191048,0.011482607,20.93134916,5180444.902,6219021.491,3731412.895,2618535.365,0.3,0.2,0.3,0.4,2373689.679,20709.77377,3908.724539,2185.311504,1200.39056,1003.082502,1914.198294,186.2508673,872.129148,5507.515769,0.216703447,985.2154501,1231.519313,488.9021804,3720,29.17423544,1742.266789,1186.84484,605.0130365,0.263607777,0.352291331,1544.93089
320,398.7697181,25403.7848,79.3203344,29.53851178,3.970208498,15.86406688,23.79610032,0.602288146,0.02868875,0.017891514,0.010797236,20.99387893,4910678.227,5895171.942,3537103.165,2482177.66,0.3,0.2,0.4,0.4,2356009.138,20704.81816,3970.517034,2185.311504,1237.346158,1002.631469,1820.280904,188.9700226,898.3503879,5466.492774,0.215184187,978.9666467,1223.708308,489.059939,3720,29.09356059,1742.235682,1178.004569,603.4157142,0.263424898,0.352177691,1545.429407
330,398.7697181,26182.51778,79.28972002,29.53281091,3.969525675,15.857944,23.78691601,0.621109651,0.029513979,0.018031372,0.011482607,21.04459187,5337870.699,6408008.042,4806006.032,1686317.906,0.2,0.15,0.3,0.25,2478169.131,21461.72365,4086.016938,2185.311504,1236.868593,1033.565349,2148.149852,188.9351563,898.0115398,5749.932558,0.219609611,1000.794132,1250.992665,491.3463761,3720,30.33080376,1748.029719,1239.084566,615.5534291,0.265438697,0.350538863,1552.654548
330,398.7697181,25836.02003,78.21682362,29.33232108,3.9455142,15.64336472,23.46504709,0.621109651,0.02958616,0.018103553,0.011482607,20.99324987,5265642.14,6321299.087,4424909.361,1996199.712,0.3,0.15,0.3,0.3,2423302.075,21121.10915,4004.257665,2185.311504,1220.1321,1019.579503,2061.691299,187.7087814,886.1364347,5622.628142,0.217627488,994.9108789,1243.638599,491.455191,3720,29.84910505,1745.764293,1211.651037,610.643657,0.264632897,0.350461249,1552.998404
330,398.7697181,25625.99478,77.58566611,29.21373525,3.931313963,15.51713322,23.27569983,0.621109651,0.029629471,0.018146864,0.011482607,20.96256278,5223151.925,6270290.426,4075688.777,2310106.999,0.1,0.2,0.4,0.35,2398285.652,20914.51051,3956.411312,2185.311504,1210.286449,1011.351992,1987.508321,186.9832311,879.1506141,5564.584185,0.217146075,991.4842632,1239.355329,491.5537026,3720,29.51036056,1744.397794,1199.142826,607.8211792,0.26416246,0.350391013,1553.3097
310,398.7697181,25832.00146,83.27959484,30.26673988,4.057460269,16.65591897,24.98387845,0.583466642,0.027642815,0.017509862,0.010132953,21.10735256,4729689.393,5677898.431,3974528.902,1793020.557,0.3,0.2,0.2,0.3,2390257.73,21128.94867,4140.698045,2185.311504,1299.108072,1019.781855,1862.959153,193.4214163,942.1725441,5545.957527,0.214693296,983.0527868,1228.815984,491.9712018,3720,29.68288317,1745.879542,1195.128865,607.7961488,0.264326055,0.350093663,1554.628998
320,398.7697181,25700.99226,80.24163889,29.70956122,3.990697609,16.04832778,24.07249167,0.602288146,0.028628339,0.017831103,0.010797236,21.0381796,4967715.681,5963644.275,4174550.993,1883256.087,0.3,0.15,0.4,0.3,2377437.459,20992.15114,4038.716242,2185.311504,1251.717915,1014.277282,1951.348921,190.0160152,908.5476331,5516.211494,0.214630293,988.8411258,1236.051407,493.8824658,3720,29.62528952,1745.536015,1188.718729,607.1447797,0.264214325,0.348738844,1560.668592
330,398.7697181,25451.88549,77.06223389,29.11502315,3.919494735,15.41244678,23.11867017,0.621109651,0.029665881,0.018183273,0.011482607,20.93683516,5187913.896,6227987.87,4048192.116,2294521.847,0.2,0.2,0.3,0.35,2355206.647,20740.13485,3916.638852,2185.311504,1202.121244,1004.528746,1974.864408,186.3791765,873.357126,5464.630808,0.214704361,991.7506392,1239.688299,494.6633705,3720,29.32727897,1744.096318,1177.603324,605.0932475,0.263822247,0.348188304,1563.136251
320,398.7697181,25388.81875,79.27392688,29.52986955,3.969173374,15.85478538,23.78217806,0.602288146,0.028691827,0.017894591,0.010797236,20.99162762,4907805.163,5891722.885,3829619.875,2170634.747,0.2,0.2,0.4,0.35,2326033.128,20683.28843,3966.549417,2185.311504,1236.62223,1002.044851,1874.200666,188.917167,897.836737,5396.941414,0.212571584,985.5303209,1231.912901,495.6906016,3720,29.18621644,1743.959546,1163.016564,602.7062278,0.263538817,0.347466745,1566.382301
330,398.7697181,25621.53823,77.57226926,29.21121295,3.931011944,15.51445385,23.27168078,0.621109651,0.029630398,0.01814779,0.011482607,20.96190747,5222250.035,6269207.725,4388445.407,1979749.808,0.1,0.2,0.3,0.3,2369594.908,20904.03258,3954.934693,2185.311504,1210.077467,1011.177356,2045.639601,186.9677974,879.0023342,5498.014942,0.21458567,997.5056415,1246.882052,497.4915496,3720,29.62073936,1746.001054,1184.797454,607.25748,0.264279207,0.346208896,1572.073297
330,398.7697181,25280.31918,76.54627015,29.01739085,3.90780588,15.30925403,22.96388105,0.621109651,0.029702215,0.018219607,0.011482607,20.91122351,5153178.652,6186288.898,4021087.784,2279159.068,0.3,0.2,0.2,0.35,2312712.735,20568.30072,3877.562305,2185.311504,1194.072541,997.8028578,1962.396674,185.781641,867.6463009,5366.034984,0.212261362,992.0184577,1240.023072,497.7343072,3720,29.1466098,1743.799892,1156.356368,602.4016996,0.263486687,0.346040041,1572.840411
320,398.7697181,25762.65728,80.43272112,29.7449144,3.994932768,16.08654422,24.12981634,0.602288146,0.028615968,0.017818732,0.010797236,21.04727503,4979545.477,5977845.711,4483384.283,1573117.292,0.3,0.15,0.3,0.25,2366426.414,21048.61758,4052.664757,2185.311504,1254.698675,1016.692671,2011.462779,190.232172,910.6625825,5490.663293,0.213124882,994.0396982,1242.549623,497.949743,3720,29.80006182,1747.063643,1183.213207,607.64247,0.264441775,0.345890328,1573.521188
320,398.7697181,25227.17652,78.77260992,29.43635013,3.957972594,15.75452198,23.63178297,0.602288146,0.028725275,0.017928039,0.010797236,20.96718496,4876768.906,5854464.473,3805401.908,2156907.964,0.3,0.2,0.3,0.35,2286151.775,20521.33915,3929.176614,2185.311504,1228.802009,995.7079224,1863.029434,188.3451619,892.2880264,5304.407337,0.210265597,985.8373766,1232.296721,498.596468,3720,29.01634947,1743.683341,1143.075887,600.1748678,0.263223517,0.345441677,1575.564839
310,398.7697181,25271.77174,81.45549382,29.93343335,4.01751874,16.29109876,24.43664815,0.583466642,0.027755458,0.017622505,0.010132953,21.02169001,4626093.414,5553533.51,3609796.781,2046038.661,0.3,0.2,0.4,0.35,2278853.054,20570.67907,4006.375741,2185.311504,1270.653271,997.4447322,1772.666016,191.3846263,921.9829049,5287.472597,0.209224452,981.092664,1226.36583,499.1109705,3720,28.98907647,1744.12159,1139.426527,599.4588794,0.263192326,0.345085583,1577.190667
290,398.7697181,24556.24163,84.60417519,30.50648992,4.086197385,16.92083504,25.38125256,0.545823633,0.026056724,0.017189072,0.008867652,20.94751601,4011287.6,4815471.308,3611603.481,1267229.292,0.3,0.2,0.4,0.25,2160652.553,19877.77869,3657.954943,2185.311504,1319.770673,969.1617955,1639.637316,194.8858847,956.8333546,5013.219761,0.204152567,958.462948,1198.078685,499.3607751,3720,28.30105267,1739.418774,1080.326276,585.0767726,0.261049022,0.344912954,1577.980049
320,398.7697181,25498.61065,79.61434297,29.59320484,3.976759551,15.92286859,23.88430289,0.602288146,0.028669333,0.017872097,0.010797236,21.00809734,4928880.136,5917022.973,4141916.081,1868533.57,0.1,0.2,0.4,0.3,2326947.607,20787.30645,3991.532505,2185.311504,1241.932502,1006.347904,1936.94204,189.3045076,901.6045536,5399.063218,0.211739506,991.3041918,1239.13024,499.541132,3720,29.4102148,1745.748169,1163.473803,603.9542499,0.263879842,0.344788425,1578.549977
310,398.7697181,25684.42799,82.77599648,30.17508842,4.046476169,16.5551993,24.83279894,0.583466642,0.027673462,0.017540509,0.010132953,21.08397695,4701088.584,5643563.726,4232672.795,1485148.349,0.3,0.15,0.4,0.25,2331008.363,20974.90923,4102.91985,2185.311504,1291.252262,1013.615013,1904.921228,192.8614458,936.5985824,5408.485124,0.210574482,989.5187648,1236.898456,500.7587356,3720,29.63070904,1747.316988,1165.504182,605.0356446,0.264177471,0.343950066,1582.397604
330,398.7697181,25434.22626,77.00913287,29.10499032,3.918293522,15.40182657,23.10273986,0.621109651,0.029669599,0.018186992,0.011482607,20.93421088,5184339.077,6223696.371,4356587.46,1965377.801,0.2,0.2,0.2,0.3,2323446.303,20716.4768,3912.159167,2185.311504,1201.292902,1003.836543,2031.610194,186.317777,872.7693896,5390.939373,0.211956099,997.7494623,1247.186828,500.7954792,3720,29.4229737,1745.665211,1161.723151,604.3253374,0.2639122,0.34392483,1582.513714
330,398.7697181,25723.92807,77.88000301,29.2690969,3.937943132,15.5760006,23.3640009,0.621109651,0.029609194,0.018126586,0.011482607,20.97691879,5242967.007,6294078.04,4720558.53,1656336.326,0.1,0.2,0.2,0.25,2367354.147,21001.14809,3977.962427,2185.311504,1214.877915,1015.188847,2111.991137,187.3219695,882.4084138,5492.815852,0.213529436,1002.779975,1253.474969,500.9533657,3720,29.84418352,1747.632648,1183.677074,608.3707331,0.264587463,0.343816434,1583.012636
300,398.7697181,25073.56989,82.89207678,30.19623891,4.049010905,16.57841536,24.86762303,0.564645137,0.026898927,0.017409169,0.009489758,20.99136258,4307343.397,5170880.428,3878160.321,1360758.007,0.2,0.2,0.4,0.25,2203256.29,20381.57441,3985.182345,2185.311504,1293.06304,982.2926505,1753.745914,192.9906773,937.8833903,5112.070405,0.203882831,971.9954784,1214.994348,501.9734818,3720,28.90597097,1743.589167,1101.628145,594.1670182,0.262538238,0.343117727,1586.236202
320,398.7697181,25322.99998,79.06981517,29.49182882,3.964617137,15.81396303,23.72094455,0.602288146,0.028705399,0.017908163,0.010797236,20.981703,4895168.72,5876553.085,4113587.16,1855753.606,0.2,0.2,0.3,0.3,2283826.221,20611.40635,3950.863459,2185.311504,1233.438219,999.4647642,1924.431547,188.6845031,895.5775739,5299.011507,0.209256862,991.593634,1239.492042,502.6542296,3720,29.22512835,1745.436759,1141.91311,601.2088312,0.26353655,0.34265304,1588.387366
330,398.7697181,24803.68862,75.11198135,28.74424803,3.875110173,15.02239627,22.53359441,0.621109651,0.029805609,0.018323001,0.011482607,20.83868359,5056620.761,6070373.063,3642223.838,2555946.553,0.3,0.2,0.4,0.4,2219922.749,20093.67642,3769.817769,2185.311504,1171.698559,979.1060781,1871.122342,184.1094636,851.7712079,5150.740492,0.207660263,990.012198,1237.515248,503.5945192,3720,28.52803562,1742.235522,1109.961375,595.3413916,0.262518106,0.342013254,1591.358681
320,398.7697181,25544.83034,79.75762608,29.61982253,3.979947895,15.95152522,23.92728782,0.602288146,0.028659918,0.017862682,0.010797236,21.01499891,4937750.715,5927671.926,4445753.945,1559913.665,0.1,0.2,0.3,0.25,2312322.784,20828.19239,4001.839609,2185.311504,1244.167627,1008.159084,1995.49001,189.467283,903.1904495,5365.130205,0.210028023,996.6379536,1245.797442,503.9882724,3720,29.56782065,1747.278157,1156.161392,604.2130351,0.264080728,0.341746047,1592.602941
310,398.7697181,25315.84006,81.59656541,29.95934277,4.020623171,16.31931308,24.47896962,0.583466642,0.027746583,0.017613631,0.010132953,21.02841394,4634105.278,5563151.594,3894206.116,1756784.714,0.2,0.2,0.4,0.3,2264984.792,20608.95081,4016.272221,2185.311504,1272.853897,999.1722308,1827.403286,191.5429909,923.5443231,5255.294982,0.2075892,986.889249,1233.611561,504.0503849,3720,29.13768155,1745.773062,1132.492396,599.7027063,0.263405175,0.341703935,1592.799216
330,398.7697181,25249.85649,76.45463833,29.00001761,3.905726014,15.29092767,22.9363915,0.621109651,0.029708714,0.018226107,0.011482607,20.90664867,5147009.898,6178883.431,4325218.402,1951226.347,0.3,0.2,0.1,0.3,2277971.627,20531.86087,3870.188511,2185.311504,1192.643144,996.6083838,2017.791201,185.6753029,866.6320954,5285.42748,0.20932505,997.9956214,1247.494527,504.0552432,3720,29.22801075,1745.335389,1138.985814,601.4352579,0.263550594,0.341700642,1592.814569
300,398.7697181,24780.3972,83.68280796,30.33992234,4.066231526,16.73656159,25.10484239,0.564645137,0.02685117,0.017361412,0.009489758,21.02869741,4348432.375,5220206.933,3654144.853,1648486.4,0.3,0.2,0.4,0.3,2221306.577,20081.19218,3643.482493,2185.311504,1305.397937,991.663228,1720.916517,193.8684916,946.6354151,5153.951298,0.207985016,979.2050161,1224.00627,505.2427864,3720,28.52025935,1742.533344,1110.653289,590.3640868,0.261992583,0.340897495,1596.567205
320,398.7697181,25149.99315,78.53317698,29.39157952,3.952610774,15.7066354,23.55995309,0.602288146,0.028741387,0.017944151,0.010797236,20.95543091,4861945.745,5836669.562,4085668.693,1843158.809,0.3,0.2,0.2,0.3,2241298.222,20438.10868,3910.916669,2185.311504,1225.067009,992.6813558,1912.098174,188.0712973,889.6379185,5200.336595,0.206772883,991.8844624,1239.855578,505.7281974,3720,29.0425177,1745.130678,1120.649111,598.500606,0.263198033,0.340570292,1598.101104
300,398.7697181,24944.11104,82.53726987,30.13154441,4.04125787,16.50745397,24.76118096,0.564645137,0.026920627,0.017430868,0.009489758,20.97444256,4288906.469,5148747.262,3861560.446,1354933.49,0.3,0.2,0.3,0.25,2166763.756,20249.74758,3959.603106,2185.311504,1287.528281,978.0880046,1746.651246,192.5953751,933.9562923,5027.399183,0.201546536,974.3634675,1217.954334,505.9545473,3720,28.76859507,1743.82114,1083.381878,592.1393497,0.262336576,0.340417931,1598.816369
310,398.7697181,25478.21917,82.11626642,30.05459916,4.032037247,16.42325328,24.63487993,0.583466642,0.027714128,0.017581175,0.010132953,21.05303979,4663620.603,5598584.157,4198938.118,1473311.62,0.1,0.2,0.4,0.25,2280033.732,20766.24604,4054.070985,2185.311504,1280.960898,1005.536254,1890.562791,192.1251686,929.2965132,5290.212046,0.207636649,991.9731365,1239.966421,506.4183484,3720,29.4114148,1747.503835,1140.016866,601.7953443,0.263834557,0.34010616,1600.281981
310,398.7697181,25152.30923,81.07300736,29.8630722,4.009088518,16.21460147,24.32190221,0.583466642,0.027779662,0.017646709,0.010132953,21.00337416,4604370.9,5527456.062,3869219.243,1745512.441,0.3,0.2,0.3,0.3,2224982.074,20445.10123,3977.887403,2185.311504,1264.686728,992.7609774,1816.335161,190.9545319,917.7494422,5162.479311,0.205248721,987.2079924,1234.009991,506.9580285,3720,28.9655396,1745.484291,1112.491037,597.1484925,0.263085898,0.339744102,1601.98737
320,398.7697181,25356.06186,79.17234538,29.51094372,3.966906559,15.83446908,23.75170361,0.602288146,0.028698573,0.017901337,0.010797236,20.98669303,4901516.309,5884173.24,4413129.93,1548466.642,0.2,0.2,0.2,0.25,2266172.108,20639.15298,3958.098397,2185.311504,1235.037625,1000.760804,1981.637051,188.8014149,896.7124057,5258.049831,0.207368552,996.9088834,1246.136104,507.2951108,3720,29.36818427,1746.932851,1133.086054,601.2655161,0.263710932,0.339518352,1603.05255
310,398.7697181,25300.66672,81.54799274,29.95042437,4.019554573,16.30959855,24.46439782,0.583466642,0.027749636,0.017616683,0.010132953,21.02610071,4631346.695,5559839.97,4169879.978,1463115.782,0.2,0.2,0.3,0.25,2236814.248,20588.38973,4012.288509,2185.311504,1272.096194,998.577432,1878.190384,191.4884802,923.0067078,5189.932725,0.205130275,992.2769909,1240.346239,509.5328545,3720,29.22408779,1747.179751,1118.407124,599.0277761,0.263487354,0.33802727,1610.12382
330,398.7697181,24789.0345,75.06786352,28.73580517,3.874099686,15.0135727,22.52035906,0.621109651,0.029808846,0.018326239,0.011482607,20.8364203,5053650.7,6066807.563,3943424.916,2235139.629,0.2,0.2,0.4,0.35,2189201.82,20072.26045,3766.008974,2185.311504,1171.01035,978.530977,1926.648939,184.0577654,851.2828999,5079.460745,0.204907567,996.7740487,1245.967561,510.4210686,3720,28.62385993,1744.014965,1094.60091,594.6173551,0.262636632,0.337439049,1612.930577
320,398.7697181,24607.92653,76.85064362,29.07502502,3.914705898,15.37012872,23.05519309,0.602288146,0.02885719,0.018059954,0.010797236,20.87133759,4757781.031,5711621.886,3712554.226,2104281.748,0.3,0.2,0.4,0.35,2131542.652,19897.23703,3786.693949,2185.311504,1198.820572,971.4132016,1820.167049,186.1343881,871.0151881,4945.677977,0.200979061,990.6895017,1238.361877,513.3187975,3720,28.35979691,1743.602472,1065.771326,590.3957069,0.262116201,0.335534177,1622.0874
330,398.7697181,24626.86527,74.57955839,28.64219165,3.862896079,14.91591168,22.37386752,0.621109651,0.029844914,0.018362306,0.011482607,20.81123962,5020777.465,6027343.895,3917773.532,2220600.382,0.3,0.2,0.3,0.35,2148883.758,19909.84758,3729.497318,2185.311504,1163.393104,972.1656425,1914.83399,183.4844965,845.8782078,4985.913402,0.202458305,997.0176899,1246.272112,513.3197735,3720,28.45214625,1743.729268,1074.441879,592.0609407,0.262317452,0.335533539,1622.090484
330,398.7697181,24722.95438,74.86890712,28.69769988,3.869539144,14.97378142,22.46067214,0.621109651,0.02982349,0.018340882,0.011482607,20.82618952,5040256.738,6050728.377,4235509.864,1910756.329,0.2,0.2,0.3,0.3,2146029.555,19999.97192,3750.66208,2185.311504,1167.906758,975.9374672,1978.244842,183.8244268,849.0807971,4979.290983,0.201403558,1002.982462,1253.728077,517.5524099,3720,28.66491482,1745.534928,1073.014778,593.091626,0.262635984,0.332789485,1635.465615
320,398.7697181,24652.10705,76.98783925,29.10096616,3.917811721,15.39756785,23.09635177,0.602288146,0.028847574,0.018050338,0.010797236,20.87829452,4766274.737,5721818.412,4005272.888,1806890.025,0.2,0.2,0.4,0.3,2117086.685,19935.43703,3796.328357,2185.311504,1200.960735,973.1474296,1876.558912,186.2931495,872.5337061,4912.136748,0.199258292,996.6700199,1245.837525,518.4264214,3720,28.51158007,1745.30216,1058.543342,590.6298432,0.262333376,0.332228438,1638.227492
330,398.7697181,24945.12613,75.53773112,28.825597,3.884846888,15.10754622,22.66131934,0.621109651,0.029774543,0.018291936,0.011482607,20.86042573,5085282.702,6104781.154,4578585.866,1606521.356,0.1,0.2,0.3,0.25,2174240.918,20216.86754,3800.372241,2185.311504,1178.339982,984.6559697,2051.844273,184.6075539,856.4835205,5044.74795,0.202233812,1008.258586,1260.323233,519.0466249,3720,29.01276568,1747.428103,1087.120459,596.1066536,0.263187192,0.331831461,1640.187335
330,398.7697181,24549.41446,74.34629726,28.59736474,3.857531594,14.86925945,22.30388918,0.621109651,0.029862296,0.018379688,0.011482607,20.79912593,5005074.07,6008492.281,4205944.597,1897418.615,0.3,0.2,0.2,0.3,2103051.715,19826.2112,3711.645005,2185.311504,1159.75438,969.1249519,1965.20261,183.209957,843.296411,4879.572332,0.198765324,1003.203268,1254.004084,520.6160702,3720,28.48031798,1745.218144,1051.525857,590.3572034,0.262293323,0.330831125,1645.146782
320,398.7697181,24488.75402,76.48051719,29.00492526,3.906313537,15.29610344,22.94415516,0.602288146,0.028883288,0.018086052,0.010797236,20.85247887,4734866.708,5684113.694,3978879.586,1794983.272,0.3,0.2,0.3,0.3,2076772.713,19771.81766,3759.051928,2185.311504,1193.046837,966.734601,1864.884015,185.7053419,866.9185295,4818.598896,0.196767826,996.9363601,1246.17045,521.3260928,3720,28.33819082,1745.007876,1038.386357,588.0602176,0.262011749,0.330380548,1647.390453
310,398.7697181,24523.62854,79.05871464,29.48975858,3.964369184,15.81174293,23.71761439,0.583466642,0.027910642,0.017777689,0.010132953,20.90480884,4489973.382,5390124.108,3773086.876,1702144.455,0.3,0.2,0.4,0.3,2069368.929,19811.55632,3831.058152,2185.311504,1233.265058,968.0948834,1773.719244,188.6718408,895.4547103,4801.420384,0.195787519,992.072218,1240.090273,521.6883849,3720,28.29791873,1745.34066,1034.684465,587.2472997,0.261957829,0.330151111,1648.535296
330,398.7697181,24755.6864,74.96745908,28.71658145,3.871798918,14.99349182,22.49023772,0.621109651,0.029816227,0.01833362,0.011482607,20.83126223,5046891.364,6058693.114,4544019.835,1594392.925,0.2,0.2,0.2,0.25,2127590.324,20027.236,3757.62276,2185.311504,1169.444105,977.222148,2037.187101,183.9400502,850.1715966,4936.50765,0.19940904,1008.450399,1260.562999,522.3410782,3720,28.81084122,1747.070275,1063.795162,593.1295007,0.262812662,0.32973857,1650.597807
320,398.7697181,24636.72285,76.94006616,29.09193579,3.916730543,15.38801323,23.08201985,0.602288146,0.028850919,0.018053683,0.010797236,20.87587408,4763317.131,5718267.865,4288700.899,1504807.333,0.2,0.2,0.3,0.25,2088131.13,19914.52907,3792.39651,2185.311504,1200.215506,972.5435515,1928.756288,186.2378837,872.0049407,4844.953081,0.196655745,1002.193778,1252.742222,524.0520165,3720,28.6003126,1746.746382,1044.065565,589.9339343,0.262417415,0.328662031,1656.004372
310,398.7697181,24619.94631,79.36746848,29.54728673,3.971259527,15.8734937,23.81024054,0.583466642,0.027890172,0.01775722,0.010132953,20.92015183,4507508.407,5411174.558,4058380.919,1423993.305,0.2,0.2,0.4,0.25,2069116.424,19902.58538,3852.982934,2185.311504,1238.081419,971.8757378,1830.677417,189.0236891,898.8720806,4800.834512,0.194997765,997.3609365,1246.701171,525.3005114,3720,28.49941024,1746.977632,1034.558212,588.3266451,0.262262881,0.327880892,1659.949616
320,398.7697181,24462.04022,76.39753786,28.9891862,3.904429331,15.27950757,22.91926136,0.602288146,0.02888917,0.018091934,0.010797236,20.84823271,4729729.503,5677946.582,4258459.937,1494196.469,0.3,0.2,0.2,0.25,2045192.515,19739.59912,3752.554045,2185.311504,1191.752413,965.6856971,1915.893267,185.6090046,866.000092,4745.325443,0.193987313,1002.441099,1253.051373,527.116472,3720,28.41416793,1746.421542,1022.596258,587.1882358,0.262072582,0.326751314,1665.688052
330,398.7697181,23996.50177,72.65283367,28.26979254,3.818338078,14.53056673,21.7958501,0.621109651,0.029991547,0.018508939,0.011482607,20.70949036,4891068.249,5871630.551,3816559.858,2163232.308,0.3,0.2,0.4,0.35,1992226.077,19275.50729,3586.34994,2185.311504,1133.337438,947.0497097,1868.176806,181.2031859,824.5527019,4622.430905,0.192629365,1000.994479,1251.243098,527.6992058,3720,27.77880609,1743.463846,996.1130383,582.0395755,0.26116221,0.326390486,1667.52949
310,398.7697181,24454.98372,78.8386351,29.44868395,3.959449755,15.76772702,23.65159053,0.583466642,0.027925322,0.01779237,0.010132953,20.89381932,4477474.428,5375119.361,4031339.521,1414505.095,0.3,0.2,0.3,0.25,2028749.888,19737.34195,3814.739018,2185.311504,1229.831959,965.399893,1819.144874,188.4206054,893.0188109,4707.174698,0.192483248,997.6417772,1247.052221,528.1995687,3720,28.32411072,1746.672192,1014.374944,585.7391845,0.261937998,0.326081296,1669.110637
300,398.7697181,24549.2136,81.77797005,29.99262694,4.024611333,16.35559401,24.53339101,0.564645137,0.026967639,0.017477881,0.009489758,20.93787783,4249450.768,5101381.474,3826036.105,1342468.809,0.3,0.2,0.4,0.25,2031859.825,19834.83354,3903.876448,2185.311504,1275.683692,969.0899106,1731.463396,191.7464227,925.5521583,4714.390481,0.19203835,994.3800545,1242.975068,529.0094455,3720,28.34172634,1747.524899,1015.929913,585.8534334,0.26204659,0.325582088,1671.669848
320,398.7697181,23852.23908,74.47522902,28.62215085,3.860497745,14.8950458,22.34256871,0.602288146,0.029028798,0.018231562,0.010797236,20.74795307,4610720.421,5535078.537,3874554.976,1747919.538,0.3,0.2,0.4,0.3,1919689.485,19131.24472,3612.667975,2185.311504,1161.765633,941.3866789,1818.698961,183.3617603,844.7234623,4454.129031,0.186738403,1000.994361,1251.242952,535.7179397,3720,27.65664302,1744.700802,959.8447425,577.9635162,0.260843369,0.321505007,1692.868689
330,398.7697181,23877.8801,72.29628895,28.20034004,3.810029896,14.45925779,21.68888669,0.621109651,0.030019466,0.018536858,0.011482607,20.69023013,4867065.268,5842815.448,4089970.814,1845099.615,0.3,0.2,0.3,0.3,1936567.955,19150.4817,3559.645063,2185.311504,1127.77557,942.4019532,1913.998965,180.7775752,820.6063693,4493.291032,0.188177971,1007.398393,1259.247992,535.8816365,3720,27.75945697,1744.917956,968.2839773,579.6834647,0.261060912,0.321406796,1693.385971
330,398.7697181,24025.12865,72.73886173,28.28652469,3.820339734,14.54777235,21.82165852,0.621109651,0.029984848,0.018502241,0.011482607,20.71411695,4896859.752,5878583.136,4408937.352,1546995.562,0.2,0.2,0.3,0.25,1947418.874,19292.31258,3591.817971,2185.311504,1134.679421,948.1711329,1979.856427,181.305715,825.5048836,4518.467704,0.188072571,1012.816067,1266.020084,538.7441476,3720,28.02478611,1746.693099,973.7094368,581.5454911,0.261469379,0.319699064,1702.431506
320,398.7697181,23784.07229,74.26389866,28.581513,3.855634657,14.85277973,22.2791696,0.602288146,0.029044552,0.018247316,0.010797236,20.7366998,4597637.075,5519372.239,4139529.179,1452466.379,0.3,0.2,0.3,0.25,1878347.15,19057.37009,3596.958739,2185.311504,1158.469015,938.715351,1865.263161,183.1128696,842.3844013,4358.205134,0.183240493,1006.702193,1258.377742,542.3749391,3720,27.68514874,1746.073639,939.1735748,576.4399112,0.260826437,0.31755892,1713.904808
310,398.7697181,23810.07829,76.7418694,29.05444137,3.912241561,15.34837388,23.02256082,0.583466642,0.028069033,0.01793608,0.010132953,20.7868452,4358393.031,5232164.502,3924123.377,1376885.395,0.3,0.2,0.4,0.25,1870960.309,19088.3704,3664.115471,2185.311504,1197.123764,939.723905,1773.382511,186.0084104,869.8112458,4341.065934,0.182320523,1001.707899,1252.134873,542.5715479,3720,27.63284528,1746.302372,935.4801544,575.5403615,0.260751102,0.317443848,1714.526091
